분류업종,세부업종,성별,전공,경력,경력연관성,경력직종,매출액
1,1,1,,1,1,4,2300
1,1,1,,1,1,5,230
1,1,1,,1,1,5,350
1,1,1,,1,3,4,100
1,1,1,,1,5,5,100
1,1,1,,10,,,100
1,1,1,,10,,,20
1,1,1,,11,,,100
1,1,1,,11,,,210
1,1,1,,11,,,50
1,1,1,,11,,,50
1,1,1,,11,,,80
1,1,1,,4,4,5,300
1,1,1,,4,5,1,1400
1,1,1,1,1,5,5,193
1,1,1,1,2,1,1,40
1,1,1,1,2,1,4,15
1,1,1,2,1,1,5,180
1,1,1,2,1,2,5,100
1,1,1,2,1,2,5,96
1,1,1,2,1,4,1,350
1,1,1,2,1,5,2,200
1,1,1,2,11,,,50
1,1,1,2,2,4,2,100
1,1,1,2,2,4,2,80
1,1,1,2,4,2,1,15
1,1,1,2,4,4,1,500
1,1,1,2,4,5,1,0
1,1,1,2,7,,,240
1,1,1,3,4,4,1,120
1,1,1,4,1,3,3,50
1,1,1,4,4,2,1,30
1,1,1,4,4,4,1,5
1,1,1,4,4,4,2,0
1,1,1,6,1,4,2,30
1,1,1,6,11,,,200
1,1,2,,11,,,194
1,1,2,,2,1,5,0
1,1,2,,8,,,0
1,1,2,1,2,5,2,0
1,2,1,,1,3,5,20
1,2,1,,1,4,4,280
1,2,1,,1,4,5,450
1,2,1,,1,5,4,280
1,2,1,,1,5,4,60
1,2,1,,1,5,5,400
1,2,1,,1,5,5,460
1,2,1,,11,,,60
1,2,1,,4,5,1,20
1,2,1,1,1,4,5,367
1,2,1,1,3,5,1,500
1,2,1,1,4,1,1,600
1,2,1,2,1,4,5,240
1,2,1,2,2,5,5,200
1,2,1,2,4,1,1,50
1,2,1,2,4,5,1,100
1,2,1,2,7,,,40
1,2,1,4,1,5,2,250
1,2,1,6,4,5,1,400
1,2,2,,1,3,5,212
1,2,2,,8,,,400
1,2,2,2,1,4,5,150
1,3,1,,1,5,4,0
1,3,1,,1,5,4,100
1,3,1,,1,5,4,650
1,3,1,1,1,4,5,400
1,3,1,1,1,5,5,0
1,3,1,1,2,4,5,160
1,3,1,2,1,5,2,50
1,3,1,4,1,4,5,500
10,95,1,,1,1,2,25
10,95,1,,1,1,3,12
10,95,1,,1,1,3,50
10,95,1,,1,1,4,20
10,95,1,,1,1,4,25
10,95,1,,1,1,4,40
10,95,1,,1,1,5,75
10,95,1,,1,2,3,30
10,95,1,,1,2,3,50
10,95,1,,1,2,4,150
10,95,1,,1,2,4,30
10,95,1,,1,2,4,50
10,95,1,,1,2,4,50
10,95,1,,1,2,5,0
10,95,1,,1,3,4,25
10,95,1,,1,3,5,96
10,95,1,,1,4,2,35
10,95,1,,1,4,3,160
10,95,1,,1,4,3,18
10,95,1,,1,4,3,230
10,95,1,,1,4,3,60
10,95,1,,1,4,4,10
10,95,1,,1,4,4,10
10,95,1,,1,4,4,11
10,95,1,,1,4,4,110
10,95,1,,1,4,4,120
10,95,1,,1,4,4,15
10,95,1,,1,4,4,150
10,95,1,,1,4,4,150
10,95,1,,1,4,4,20
10,95,1,,1,4,4,20
10,95,1,,1,4,4,20
10,95,1,,1,4,4,20
10,95,1,,1,4,4,200
10,95,1,,1,4,4,25
10,95,1,,1,4,4,25
10,95,1,,1,4,4,30
10,95,1,,1,4,4,30
10,95,1,,1,4,4,35
10,95,1,,1,4,4,40
10,95,1,,1,4,4,45
10,95,1,,1,4,4,5
10,95,1,,1,4,4,5
10,95,1,,1,4,4,50
10,95,1,,1,4,4,50
10,95,1,,1,4,4,50
10,95,1,,1,4,4,50
10,95,1,,1,4,4,50
10,95,1,,1,4,4,6
10,95,1,,1,4,4,7
10,95,1,,1,4,4,70
10,95,1,,1,4,4,9
10,95,1,,1,4,5,10
10,95,1,,1,4,5,1400
10,95,1,,1,4,5,50
10,95,1,,1,5,2,20
10,95,1,,1,5,2,60
10,95,1,,1,5,3,100
10,95,1,,1,5,3,18
10,95,1,,1,5,3,20
10,95,1,,1,5,3,20
10,95,1,,1,5,3,60
10,95,1,,1,5,3,62
10,95,1,,1,5,4,10
10,95,1,,1,5,4,10
10,95,1,,1,5,4,10
10,95,1,,1,5,4,10
10,95,1,,1,5,4,100
10,95,1,,1,5,4,100
10,95,1,,1,5,4,100
10,95,1,,1,5,4,100
10,95,1,,1,5,4,100
10,95,1,,1,5,4,100
10,95,1,,1,5,4,12
10,95,1,,1,5,4,12
10,95,1,,1,5,4,120
10,95,1,,1,5,4,13
10,95,1,,1,5,4,130
10,95,1,,1,5,4,15
10,95,1,,1,5,4,15
10,95,1,,1,5,4,15
10,95,1,,1,5,4,15
10,95,1,,1,5,4,150
10,95,1,,1,5,4,150
10,95,1,,1,5,4,150
10,95,1,,1,5,4,150
10,95,1,,1,5,4,150
10,95,1,,1,5,4,16
10,95,1,,1,5,4,16
10,95,1,,1,5,4,17
10,95,1,,1,5,4,17
10,95,1,,1,5,4,19
10,95,1,,1,5,4,20
10,95,1,,1,5,4,20
10,95,1,,1,5,4,20
10,95,1,,1,5,4,200
10,95,1,,1,5,4,200
10,95,1,,1,5,4,200
10,95,1,,1,5,4,200
10,95,1,,1,5,4,24
10,95,1,,1,5,4,30
10,95,1,,1,5,4,30
10,95,1,,1,5,4,30
10,95,1,,1,5,4,30
10,95,1,,1,5,4,30
10,95,1,,1,5,4,36
10,95,1,,1,5,4,36
10,95,1,,1,5,4,40
10,95,1,,1,5,4,40
10,95,1,,1,5,4,40
10,95,1,,1,5,4,40
10,95,1,,1,5,4,40
10,95,1,,1,5,4,40
10,95,1,,1,5,4,40
10,95,1,,1,5,4,48
10,95,1,,1,5,4,5
10,95,1,,1,5,4,50
10,95,1,,1,5,4,50
10,95,1,,1,5,4,50
10,95,1,,1,5,4,50
10,95,1,,1,5,4,50
10,95,1,,1,5,4,50
10,95,1,,1,5,4,50
10,95,1,,1,5,4,50
10,95,1,,1,5,4,50
10,95,1,,1,5,4,50
10,95,1,,1,5,4,6
10,95,1,,1,5,4,60
10,95,1,,1,5,4,60
10,95,1,,1,5,4,60
10,95,1,,1,5,4,60
10,95,1,,1,5,4,60
10,95,1,,1,5,4,60
10,95,1,,1,5,4,60
10,95,1,,1,5,4,70
10,95,1,,1,5,4,70
10,95,1,,1,5,4,70
10,95,1,,1,5,4,70
10,95,1,,1,5,4,8
10,95,1,,1,5,4,8
10,95,1,,1,5,4,8.4
10,95,1,,1,5,4,80
10,95,1,,1,5,4,84
10,95,1,,1,5,4,85
10,95,1,,1,5,4,90
10,95,1,,1,5,4,90
10,95,1,,1,5,5,15
10,95,1,,1,5,5,70
10,95,1,,10,,,10
10,95,1,,10,,,12
10,95,1,,10,,,18
10,95,1,,10,,,3
10,95,1,,10,,,33
10,95,1,,10,,,96
10,95,1,,11,,,10
10,95,1,,11,,,10
10,95,1,,11,,,100
10,95,1,,11,,,12
10,95,1,,11,,,13
10,95,1,,11,,,150
10,95,1,,11,,,18
10,95,1,,11,,,5
10,95,1,,11,,,5
10,95,1,,11,,,9
10,95,1,,2,5,2,100
10,95,1,,2,5,4,100
10,95,1,,2,5,4,300
10,95,1,,2,5,4,60
10,95,1,,3,1,5,15
10,95,1,,4,1,1,150
10,95,1,,4,1,1,25
10,95,1,,4,1,1,30
10,95,1,,4,2,1,80
10,95,1,,4,3,1,120
10,95,1,,4,4,1,110
10,95,1,,4,4,1,12
10,95,1,,4,4,1,15
10,95,1,,4,4,1,20
10,95,1,,4,4,1,200
10,95,1,,4,4,1,30
10,95,1,,4,4,1,42
10,95,1,,4,4,1,7
10,95,1,,4,4,1,8
10,95,1,,4,4,1,80
10,95,1,,4,4,4,30
10,95,1,,4,4,4,60
10,95,1,,4,4,5,20
10,95,1,,4,5,1,10
10,95,1,,4,5,1,100
10,95,1,,4,5,1,12
10,95,1,,4,5,1,15
10,95,1,,4,5,1,15
10,95,1,,4,5,1,150
10,95,1,,4,5,1,150
10,95,1,,4,5,1,17
10,95,1,,4,5,1,2
10,95,1,,4,5,1,20
10,95,1,,4,5,1,200
10,95,1,,4,5,1,25
10,95,1,,4,5,1,300
10,95,1,,4,5,1,36
10,95,1,,4,5,1,36
10,95,1,,4,5,1,48
10,95,1,,4,5,1,50
10,95,1,,4,5,1,50
10,95,1,,4,5,1,50
10,95,1,,4,5,1,6
10,95,1,,4,5,1,7
10,95,1,,4,5,1,70
10,95,1,,4,5,4,20
10,95,1,,4,5,4,50
10,95,1,,4,5,4,50
10,95,1,,4,5,4,70
10,95,1,,5,1,,30
10,95,1,,5,2,,20
10,95,1,,5,4,,100
10,95,1,,5,5,,15
10,95,1,,5,5,,50
10,95,1,,9,,,130
10,95,1,,9,,,2.4
10,95,1,1,1,1,2,90
10,95,1,1,1,1,5,15
10,95,1,1,1,2,4,45
10,95,1,1,1,4,2,100
10,95,1,1,1,4,2,80
10,95,1,1,1,4,2,90
10,95,1,1,1,4,4,32
10,95,1,1,1,4,4,80
10,95,1,1,1,4,5,12
10,95,1,1,1,4,5,50
10,95,1,1,1,5,2,15
10,95,1,1,1,5,2,20
10,95,1,1,1,5,2,65
10,95,1,1,1,5,2,80
10,95,1,1,1,5,4,100
10,95,1,1,1,5,4,150
10,95,1,1,1,5,4,180
10,95,1,1,1,5,4,20
10,95,1,1,1,5,4,300
10,95,1,1,1,5,5,100
10,95,1,1,10,,,30
10,95,1,1,10,,,35
10,95,1,1,2,2,3,180
10,95,1,1,2,4,4,150
10,95,1,1,2,5,2,45
10,95,1,1,2,5,4,60
10,95,1,1,2,5,4,70
10,95,1,1,4,4,1,100
10,95,1,1,4,5,1,100
10,95,1,1,4,5,1,30
10,95,1,1,4,5,1,5
10,95,1,1,7,,,85
10,95,1,2,7,,,80
10,95,1,3,1,5,2,60
10,95,1,4,1,1,5,5
10,95,1,4,1,2,5,30
10,95,1,4,1,3,4,150
10,95,1,4,1,5,4,100
10,95,1,4,1,5,4,60
10,95,1,4,2,5,4,50
10,95,1,5,4,2,1,48
10,95,1,6,1,1,3,90
10,95,1,6,1,1,5,40
10,95,1,6,1,5,4,24
10,95,2,,1,1,3,10
10,95,2,,1,2,4,15
10,95,2,,1,2,5,15
10,95,2,,1,4,4,18
10,95,2,,1,4,4,35
10,95,2,,1,4,4,40
10,95,2,,1,4,4,5
10,95,2,,1,4,4,50
10,95,2,,1,4,4,8
10,95,2,,1,5,4,15
10,95,2,,1,5,4,15
10,95,2,,1,5,4,20
10,95,2,,1,5,4,30
10,95,2,,1,5,4,36
10,95,2,,1,5,4,50
10,95,2,,1,5,4,8
10,95,2,,11,,,6
10,95,2,,4,5,1,10
10,95,2,,4,5,1,12
10,95,2,,4,5,1,14
10,95,2,,4,5,1,14
10,95,2,,4,5,1,15
10,95,2,,4,5,1,18
10,95,2,,4,5,1,35
10,95,2,,4,5,1,35
10,95,2,,4,5,4,20
10,95,2,,4,5,4,24
10,95,2,,4,5,4,3
10,95,2,,5,4,,15
10,95,2,,5,5,,15
10,95,2,,8,,,1
10,95,2,,8,,,10
10,95,2,,8,,,10
10,95,2,,8,,,10
10,95,2,,8,,,10
10,95,2,,8,,,12
10,95,2,,8,,,12
10,95,2,,8,,,12
10,95,2,,8,,,12
10,95,2,,8,,,12
10,95,2,,8,,,13
10,95,2,,8,,,13
10,95,2,,8,,,150
10,95,2,,8,,,18
10,95,2,,8,,,18
10,95,2,,8,,,18
10,95,2,,8,,,23
10,95,2,,8,,,25
10,95,2,,8,,,3
10,95,2,,8,,,30
10,95,2,,8,,,30
10,95,2,,8,,,36
10,95,2,,8,,,45
10,95,2,,8,,,45
10,95,2,,8,,,5
10,95,2,,8,,,6
10,95,2,,8,,,7
10,95,2,,8,,,8
10,95,2,,8,,,9
10,95,2,1,1,2,5,150
10,95,2,1,4,5,1,100
10,95,2,1,5,5,,36
10,95,2,2,11,,,12
10,95,2,4,4,1,1,40
2,10,1,,1,1,1,3
2,10,1,,1,1,4,10
2,10,1,,1,1,4,10
2,10,1,,1,1,4,25
2,10,1,,1,1,4,7
2,10,1,,1,1,4,9
2,10,1,,1,2,3,18
2,10,1,,1,2,3,5
2,10,1,,1,2,3,80
2,10,1,,1,2,5,15
2,10,1,,1,2,5,25
2,10,1,,1,3,4,50
2,10,1,,1,3,4,50
2,10,1,,1,4,3,15
2,10,1,,1,4,3,15
2,10,1,,1,4,3,320
2,10,1,,1,4,4,10
2,10,1,,1,4,4,10
2,10,1,,1,4,4,20
2,10,1,,1,4,4,20
2,10,1,,1,4,4,20
2,10,1,,1,4,4,5
2,10,1,,1,5,3,90
2,10,1,,1,5,4,5
2,10,1,,1,5,4,5
2,10,1,,1,5,5,60
2,10,1,,10,,,0
2,10,1,,10,,,10
2,10,1,,10,,,20
2,10,1,,10,,,20
2,10,1,,10,,,20
2,10,1,,10,,,24
2,10,1,,10,,,30
2,10,1,,10,,,30
2,10,1,,10,,,5
2,10,1,,10,,,5
2,10,1,,10,,,5
2,10,1,,11,,,16
2,10,1,,11,,,17
2,10,1,,11,,,20
2,10,1,,11,,,20
2,10,1,,11,,,20
2,10,1,,11,,,20
2,10,1,,11,,,20
2,10,1,,11,,,24
2,10,1,,11,,,25
2,10,1,,11,,,3
2,10,1,,11,,,30
2,10,1,,11,,,300
2,10,1,,11,,,38
2,10,1,,11,,,6
2,10,1,,11,,,9.6
2,10,1,,2,1,1,6
2,10,1,,2,1,1,80
2,10,1,,2,1,4,12
2,10,1,,2,1,5,12
2,10,1,,2,1,5,29
2,10,1,,3,1,4,20
2,10,1,,4,1,1,10
2,10,1,,4,1,1,15
2,10,1,,4,1,1,18
2,10,1,,4,1,1,24
2,10,1,,4,1,1,30
2,10,1,,4,1,1,50
2,10,1,,4,1,1,60
2,10,1,,4,1,1,7.2
2,10,1,,4,1,1,8
2,10,1,,4,2,1,15
2,10,1,,4,2,1,25
2,10,1,,4,4,1,10
2,10,1,,4,4,1,75
2,10,1,,4,5,1,200
2,10,1,,4,5,1,6
2,10,1,,5,1,,13
2,10,1,,5,3,,200
2,10,1,,9,,,0
2,10,1,,9,,,5
2,10,1,1,1,3,4,60
2,10,1,1,1,4,4,20
2,10,1,1,2,1,1,23
2,10,1,1,2,3,1,68
2,10,1,2,1,2,2,35
2,10,1,2,1,2,4,27
2,10,1,2,1,4,1,15
2,10,1,2,10,,,10
2,10,1,2,11,,,150
2,10,1,3,1,5,1,260
2,10,1,3,1,5,2,100
2,10,1,3,10,,,137
2,10,1,3,4,1,1,10
2,10,1,4,1,2,5,110
2,10,1,4,1,4,5,100
2,10,1,4,11,,,9
2,10,1,4,2,1,1,200
2,10,1,4,2,1,5,5
2,10,1,4,3,1,1,10
2,10,1,4,4,3,1,900
2,10,1,4,6,1,3,15
2,10,1,5,1,5,2,80
2,10,1,5,1,5,4,25
2,10,1,5,4,2,1,12
2,10,1,6,1,3,5,5
2,10,2,,1,1,4,40
2,10,2,,1,1,4,45
2,10,2,,1,1,4,60
2,10,2,,1,1,5,20
2,10,2,,1,2,4,15
2,10,2,,1,2,4,15
2,10,2,,1,2,5,40
2,10,2,,1,4,4,13
2,10,2,,1,4,4,5
2,10,2,,1,4,5,30
2,10,2,,1,5,3,20
2,10,2,,1,5,4,35
2,10,2,,1,5,4,50
2,10,2,,11,,,0
2,10,2,,11,,,10
2,10,2,,11,,,10
2,10,2,,11,,,10
2,10,2,,11,,,12
2,10,2,,11,,,12
2,10,2,,11,,,20
2,10,2,,11,,,80
2,10,2,,2,2,4,6
2,10,2,,3,4,4,30
2,10,2,,4,1,1,20
2,10,2,,4,1,1,35
2,10,2,,4,1,1,85
2,10,2,,4,1,1,9
2,10,2,,4,2,1,8
2,10,2,,4,5,1,0
2,10,2,,4,5,1,30
2,10,2,,8,,,0
2,10,2,,8,,,0
2,10,2,,8,,,0.5
2,10,2,,8,,,1
2,10,2,,8,,,10
2,10,2,,8,,,10
2,10,2,,8,,,10
2,10,2,,8,,,10
2,10,2,,8,,,10
2,10,2,,8,,,10
2,10,2,,8,,,10
2,10,2,,8,,,12
2,10,2,,8,,,15
2,10,2,,8,,,15
2,10,2,,8,,,15
2,10,2,,8,,,15
2,10,2,,8,,,15
2,10,2,,8,,,15
2,10,2,,8,,,2
2,10,2,,8,,,20
2,10,2,,8,,,20
2,10,2,,8,,,24
2,10,2,,8,,,24
2,10,2,,8,,,25
2,10,2,,8,,,28
2,10,2,,8,,,28
2,10,2,,8,,,3
2,10,2,,8,,,30
2,10,2,,8,,,30
2,10,2,,8,,,30
2,10,2,,8,,,30
2,10,2,,8,,,35
2,10,2,,8,,,36
2,10,2,,8,,,5
2,10,2,,8,,,5
2,10,2,,8,,,50
2,10,2,,8,,,60
2,10,2,,8,,,7
2,10,2,,8,,,9
2,10,2,,9,,,30
2,10,2,2,2,5,2,200
2,10,2,2,3,1,5,0
2,10,2,3,1,4,3,50
2,10,2,4,1,1,5,250
2,10,2,4,1,1,5,65
2,10,2,4,1,3,5,100
2,10,2,4,1,5,2,50
2,10,2,4,11,,,10
2,10,2,4,3,2,5,50
2,10,2,4,8,,,3
2,10,2,5,3,1,5,600
2,10,2,5,8,,,18
2,10,2,6,11,,,50
2,11,1,,1,3,3,78
2,11,1,,1,3,5,5
2,11,1,,1,3,5,50
2,11,1,,1,4,5,50
2,11,1,,1,4,5,6
2,11,1,,1,4,5,60
2,11,1,,1,5,3,72
2,11,1,,1,5,4,17
2,11,1,,1,5,4,37
2,11,1,,1,5,4,60
2,11,1,,10,,,15
2,11,1,,10,,,18
2,11,1,,10,,,20
2,11,1,,10,,,26
2,11,1,,11,,,5
2,11,1,,11,,,90
2,11,1,,2,2,5,240
2,11,1,,4,1,1,300
2,11,1,,4,1,1,35
2,11,1,,4,1,1,5
2,11,1,,4,2,1,50
2,11,1,,4,4,1,170
2,11,1,,4,5,1,40
2,11,1,,4,5,4,50
2,11,1,,9,,,28
2,11,1,1,1,1,5,100
2,11,1,1,1,1,5,5
2,11,1,1,1,2,2,28
2,11,1,1,1,4,5,70
2,11,1,1,1,5,3,60
2,11,1,1,1,5,5,70
2,11,1,1,10,,,480
2,11,1,1,11,,,160
2,11,1,1,2,4,2,0
2,11,1,1,4,2,1,150
2,11,1,2,1,4,2,120
2,11,1,2,1,5,5,250
2,11,1,3,1,3,3,357
2,11,1,3,1,4,4,250
2,11,1,3,1,4,5,250
2,11,1,3,4,1,1,50
2,11,1,4,1,2,5,300
2,11,1,4,1,4,1,10
2,11,1,4,10,,,20
2,11,1,4,11,,,200
2,11,1,4,3,2,5,30
2,11,1,4,4,2,1,15
2,11,1,4,4,2,1,150
2,11,1,4,4,3,1,15
2,11,1,4,4,4,1,80
2,11,1,5,11,,,30
2,11,2,,1,2,4,11
2,11,2,,1,4,4,60
2,11,2,,4,2,1,10
2,11,2,,4,4,1,10
2,11,2,,8,,,15
2,11,2,,8,,,25
2,11,2,,8,,,36
2,11,2,2,1,4,5,17
2,11,2,4,8,,,0
2,11,2,4,8,,,3
2,13,1,,1,1,3,120
2,13,1,,1,1,4,50
2,13,1,,1,1,5,5
2,13,1,,1,2,5,80
2,13,1,,1,3,4,14
2,13,1,,1,4,4,15
2,13,1,,1,4,4,1500
2,13,1,,1,4,4,200
2,13,1,,1,4,4,30
2,13,1,,1,4,4,400
2,13,1,,1,4,4,50
2,13,1,,1,4,4,65
2,13,1,,1,4,4,80
2,13,1,,1,4,4,80
2,13,1,,1,5,3,350
2,13,1,,1,5,3,650
2,13,1,,1,5,4,1000
2,13,1,,1,5,4,2400
2,13,1,,1,5,4,25
2,13,1,,1,5,4,25
2,13,1,,1,5,4,30
2,13,1,,1,5,4,40
2,13,1,,1,5,4,400
2,13,1,,1,5,4,42
2,13,1,,1,5,4,50
2,13,1,,1,5,4,60
2,13,1,,1,5,4,80
2,13,1,,1,5,4,80
2,13,1,,10,,,110
2,13,1,,10,,,9
2,13,1,,11,,,15
2,13,1,,11,,,5
2,13,1,,3,2,5,24
2,13,1,,4,2,1,200
2,13,1,,4,2,5,0
2,13,1,,4,4,1,15
2,13,1,,4,4,1,200
2,13,1,,4,4,1,48
2,13,1,,4,4,1,51
2,13,1,,4,5,1,150
2,13,1,,4,5,1,700
2,13,1,,9,,,12
2,13,1,,9,,,20
2,13,1,1,1,1,3,50
2,13,1,1,1,1,5,55
2,13,1,1,1,4,2,70
2,13,1,1,1,4,4,5
2,13,1,1,1,4,5,100
2,13,1,1,4,4,1,200
2,13,1,2,1,4,4,550
2,13,1,3,1,1,5,60
2,13,1,3,1,5,4,40
2,13,1,3,4,2,1,15
2,13,1,3,4,5,3,200
2,13,1,4,1,4,3,370
2,13,1,4,4,4,1,120
2,13,1,5,1,3,5,60
2,13,2,,1,1,3,30
2,13,2,,1,1,4,17
2,13,2,,1,2,5,150
2,13,2,,1,4,3,10
2,13,2,,1,4,4,0
2,13,2,,1,4,4,20
2,13,2,,1,4,4,3
2,13,2,,1,4,4,45
2,13,2,,1,4,4,55
2,13,2,,1,4,5,100
2,13,2,,1,5,4,10
2,13,2,,1,5,4,15
2,13,2,,1,5,4,20
2,13,2,,1,5,4,20
2,13,2,,1,5,4,24
2,13,2,,1,5,4,30
2,13,2,,1,5,4,40
2,13,2,,1,5,5,26
2,13,2,,11,,,10
2,13,2,,4,1,1,20
2,13,2,,4,2,1,5
2,13,2,,4,2,3,50
2,13,2,,5,4,,5
2,13,2,,5,5,,20
2,13,2,,8,,,1.2
2,13,2,,8,,,10
2,13,2,,8,,,10
2,13,2,,8,,,12
2,13,2,,8,,,12
2,13,2,,8,,,12
2,13,2,,8,,,13
2,13,2,,8,,,18
2,13,2,,8,,,18
2,13,2,,8,,,20
2,13,2,,8,,,20
2,13,2,,8,,,20
2,13,2,,8,,,20
2,13,2,,8,,,200
2,13,2,,8,,,24
2,13,2,,8,,,30
2,13,2,,8,,,35
2,13,2,,8,,,35
2,13,2,,8,,,4
2,13,2,,8,,,5
2,13,2,,8,,,5
2,13,2,,8,,,5
2,13,2,,8,,,50
2,13,2,,8,,,80
2,13,2,,8,,,80
2,13,2,,8,,,9
2,13,2,,8,,,90
2,13,2,1,2,3,2,70
2,13,2,1,5,3,,20
2,13,2,1,8,,,15
2,13,2,2,8,,,15
2,13,2,3,1,5,5,250
2,13,2,3,8,,,20
2,13,2,5,8,,,7
2,13,2,5,8,,,80
2,14,1,,1,1,4,4
2,14,1,,1,3,3,40
2,14,1,,1,4,3,100
2,14,1,,1,4,3,15
2,14,1,,1,4,4,150
2,14,1,,1,4,4,5
2,14,1,,1,4,4,6
2,14,1,,1,5,4,100
2,14,1,,1,5,4,15
2,14,1,,1,5,4,15
2,14,1,,1,5,4,15
2,14,1,,1,5,4,18
2,14,1,,1,5,4,230
2,14,1,,1,5,4,30
2,14,1,,1,5,4,45
2,14,1,,1,5,4,48
2,14,1,,1,5,4,5
2,14,1,,1,5,4,5
2,14,1,,1,5,4,50
2,14,1,,1,5,4,7
2,14,1,,1,5,4,700
2,14,1,,1,5,4,80
2,14,1,,10,,,20
2,14,1,,10,,,3
2,14,1,,10,,,6
2,14,1,,11,,,20
2,14,1,,4,4,1,80
2,14,1,,4,4,4,20
2,14,1,,4,4,4,30
2,14,1,,4,5,1,10
2,14,1,,4,5,1,15
2,14,1,,4,5,1,15
2,14,1,,4,5,1,24
2,14,1,,4,5,1,24
2,14,1,,4,5,1,70
2,14,1,,7,,,150
2,14,1,2,3,5,1,25
2,14,1,3,2,1,1,200
2,14,1,3,4,4,1,250
2,14,1,4,1,2,5,20
2,14,1,4,1,4,4,100
2,14,1,4,1,5,4,60
2,14,1,4,1,5,5,1500
2,14,2,,1,1,5,36
2,14,2,,1,4,4,100
2,14,2,,1,4,4,12
2,14,2,,1,4,4,15
2,14,2,,1,4,4,20
2,14,2,,1,4,4,70
2,14,2,,1,5,2,22
2,14,2,,1,5,4,13
2,14,2,,1,5,4,20
2,14,2,,1,5,4,25
2,14,2,,1,5,4,25
2,14,2,,1,5,4,30
2,14,2,,1,5,4,300
2,14,2,,1,5,4,300
2,14,2,,1,5,4,6
2,14,2,,1,5,4,8
2,14,2,,1,5,5,40
2,14,2,,11,,,20
2,14,2,,2,1,5,3
2,14,2,,4,1,1,5
2,14,2,,4,1,4,25
2,14,2,,4,2,1,60
2,14,2,,4,4,1,12
2,14,2,,4,4,1,12
2,14,2,,4,4,1,7
2,14,2,,4,4,1,70
2,14,2,,4,4,4,15
2,14,2,,4,5,1,3
2,14,2,,4,5,1,40
2,14,2,,4,5,1,5
2,14,2,,4,5,4,12
2,14,2,,5,2,,10
2,14,2,,5,4,,30
2,14,2,,5,5,,36
2,14,2,,5,5,,5
2,14,2,,8,,,0.9
2,14,2,,8,,,10
2,14,2,,8,,,10
2,14,2,,8,,,10
2,14,2,,8,,,10
2,14,2,,8,,,10
2,14,2,,8,,,10
2,14,2,,8,,,100
2,14,2,,8,,,12
2,14,2,,8,,,14
2,14,2,,8,,,15
2,14,2,,8,,,15
2,14,2,,8,,,15
2,14,2,,8,,,15
2,14,2,,8,,,15
2,14,2,,8,,,15
2,14,2,,8,,,18
2,14,2,,8,,,2
2,14,2,,8,,,2.4
2,14,2,,8,,,20
2,14,2,,8,,,25
2,14,2,,8,,,25
2,14,2,,8,,,3
2,14,2,,8,,,3
2,14,2,,8,,,3
2,14,2,,8,,,3
2,14,2,,8,,,30
2,14,2,,8,,,30
2,14,2,,8,,,5
2,14,2,,8,,,5
2,14,2,,8,,,5
2,14,2,,8,,,5
2,14,2,,8,,,50
2,14,2,,8,,,70
2,14,2,,8,,,9
2,14,2,2,10,,,10
2,14,2,3,1,5,5,60
2,14,2,4,8,,,20
2,14,2,5,1,1,5,257
2,14,2,5,1,4,2,10
2,14,2,5,1,4,2,100
2,14,2,5,1,4,5,101
2,14,2,5,1,5,5,15
2,15,1,,1,1,3,30
2,15,1,,1,1,4,25
2,15,1,,1,1,4,25
2,15,1,,1,1,5,10
2,15,1,,1,3,5,15
2,15,1,,1,4,4,12
2,15,1,,1,4,4,15
2,15,1,,1,4,4,20
2,15,1,,1,4,4,300
2,15,1,,1,4,4,32
2,15,1,,1,4,4,50
2,15,1,,1,4,4,60
2,15,1,,1,4,4,80
2,15,1,,1,4,5,12
2,15,1,,1,5,3,50
2,15,1,,1,5,4,10
2,15,1,,1,5,4,10
2,15,1,,1,5,4,12
2,15,1,,1,5,4,12
2,15,1,,1,5,4,12
2,15,1,,1,5,4,15
2,15,1,,1,5,4,20
2,15,1,,1,5,4,20
2,15,1,,1,5,4,20
2,15,1,,1,5,4,20
2,15,1,,1,5,4,25
2,15,1,,1,5,4,26
2,15,1,,1,5,4,30
2,15,1,,1,5,4,30
2,15,1,,1,5,4,36
2,15,1,,1,5,4,5
2,15,1,,1,5,4,5
2,15,1,,1,5,4,5
2,15,1,,1,5,4,55
2,15,1,,1,5,4,6
2,15,1,,1,5,4,60
2,15,1,,1,5,4,8
2,15,1,,10,,,12
2,15,1,,10,,,20
2,15,1,,10,,,500
2,15,1,,10,,,60
2,15,1,,10,,,8
2,15,1,,10,,,8
2,15,1,,11,,,50
2,15,1,,2,4,5,150
2,15,1,,4,1,1,10
2,15,1,,4,1,1,5
2,15,1,,4,4,1,200
2,15,1,,4,4,1,36
2,15,1,,4,5,1,5
2,15,1,,4,5,3,30
2,15,1,,4,5,4,5
2,15,1,,4,5,4,50
2,15,1,,5,2,,250
2,15,1,,5,2,,9.6
2,15,1,,5,4,,20
2,15,1,,5,5,,12
2,15,1,,9,,,10
2,15,1,,9,,,18
2,15,1,1,1,2,1,30
2,15,1,1,1,5,1,500
2,15,1,1,2,1,2,50
2,15,1,1,2,2,5,5
2,15,1,2,1,4,2,150
2,15,1,3,2,1,5,100
2,15,1,5,1,4,4,100
2,15,2,,8,,,15
2,15,2,,8,,,15
2,15,2,,8,,,30
2,15,2,,8,,,62
2,15,2,4,1,1,5,10
2,15,2,5,1,5,5,20
2,15,2,5,2,2,5,3
2,15,2,5,4,2,5,5
2,15,2,5,7,,,10
2,15,2,6,1,4,5,60
2,16,1,,1,1,3,15
2,16,1,,1,1,4,24
2,16,1,,1,1,4,60
2,16,1,,1,1,4,80
2,16,1,,1,3,5,400
2,16,1,,1,4,3,300
2,16,1,,1,4,4,10
2,16,1,,1,4,4,15
2,16,1,,1,4,4,20
2,16,1,,1,4,4,35
2,16,1,,1,4,4,550
2,16,1,,1,4,4,60
2,16,1,,1,4,4,70
2,16,1,,1,4,4,70
2,16,1,,1,5,2,10
2,16,1,,1,5,2,300
2,16,1,,1,5,4,0
2,16,1,,1,5,4,100
2,16,1,,1,5,4,100
2,16,1,,1,5,4,13
2,16,1,,1,5,4,15
2,16,1,,1,5,4,20
2,16,1,,1,5,4,20
2,16,1,,1,5,4,20
2,16,1,,1,5,4,20
2,16,1,,1,5,4,30
2,16,1,,1,5,4,30
2,16,1,,1,5,4,37
2,16,1,,1,5,4,50
2,16,1,,1,5,4,50
2,16,1,,1,5,4,50
2,16,1,,1,5,4,50
2,16,1,,1,5,4,6
2,16,1,,1,5,4,6
2,16,1,,1,5,4,70
2,16,1,,1,5,4,70
2,16,1,,1,5,4,80
2,16,1,,1,5,5,75
2,16,1,,10,,,18
2,16,1,,10,,,18
2,16,1,,10,,,20
2,16,1,,10,,,300
2,16,1,,11,,,30
2,16,1,,11,,,48
2,16,1,,2,1,3,18
2,16,1,,2,4,4,144
2,16,1,,2,5,4,24
2,16,1,,4,1,1,15
2,16,1,,4,1,5,35
2,16,1,,4,2,1,8
2,16,1,,4,3,1,150
2,16,1,,4,4,1,15
2,16,1,,4,4,1,15
2,16,1,,4,4,1,40
2,16,1,,4,4,1,8
2,16,1,,4,4,4,30
2,16,1,,4,5,1,15
2,16,1,,4,5,1,30
2,16,1,,4,5,1,40
2,16,1,,5,5,,13
2,16,1,,7,,,120
2,16,1,1,1,1,5,200
2,16,1,1,1,2,2,460
2,16,1,1,1,4,1,0
2,16,1,1,1,5,2,70
2,16,1,1,1,5,4,60
2,16,1,1,4,4,1,15
2,16,1,1,4,5,5,25
2,16,1,2,1,4,3,70
2,16,1,3,1,4,2,500
2,16,1,3,4,4,1,0
2,16,1,3,7,,,5
2,16,1,4,1,2,5,9
2,16,1,4,1,3,1,5
2,16,1,4,1,4,5,20
2,16,1,4,1,4,5,550
2,16,1,4,1,5,1,30
2,16,1,4,4,1,1,15
2,16,1,4,4,1,1,190
2,16,1,4,4,1,1,550
2,16,1,4,4,4,1,25
2,16,1,4,5,5,,10
2,16,1,5,2,4,5,11
2,16,1,5,2,4,6,0
2,16,1,5,4,4,1,120
2,16,1,5,5,5,,0
2,16,1,5,7,,,30
2,16,2,,1,4,5,100
2,16,2,,8,,,10
2,16,2,,8,,,150
2,16,2,3,7,,,70
2,16,2,4,1,4,4,30
2,16,2,5,2,4,5,35
2,16,2,5,7,,,15
2,17,1,,1,1,4,10
2,17,1,,1,1,4,24
2,17,1,,1,1,4,36
2,17,1,,1,2,4,90
2,17,1,,1,2,5,120
2,17,1,,1,4,4,12
2,17,1,,1,4,4,200
2,17,1,,1,4,4,30
2,17,1,,1,4,4,40
2,17,1,,1,4,4,70
2,17,1,,1,4,5,72
2,17,1,,1,5,3,50
2,17,1,,1,5,3,500
2,17,1,,1,5,4,120
2,17,1,,1,5,4,24
2,17,1,,1,5,4,240
2,17,1,,1,5,4,25
2,17,1,,1,5,4,36
2,17,1,,1,5,4,50
2,17,1,,1,5,4,60
2,17,1,,1,5,4,60
2,17,1,,1,5,4,700
2,17,1,,1,5,4,80
2,17,1,,1,5,5,30
2,17,1,,10,,,12
2,17,1,,10,,,230
2,17,1,,10,,,40
2,17,1,,4,2,1,0
2,17,1,,4,2,1,10
2,17,1,,4,4,4,120
2,17,1,,4,5,1,100
2,17,1,,4,5,4,200
2,17,1,,5,4,,60
2,17,1,1,1,2,4,100
2,17,1,1,1,4,5,2000
2,17,1,1,1,4,5,850
2,17,1,1,1,5,2,700
2,17,1,1,1,5,3,400
2,17,1,1,1,5,4,850
2,17,1,1,1,5,5,80
2,17,1,1,2,1,2,500
2,17,1,1,4,4,5,200
2,17,1,1,7,,,400
2,17,1,2,1,1,4,100
2,17,1,2,1,2,4,10
2,17,1,2,1,4,3,75
2,17,1,3,1,1,3,120
2,17,1,3,1,4,4,20
2,17,1,3,1,4,5,160
2,17,1,3,1,5,4,200
2,17,1,3,2,3,1,5
2,17,1,3,4,5,1,0
2,17,1,4,1,2,5,90
2,17,1,4,1,3,5,150
2,17,1,4,1,4,5,370
2,17,1,4,1,5,1,300
2,17,1,4,1,5,5,150
2,17,1,4,11,,,30
2,17,1,4,2,3,5,220
2,17,1,4,4,5,4,40
2,17,1,5,1,1,5,10
2,17,1,5,1,5,5,500
2,17,1,6,1,5,3,420
2,17,1,6,2,2,5,20
2,17,2,,1,4,4,60
2,17,2,,4,2,1,30
2,17,2,,4,5,1,300
2,17,2,1,2,4,1,300
2,17,2,2,1,2,5,35
2,17,2,2,1,4,2,100
2,17,2,4,8,,,300
2,17,2,6,3,1,5,0
2,18,1,,1,2,5,30
2,18,1,,1,4,3,10
2,18,1,,1,4,3,16
2,18,1,,1,4,3,5
2,18,1,,1,4,4,10
2,18,1,,1,4,4,10
2,18,1,,1,4,4,180
2,18,1,,1,4,4,20
2,18,1,,1,4,4,30
2,18,1,,1,4,4,35
2,18,1,,1,4,4,5
2,18,1,,1,4,4,5
2,18,1,,1,4,4,50
2,18,1,,1,4,4,6
2,18,1,,1,4,4,80
2,18,1,,1,4,5,10
2,18,1,,1,4,5,5
2,18,1,,1,4,5,50
2,18,1,,1,5,2,16
2,18,1,,1,5,3,10
2,18,1,,1,5,4,10
2,18,1,,1,5,4,10
2,18,1,,1,5,4,12
2,18,1,,1,5,4,120
2,18,1,,1,5,4,120
2,18,1,,1,5,4,150
2,18,1,,1,5,4,150
2,18,1,,1,5,4,150
2,18,1,,1,5,4,170
2,18,1,,1,5,4,20
2,18,1,,1,5,4,20
2,18,1,,1,5,4,320
2,18,1,,1,5,4,40
2,18,1,,1,5,4,40
2,18,1,,1,5,4,40
2,18,1,,1,5,4,40
2,18,1,,1,5,4,45
2,18,1,,1,5,4,5
2,18,1,,1,5,4,50
2,18,1,,1,5,4,50
2,18,1,,1,5,4,50
2,18,1,,1,5,4,60
2,18,1,,1,5,4,60
2,18,1,,1,5,4,60
2,18,1,,1,5,4,72
2,18,1,,1,5,4,72
2,18,1,,1,5,4,80
2,18,1,,1,5,4,80
2,18,1,,1,5,5,125
2,18,1,,10,,,10
2,18,1,,10,,,100
2,18,1,,10,,,100
2,18,1,,10,,,25
2,18,1,,11,,,15
2,18,1,,3,2,4,100
2,18,1,,4,1,1,130
2,18,1,,4,1,1,5
2,18,1,,4,2,1,0
2,18,1,,4,3,3,70
2,18,1,,4,5,1,120
2,18,1,,4,5,1,26
2,18,1,,4,5,1,80
2,18,1,,4,5,4,200
2,18,1,,5,3,,120
2,18,1,1,1,2,3,60
2,18,1,1,1,5,2,150
2,18,1,1,1,5,4,160
2,18,1,1,10,,,70
2,18,1,1,4,5,1,170
2,18,1,2,1,4,5,3
2,18,1,2,1,5,4,30
2,18,1,2,5,5,,10
2,18,1,3,1,1,5,80
2,18,1,3,1,3,5,5
2,18,1,3,1,4,5,5
2,18,1,3,4,5,1,900
2,18,1,4,1,1,3,10
2,18,1,4,1,1,5,180
2,18,1,4,1,2,5,100
2,18,1,4,1,2,5,80
2,18,1,4,1,4,3,280
2,18,1,4,1,4,3,65
2,18,1,4,1,4,5,150
2,18,1,4,10,,,200
2,18,1,4,2,2,2,24
2,18,1,4,4,5,1,100
2,18,1,4,4,5,1,1800
2,18,1,4,4,5,1,48
2,18,1,4,4,5,4,40
2,18,1,4,7,,,5
2,18,1,5,1,2,3,70
2,18,1,5,1,4,5,150
2,18,1,5,1,4,5,150
2,18,1,5,1,4,5,20
2,18,1,5,1,5,2,60
2,18,1,5,1,5,5,140
2,18,1,5,1,5,5,5
2,18,1,5,11,,,100
2,18,2,,1,1,5,36
2,18,2,,1,4,5,10
2,18,2,,1,5,4,50
2,18,2,,1,5,5,700
2,18,2,,8,,,30
2,18,2,,8,,,30
2,18,2,,8,,,40
2,18,2,1,1,1,5,20
2,18,2,1,1,2,5,60
2,18,2,1,1,5,4,15
2,18,2,1,5,3,,50
2,18,2,2,1,1,2,70
2,18,2,3,1,4,5,250
2,18,2,4,1,4,5,120
2,18,2,4,1,4,5,80
2,18,2,4,10,,,24
2,18,2,5,1,2,5,50
2,18,2,5,1,4,5,550
2,20,1,,1,1,4,50
2,20,1,,1,1,5,150
2,20,1,,1,2,4,35
2,20,1,,1,3,4,20
2,20,1,,1,4,2,100
2,20,1,,1,4,3,150
2,20,1,,1,4,4,40
2,20,1,,1,4,4,40
2,20,1,,1,5,4,250
2,20,1,,1,5,4,40
2,20,1,,1,5,4,60
2,20,1,,10,,,45
2,20,1,,11,,,20
2,20,1,,11,,,30
2,20,1,,2,4,4,500
2,20,1,,3,1,5,50
2,20,1,,4,1,1,550
2,20,1,,4,5,1,100
2,20,1,,4,5,1,280
2,20,1,,4,5,1,30
2,20,1,,4,5,1,36
2,20,1,,4,5,1,50
2,20,1,,5,1,,10
2,20,1,1,1,3,5,90
2,20,1,1,1,4,2,20
2,20,1,1,1,4,2,600
2,20,1,1,1,4,3,190
2,20,1,1,1,4,4,500
2,20,1,1,1,4,5,500
2,20,1,1,1,4,5,800
2,20,1,1,1,5,2,0
2,20,1,1,1,5,2,120
2,20,1,1,1,5,2,180
2,20,1,1,1,5,2,20
2,20,1,1,1,5,2,200
2,20,1,1,1,5,2,200
2,20,1,1,1,5,2,800
2,20,1,1,1,5,3,100
2,20,1,1,1,5,3,80
2,20,1,1,11,,,30
2,20,1,1,2,1,2,0
2,20,1,1,2,1,2,202
2,20,1,1,2,2,2,300
2,20,1,1,2,2,2,75
2,20,1,1,2,3,2,0
2,20,1,1,2,3,2,300
2,20,1,1,2,4,5,140
2,20,1,1,2,5,1,150
2,20,1,1,2,5,2,38
2,20,1,1,4,1,1,200
2,20,1,1,4,3,1,0
2,20,1,1,4,5,1,100
2,20,1,1,4,5,1,50
2,20,1,1,4,5,2,50
2,20,1,2,1,1,5,100
2,20,1,2,1,4,1,100
2,20,1,2,1,5,2,350
2,20,1,2,1,5,2,400
2,20,1,2,1,5,5,32
2,20,1,2,11,,,70
2,20,1,2,2,5,2,50
2,20,1,2,4,3,1,20
2,20,1,2,5,5,,25
2,20,1,2,7,,,170
2,20,1,3,1,2,1,137
2,20,1,3,1,2,3,170
2,20,1,3,1,5,2,600
2,20,1,3,1,5,3,100
2,20,1,4,1,2,5,110
2,20,1,4,1,3,5,140
2,20,1,4,1,4,3,350
2,20,1,4,1,4,5,130
2,20,1,4,2,1,5,500
2,20,1,4,4,5,1,300
2,20,1,4,7,,,200
2,20,2,,1,1,5,60
2,20,2,,3,1,5,12
2,20,2,,5,4,,30
2,20,2,,8,,,10
2,20,2,,8,,,20
2,20,2,2,8,,,20
2,20,2,4,1,2,5,20
2,20,2,4,2,1,5,759
2,20,2,4,3,1,5,10
2,20,2,4,8,,,20
2,20,2,4,8,,,75
2,20,2,5,1,5,2,100
2,20,2,6,4,4,1,250
2,21,1,,1,2,3,30
2,21,1,,1,4,3,25
2,21,1,,1,4,4,800
2,21,1,,1,5,3,1000
2,21,1,,1,5,4,240
2,21,1,,1,5,4,60
2,21,1,,11,,,8
2,21,1,,4,1,1,100
2,21,1,,4,1,1,48
2,21,1,,4,4,1,12
2,21,1,,4,5,1,25
2,21,1,1,1,2,2,95
2,21,1,1,1,5,5,50
2,21,1,1,10,,,120
2,21,1,1,3,5,2,310
2,21,1,2,1,4,1,100
2,21,1,2,1,5,2,200
2,21,1,2,1,5,2,300
2,21,1,2,1,5,6,70
2,21,1,2,2,4,2,100
2,21,1,2,2,4,2,30
2,21,1,2,2,4,2,50
2,21,1,2,2,5,2,100
2,21,1,2,4,2,5,30
2,21,1,2,4,4,1,0
2,21,1,2,4,4,1,0
2,21,1,2,4,5,1,100
2,21,1,2,4,5,1,1700
2,21,1,2,5,5,,90
2,21,1,3,1,2,5,60
2,21,1,3,1,4,3,30
2,21,1,3,2,1,3,200
2,21,1,4,1,1,5,60
2,21,1,4,1,4,5,30
2,21,1,4,1,5,4,80
2,21,1,4,2,1,5,60
2,21,1,6,2,4,1,50
2,21,1,6,7,,,10
2,21,2,,5,1,,25
2,21,2,1,1,5,4,300
2,21,2,2,1,1,5,45
2,21,2,2,1,5,2,300
2,21,2,2,1,5,5,0
2,21,2,2,1,5,5,30
2,21,2,2,8,,,159
2,21,2,2,8,,,200
2,21,2,4,4,1,1,100
2,22,1,,1,1,4,200
2,22,1,,1,1,4,25
2,22,1,,1,1,4,300
2,22,1,,1,1,5,120
2,22,1,,1,1,5,150
2,22,1,,1,1,5,70
2,22,1,,1,2,4,300
2,22,1,,1,2,4,350
2,22,1,,1,4,4,0
2,22,1,,1,4,4,10
2,22,1,,1,4,4,100
2,22,1,,1,4,4,100
2,22,1,,1,4,4,120
2,22,1,,1,4,4,120
2,22,1,,1,4,4,15
2,22,1,,1,4,4,20
2,22,1,,1,4,4,200
2,22,1,,1,4,4,40
2,22,1,,1,4,4,40
2,22,1,,1,4,4,40
2,22,1,,1,4,4,5
2,22,1,,1,5,2,150
2,22,1,,1,5,4,0
2,22,1,,1,5,4,100
2,22,1,,1,5,4,150
2,22,1,,1,5,4,20
2,22,1,,1,5,4,200
2,22,1,,1,5,4,30
2,22,1,,1,5,4,300
2,22,1,,1,5,4,35
2,22,1,,1,5,4,40
2,22,1,,1,5,4,5
2,22,1,,1,5,4,500
2,22,1,,1,5,4,80
2,22,1,,1,5,4,80
2,22,1,,1,5,4,95
2,22,1,,1,5,5,300
2,22,1,,1,5,5,84
2,22,1,,10,,,100
2,22,1,,10,,,28
2,22,1,,11,,,20
2,22,1,,11,,,9
2,22,1,,2,4,2,1000
2,22,1,,4,4,1,35
2,22,1,,4,5,1,0
2,22,1,,4,5,1,136
2,22,1,,4,5,2,0
2,22,1,,4,5,4,85
2,22,1,1,1,1,3,300
2,22,1,1,1,1,4,70
2,22,1,1,1,1,5,100
2,22,1,1,1,3,3,80
2,22,1,1,1,4,2,0
2,22,1,1,1,4,2,500
2,22,1,1,1,4,2,80
2,22,1,1,1,4,5,300
2,22,1,1,1,4,5,75
2,22,1,1,1,5,2,5
2,22,1,1,1,5,5,100
2,22,1,1,1,5,5,200
2,22,1,1,11,,,7
2,22,1,1,2,2,2,70
2,22,1,1,2,5,2,80
2,22,1,1,4,1,1,70
2,22,1,1,4,1,1,90
2,22,1,1,4,2,2,55
2,22,1,1,4,4,1,25
2,22,1,1,4,4,2,5
2,22,1,1,4,5,1,720
2,22,1,1,5,2,,50
2,22,1,2,1,5,2,110
2,22,1,3,1,2,5,30
2,22,1,3,1,4,1,400
2,22,1,3,1,4,5,25
2,22,1,3,1,4,5,50
2,22,1,3,1,5,2,0
2,22,1,3,2,1,1,673
2,22,1,3,2,4,3,100
2,22,1,4,1,1,5,500
2,22,1,4,1,2,5,140
2,22,1,4,1,4,4,50
2,22,1,4,1,5,5,300
2,22,1,4,3,1,1,80
2,22,1,5,1,5,5,10
2,22,2,,1,2,5,145
2,22,2,,11,,,15
2,22,2,,2,2,4,700
2,22,2,,4,1,1,5
2,22,2,,8,,,10
2,22,2,,8,,,10
2,22,2,,8,,,3
2,22,2,,8,,,480
2,22,2,3,1,4,5,520
2,22,2,3,4,1,1,30
2,22,2,4,1,4,5,150
2,22,2,4,8,,,50
2,23,1,,1,1,4,100
2,23,1,,1,2,4,20
2,23,1,,1,2,4,35
2,23,1,,1,2,5,10
2,23,1,,1,3,5,100
2,23,1,,1,4,3,700
2,23,1,,1,4,4,10
2,23,1,,1,4,4,20
2,23,1,,1,4,4,20
2,23,1,,1,4,4,20
2,23,1,,1,4,4,36
2,23,1,,1,4,4,39
2,23,1,,1,4,4,40
2,23,1,,1,4,4,70
2,23,1,,1,4,4,70
2,23,1,,1,5,4,1
2,23,1,,1,5,4,10
2,23,1,,1,5,4,10
2,23,1,,1,5,4,100
2,23,1,,1,5,4,17
2,23,1,,1,5,4,17
2,23,1,,1,5,4,180
2,23,1,,1,5,4,20
2,23,1,,1,5,4,24
2,23,1,,1,5,4,25
2,23,1,,1,5,4,30
2,23,1,,1,5,4,350
2,23,1,,1,5,4,36
2,23,1,,1,5,4,50
2,23,1,,1,5,4,70
2,23,1,,1,5,4,74
2,23,1,,1,5,4,75
2,23,1,,1,5,4,80
2,23,1,,1,5,4,90
2,23,1,,1,5,5,50
2,23,1,,10,,,50
2,23,1,,10,,,70
2,23,1,,10,,,800
2,23,1,,11,,,45
2,23,1,,11,,,500
2,23,1,,11,,,500
2,23,1,,4,2,1,100
2,23,1,,4,2,4,100
2,23,1,,4,4,1,15
2,23,1,,4,4,1,20
2,23,1,,4,4,1,300
2,23,1,,4,4,1,75
2,23,1,,4,5,1,120
2,23,1,,4,5,1,150
2,23,1,,4,5,1,200
2,23,1,,4,5,1,48
2,23,1,,4,5,1,50
2,23,1,,4,5,4,25
2,23,1,1,1,3,3,80
2,23,1,1,1,4,4,300
2,23,1,1,1,4,4,60
2,23,1,1,1,4,5,48
2,23,1,1,1,4,5,5
2,23,1,1,1,5,2,20
2,23,1,1,1,5,4,100
2,23,1,1,4,4,1,600
2,23,1,1,7,,,80
2,23,1,2,1,1,5,200
2,23,1,2,2,1,3,1200
2,23,1,2,2,2,5,0
2,23,1,3,1,4,3,10
2,23,1,3,1,5,3,370
2,23,1,4,2,1,5,500
2,23,1,4,7,,,50
2,23,1,5,1,2,3,35
2,23,1,5,1,4,5,35
2,23,1,5,1,5,2,30
2,23,1,5,1,5,5,250
2,23,1,5,10,,,20
2,23,1,5,10,,,5
2,23,1,5,2,3,5,50
2,23,1,5,4,3,1,300
2,23,1,5,7,,,40
2,23,1,6,1,2,5,300
2,23,1,6,10,,,520
2,23,1,6,2,2,5,200
2,23,2,,4,1,1,370
2,23,2,,4,5,1,25
2,23,2,,8,,,130
2,23,2,,8,,,18
2,23,2,1,8,,,40
2,23,2,4,1,5,5,10
2,23,2,5,1,1,5,10
2,23,2,5,10,,,70
2,23,2,5,4,4,1,10
2,23,2,5,4,5,1,70
2,23,2,5,5,4,,25
2,23,2,5,5,5,,30
2,23,2,5,7,,,90
2,23,2,5,8,,,20
2,23,2,5,8,,,40
2,23,2,5,8,,,5
2,23,2,5,9,,,5
2,25,1,,1,1,4,20
2,25,1,,1,1,4,40
2,25,1,,1,1,5,500
2,25,1,,1,3,3,0
2,25,1,,1,3,3,400
2,25,1,,1,3,3,500
2,25,1,,1,3,4,5
2,25,1,,1,3,5,80
2,25,1,,1,4,2,120
2,25,1,,1,4,3,120
2,25,1,,1,4,3,96
2,25,1,,1,4,4,10
2,25,1,,1,4,4,10
2,25,1,,1,4,4,10
2,25,1,,1,4,4,10
2,25,1,,1,4,4,10
2,25,1,,1,4,4,10
2,25,1,,1,4,4,10
2,25,1,,1,4,4,10
2,25,1,,1,4,4,100
2,25,1,,1,4,4,100
2,25,1,,1,4,4,100
2,25,1,,1,4,4,140
2,25,1,,1,4,4,150
2,25,1,,1,4,4,150
2,25,1,,1,4,4,18
2,25,1,,1,4,4,180
2,25,1,,1,4,4,20
2,25,1,,1,4,4,200
2,25,1,,1,4,4,23
2,25,1,,1,4,4,24
2,25,1,,1,4,4,25
2,25,1,,1,4,4,25
2,25,1,,1,4,4,30
2,25,1,,1,4,4,30
2,25,1,,1,4,4,30
2,25,1,,1,4,4,300
2,25,1,,1,4,4,300
2,25,1,,1,4,4,45
2,25,1,,1,4,4,5
2,25,1,,1,4,4,5
2,25,1,,1,4,4,50
2,25,1,,1,4,4,500
2,25,1,,1,4,4,6
2,25,1,,1,4,4,60
2,25,1,,1,4,4,60
2,25,1,,1,4,4,60
2,25,1,,1,4,4,75
2,25,1,,1,4,4,80
2,25,1,,1,4,4,80
2,25,1,,1,4,4,96
2,25,1,,1,5,1,10
2,25,1,,1,5,1,35
2,25,1,,1,5,2,100
2,25,1,,1,5,3,400
2,25,1,,1,5,3,45
2,25,1,,1,5,4,10
2,25,1,,1,5,4,10
2,25,1,,1,5,4,10
2,25,1,,1,5,4,10
2,25,1,,1,5,4,10
2,25,1,,1,5,4,100
2,25,1,,1,5,4,100
2,25,1,,1,5,4,100
2,25,1,,1,5,4,100
2,25,1,,1,5,4,100
2,25,1,,1,5,4,105
2,25,1,,1,5,4,120
2,25,1,,1,5,4,120
2,25,1,,1,5,4,120
2,25,1,,1,5,4,15
2,25,1,,1,5,4,150
2,25,1,,1,5,4,150
2,25,1,,1,5,4,18
2,25,1,,1,5,4,20
2,25,1,,1,5,4,20
2,25,1,,1,5,4,200
2,25,1,,1,5,4,200
2,25,1,,1,5,4,240
2,25,1,,1,5,4,25
2,25,1,,1,5,4,25
2,25,1,,1,5,4,25
2,25,1,,1,5,4,250
2,25,1,,1,5,4,30
2,25,1,,1,5,4,300
2,25,1,,1,5,4,35
2,25,1,,1,5,4,40
2,25,1,,1,5,4,40
2,25,1,,1,5,4,5
2,25,1,,1,5,4,50
2,25,1,,1,5,4,50
2,25,1,,1,5,4,50
2,25,1,,1,5,4,50
2,25,1,,1,5,4,500
2,25,1,,1,5,4,60
2,25,1,,1,5,4,60
2,25,1,,1,5,4,60
2,25,1,,1,5,4,60
2,25,1,,1,5,4,75
2,25,1,,1,5,4,80
2,25,1,,1,5,4,80
2,25,1,,1,5,4,80
2,25,1,,1,5,4,80
2,25,1,,1,5,4,80
2,25,1,,1,5,4,90
2,25,1,,1,5,4,90
2,25,1,,1,5,4,90
2,25,1,,1,5,5,300
2,25,1,,1,5,5,70
2,25,1,,10,,,120
2,25,1,,10,,,35
2,25,1,,10,,,40
2,25,1,,10,,,5
2,25,1,,10,,,5
2,25,1,,11,,,16
2,25,1,,11,,,18
2,25,1,,11,,,30
2,25,1,,11,,,35
2,25,1,,2,5,4,1000
2,25,1,,4,1,1,20
2,25,1,,4,1,4,50
2,25,1,,4,2,1,60
2,25,1,,4,3,1,10
2,25,1,,4,3,1,5
2,25,1,,4,4,1,10
2,25,1,,4,4,1,120
2,25,1,,4,4,1,5
2,25,1,,4,4,4,40
2,25,1,,4,5,1,100
2,25,1,,4,5,1,15
2,25,1,,4,5,1,150
2,25,1,,4,5,1,200
2,25,1,,4,5,1,40
2,25,1,,4,5,1,50
2,25,1,,4,5,1,60
2,25,1,,4,5,4,35
2,25,1,,4,5,4,36
2,25,1,,4,5,4,80
2,25,1,,5,4,,150
2,25,1,,5,4,,18
2,25,1,1,1,1,5,500
2,25,1,1,1,2,2,0
2,25,1,1,1,4,2,10
2,25,1,1,1,4,2,150
2,25,1,1,1,4,2,30
2,25,1,1,1,4,2,30
2,25,1,1,1,4,2,300
2,25,1,1,1,4,2,5
2,25,1,1,1,4,2,950
2,25,1,1,1,5,2,200
2,25,1,1,1,5,2,70
2,25,1,1,1,5,5,200
2,25,1,1,10,,,140
2,25,1,1,10,,,250
2,25,1,1,2,5,2,30
2,25,1,1,4,2,1,10
2,25,1,1,4,5,2,140
2,25,1,1,7,,,120
2,25,1,2,1,5,5,150
2,25,1,2,4,5,1,80
2,25,1,3,1,1,1,380
2,25,1,3,1,4,2,45
2,25,1,3,1,5,1,900
2,25,1,3,1,5,4,0
2,25,1,3,7,,,20
2,25,1,3,7,,,200
2,25,1,4,1,3,5,50
2,25,1,4,4,5,1,100
2,25,1,4,4,5,1,70
2,25,1,5,5,5,,0
2,25,1,6,4,1,1,200
2,25,2,,1,1,5,80
2,25,2,,4,4,1,10
2,25,2,,4,5,1,40
2,25,2,,8,,,75
2,25,2,5,5,2,,10
2,26,1,,1,1,5,80
2,26,1,,1,2,4,80
2,26,1,,1,3,5,0
2,26,1,,1,4,3,130
2,26,1,,1,4,3,30
2,26,1,,1,4,3,380
2,26,1,,1,4,4,120
2,26,1,,1,4,4,280
2,26,1,,1,4,4,400
2,26,1,,1,5,3,200
2,26,1,,1,5,4,150
2,26,1,,1,5,4,150
2,26,1,,1,5,4,50
2,26,1,,1,5,4,50
2,26,1,,1,5,4,80
2,26,1,,1,5,4,80
2,26,1,,1,5,4,80
2,26,1,,1,5,4,80
2,26,1,,1,5,4,800
2,26,1,,2,5,4,150
2,26,1,,2,5,5,10
2,26,1,,3,1,1,5
2,26,1,,4,2,1,40
2,26,1,,4,4,1,70
2,26,1,,4,5,1,100
2,26,1,,4,5,1,45
2,26,1,1,1,1,2,40
2,26,1,1,1,4,1,150
2,26,1,1,1,4,2,0
2,26,1,1,1,4,2,0
2,26,1,1,1,4,2,100
2,26,1,1,1,4,2,100
2,26,1,1,1,4,2,150
2,26,1,1,1,4,2,20
2,26,1,1,1,4,2,200
2,26,1,1,1,4,2,30
2,26,1,1,1,4,3,0
2,26,1,1,1,4,3,300
2,26,1,1,1,4,3,500
2,26,1,1,1,4,3,80
2,26,1,1,1,4,4,100
2,26,1,1,1,4,4,100
2,26,1,1,1,4,5,100
2,26,1,1,1,4,5,100
2,26,1,1,1,4,5,150
2,26,1,1,1,4,5,300
2,26,1,1,1,4,5,500
2,26,1,1,1,4,6,0
2,26,1,1,1,5,2,100
2,26,1,1,1,5,2,60
2,26,1,1,1,5,2,600
2,26,1,1,1,5,3,1000
2,26,1,1,1,5,3,230
2,26,1,1,1,5,3,85
2,26,1,1,1,5,5,300
2,26,1,1,1,5,5,500
2,26,1,1,1,5,5,90
2,26,1,1,2,4,1,4
2,26,1,1,2,4,2,300
2,26,1,1,2,4,2,600
2,26,1,1,2,4,4,150
2,26,1,1,2,5,2,0
2,26,1,1,3,4,2,90
2,26,1,1,4,1,1,30
2,26,1,1,4,4,1,250
2,26,1,1,4,4,1,40
2,26,1,1,4,4,1,800
2,26,1,2,1,5,3,300
2,26,1,2,1,5,5,110
2,26,1,2,2,5,2,100
2,26,1,2,5,2,,0
2,26,1,3,1,4,2,300
2,26,1,3,2,5,1,200
2,26,1,4,1,4,5,320
2,26,1,4,2,5,2,50
2,26,1,4,2,5,5,150
2,26,1,4,4,4,1,400
2,26,2,,1,1,5,100
2,26,2,,1,4,5,35
2,26,2,1,1,4,2,100
2,26,2,1,5,4,,70
2,26,2,2,1,2,5,300
2,26,2,2,2,4,5,40
2,26,2,2,7,,,30
2,27,1,,1,2,4,400
2,27,1,,1,4,2,50
2,27,1,,1,4,4,10
2,27,1,,1,4,4,10
2,27,1,,1,4,4,150
2,27,1,,1,4,4,50
2,27,1,,1,4,4,60
2,27,1,,1,4,4,60
2,27,1,,1,4,4,70
2,27,1,,1,4,4,80
2,27,1,,1,5,4,100
2,27,1,,1,5,4,170
2,27,1,,1,5,4,20
2,27,1,,1,5,4,200
2,27,1,,1,5,4,25
2,27,1,,1,5,4,50
2,27,1,,1,5,4,60
2,27,1,,1,5,4,60
2,27,1,,1,5,4,70
2,27,1,,1,5,4,750
2,27,1,,1,5,4,8
2,27,1,,1,5,4,80
2,27,1,,1,5,4,80
2,27,1,,1,5,5,200
2,27,1,,10,,,60
2,27,1,,4,4,1,36
2,27,1,,4,4,1,7
2,27,1,,4,4,4,12
2,27,1,,4,5,1,15
2,27,1,,4,5,4,30
2,27,1,1,1,3,6,250
2,27,1,1,1,4,2,400
2,27,1,1,1,4,4,650
2,27,1,1,1,4,4,75
2,27,1,1,1,5,2,10
2,27,1,1,1,5,2,10
2,27,1,1,1,5,2,100
2,27,1,1,1,5,2,150
2,27,1,1,1,5,2,200
2,27,1,1,1,5,2,300
2,27,1,1,1,5,2,50
2,27,1,1,1,5,2,550
2,27,1,1,1,5,2,65
2,27,1,1,1,5,2,80
2,27,1,1,1,5,2,80
2,27,1,1,1,5,2,80
2,27,1,1,1,5,3,1400
2,27,1,1,1,5,4,30
2,27,1,1,1,5,4,60
2,27,1,1,1,5,4,60
2,27,1,1,11,,,0
2,27,1,1,11,,,0
2,27,1,1,2,4,2,10
2,27,1,1,2,4,2,700
2,27,1,1,4,4,1,100
2,27,1,1,4,4,1,150
2,27,1,1,5,5,,10
2,27,1,1,7,,,200
2,27,1,2,1,1,3,0
2,27,1,2,1,1,3,300
2,27,1,2,1,4,5,60
2,27,1,2,1,5,2,180
2,27,1,2,1,5,2,200
2,27,1,2,1,5,2,40
2,27,1,2,1,5,2,50
2,27,1,2,1,5,2,70
2,27,1,2,1,5,3,130
2,27,1,2,2,4,5,10
2,27,1,2,4,2,1,200
2,27,1,3,1,1,3,40
2,27,1,3,1,3,1,200
2,27,1,3,1,4,1,250
2,27,1,3,1,4,2,300
2,27,1,3,1,4,3,80
2,27,1,3,1,5,3,800
2,27,1,3,1,5,5,100
2,27,1,3,3,2,5,0
2,27,1,3,4,4,3,90
2,27,1,3,9,,,5
2,27,1,4,1,3,5,10
2,27,1,4,1,5,3,100
2,27,1,5,1,5,5,25
2,27,1,6,1,2,3,60
2,27,1,6,1,5,2,100
2,27,1,6,1,5,4,190
2,27,1,6,1,5,4,200
2,27,1,6,1,5,4,24
2,27,1,6,4,5,1,120
2,27,1,6,4,5,1,20
2,27,2,,4,1,1,40
2,27,2,2,11,,,30
2,27,2,5,4,1,1,15
2,28,1,,1,1,3,60
2,28,1,,1,1,4,24
2,28,1,,1,1,4,30
2,28,1,,1,2,4,36
2,28,1,,1,3,4,45
2,28,1,,1,4,3,100
2,28,1,,1,4,3,50
2,28,1,,1,4,4,12
2,28,1,,1,4,4,18
2,28,1,,1,4,4,20
2,28,1,,1,4,4,24
2,28,1,,1,4,4,30
2,28,1,,1,4,4,300
2,28,1,,1,4,5,300
2,28,1,,1,5,3,550
2,28,1,,1,5,3,90
2,28,1,,1,5,4,100
2,28,1,,1,5,4,100
2,28,1,,1,5,4,100
2,28,1,,1,5,4,120
2,28,1,,1,5,4,150
2,28,1,,1,5,4,150
2,28,1,,1,5,4,180
2,28,1,,1,5,4,180
2,28,1,,1,5,4,20
2,28,1,,1,5,4,200
2,28,1,,1,5,4,200
2,28,1,,1,5,4,280
2,28,1,,1,5,4,30
2,28,1,,1,5,4,40
2,28,1,,1,5,4,400
2,28,1,,1,5,4,48
2,28,1,,1,5,4,500
2,28,1,,1,5,4,80
2,28,1,,1,5,4,80
2,28,1,,1,5,4,96
2,28,1,,1,5,5,400
2,28,1,,1,5,5,400
2,28,1,,10,,,25
2,28,1,,10,,,90
2,28,1,,2,2,4,30
2,28,1,,2,2,4,350
2,28,1,,4,2,1,15
2,28,1,,4,3,1,800
2,28,1,,4,4,4,120
2,28,1,,4,5,1,200
2,28,1,,4,5,1,40
2,28,1,,4,5,1,50
2,28,1,,4,5,1,60
2,28,1,,4,5,3,500
2,28,1,,4,5,4,100
2,28,1,1,1,3,2,300
2,28,1,1,1,3,5,650
2,28,1,1,1,4,1,137
2,28,1,1,1,4,1,250
2,28,1,1,1,4,2,100
2,28,1,1,1,4,2,300
2,28,1,1,1,4,2,300
2,28,1,1,1,4,2,70
2,28,1,1,1,4,2,80
2,28,1,1,1,4,5,20
2,28,1,1,1,4,5,800
2,28,1,1,1,5,1,250
2,28,1,1,1,5,1,300
2,28,1,1,1,5,2,10
2,28,1,1,1,5,2,170
2,28,1,1,1,5,2,20
2,28,1,1,1,5,2,20
2,28,1,1,1,5,2,250
2,28,1,1,1,5,2,40
2,28,1,1,1,5,2,400
2,28,1,1,1,5,2,500
2,28,1,1,1,5,2,80
2,28,1,1,1,5,4,120
2,28,1,1,10,,,500
2,28,1,1,2,4,2,200
2,28,1,1,4,3,1,100
2,28,1,1,4,4,1,100
2,28,1,1,4,4,1,50
2,28,1,1,4,4,2,120
2,28,1,1,4,5,1,80
2,28,1,1,5,4,,50
2,28,1,1,7,,,500
2,28,1,2,1,1,5,80
2,28,1,2,2,4,2,20
2,28,1,2,2,4,2,20
2,28,1,2,4,1,1,250
2,28,1,3,1,5,5,30
2,28,1,3,1,5,5,480
2,28,1,4,1,4,4,55
2,28,1,4,1,4,5,50
2,28,1,4,1,5,5,30
2,28,1,4,3,1,5,120
2,28,1,4,4,1,1,500
2,28,1,4,4,4,1,300
2,28,1,5,4,4,1,488
2,28,2,,8,,,20
2,28,2,4,4,2,1,800
2,28,2,4,4,4,1,50
2,29,1,,1,1,3,30
2,29,1,,1,1,4,150
2,29,1,,1,2,1,300
2,29,1,,1,2,4,10
2,29,1,,1,2,4,50
2,29,1,,1,3,4,120
2,29,1,,1,4,1,70
2,29,1,,1,4,2,110
2,29,1,,1,4,2,200
2,29,1,,1,4,3,300
2,29,1,,1,4,4,100
2,29,1,,1,4,4,100
2,29,1,,1,4,4,100
2,29,1,,1,4,4,15
2,29,1,,1,4,4,200
2,29,1,,1,4,4,30
2,29,1,,1,4,4,30
2,29,1,,1,4,4,30
2,29,1,,1,4,4,30
2,29,1,,1,4,4,30
2,29,1,,1,4,4,400
2,29,1,,1,4,4,46.287
2,29,1,,1,4,4,50
2,29,1,,1,4,4,70
2,29,1,,1,4,4,800
2,29,1,,1,4,5,50
2,29,1,,1,5,1,200
2,29,1,,1,5,3,100
2,29,1,,1,5,4,10
2,29,1,,1,5,4,10
2,29,1,,1,5,4,10
2,29,1,,1,5,4,10
2,29,1,,1,5,4,10
2,29,1,,1,5,4,100
2,29,1,,1,5,4,100
2,29,1,,1,5,4,100
2,29,1,,1,5,4,100
2,29,1,,1,5,4,120
2,29,1,,1,5,4,120
2,29,1,,1,5,4,120
2,29,1,,1,5,4,150
2,29,1,,1,5,4,150
2,29,1,,1,5,4,150
2,29,1,,1,5,4,150
2,29,1,,1,5,4,170
2,29,1,,1,5,4,190
2,29,1,,1,5,4,20
2,29,1,,1,5,4,20
2,29,1,,1,5,4,200
2,29,1,,1,5,4,24
2,29,1,,1,5,4,250
2,29,1,,1,5,4,290
2,29,1,,1,5,4,30
2,29,1,,1,5,4,30
2,29,1,,1,5,4,30
2,29,1,,1,5,4,350
2,29,1,,1,5,4,40
2,29,1,,1,5,4,45
2,29,1,,1,5,4,50
2,29,1,,1,5,4,50
2,29,1,,1,5,4,50
2,29,1,,1,5,4,50
2,29,1,,1,5,4,50
2,29,1,,1,5,4,50
2,29,1,,1,5,4,700
2,29,1,,1,5,4,80
2,29,1,,1,5,4,90
2,29,1,,1,5,4,90
2,29,1,,1,5,4,90
2,29,1,,1,5,5,100
2,29,1,,1,5,5,30
2,29,1,,1,5,5,400
2,29,1,,10,,,60
2,29,1,,11,,,150
2,29,1,,2,1,4,30
2,29,1,,2,4,4,150
2,29,1,,2,4,4,20
2,29,1,,4,1,1,15
2,29,1,,4,2,1,50
2,29,1,,4,4,1,50
2,29,1,,4,4,1,60
2,29,1,,4,4,1,600
2,29,1,,4,4,4,80
2,29,1,,4,5,1,10
2,29,1,,4,5,1,20
2,29,1,,4,5,1,40
2,29,1,,4,5,1,60
2,29,1,,4,5,4,100
2,29,1,,4,5,4,50
2,29,1,,5,3,,70
2,29,1,1,1,3,2,140
2,29,1,1,1,4,2,100
2,29,1,1,1,4,2,150
2,29,1,1,1,4,2,150
2,29,1,1,1,4,2,170
2,29,1,1,1,4,2,80
2,29,1,1,1,4,3,200
2,29,1,1,1,4,4,20
2,29,1,1,1,4,5,30
2,29,1,1,1,4,5,60
2,29,1,1,1,5,1,350
2,29,1,1,1,5,2,100
2,29,1,1,1,5,2,1000
2,29,1,1,1,5,2,200
2,29,1,1,1,5,2,250
2,29,1,1,1,5,2,50
2,29,1,1,1,5,2,50
2,29,1,1,1,5,2,500
2,29,1,1,1,5,3,200
2,29,1,1,1,5,3,300
2,29,1,1,1,5,4,100
2,29,1,1,1,5,4,200
2,29,1,1,1,5,4,300
2,29,1,1,1,5,4,300
2,29,1,1,1,5,4,300
2,29,1,1,1,5,4,80
2,29,1,1,1,5,5,120
2,29,1,1,1,5,5,3
2,29,1,1,1,5,5,300
2,29,1,1,1,5,5,300
2,29,1,1,3,5,2,1700
2,29,1,1,4,5,1,12
2,29,1,1,4,5,1,600
2,29,1,1,9,,,380
2,29,1,2,1,4,2,60
2,29,1,2,1,5,2,220
2,29,1,2,1,5,5,154
2,29,1,2,4,4,1,0
2,29,1,3,1,5,5,20
2,29,1,3,4,5,1,70
2,29,1,4,1,4,1,1300
2,29,1,5,1,5,5,400
2,29,2,2,1,4,2,300
2,29,2,3,1,4,5,260
2,29,2,3,1,5,1,280
2,30,1,,1,1,3,250
2,30,1,,1,3,3,0
2,30,1,,1,3,4,18
2,30,1,,1,4,3,100
2,30,1,,1,4,3,250
2,30,1,,1,4,3,250
2,30,1,,1,4,4,100
2,30,1,,1,4,4,120
2,30,1,,1,4,4,150
2,30,1,,1,4,4,200
2,30,1,,1,4,4,300
2,30,1,,1,4,4,40
2,30,1,,1,4,4,5
2,30,1,,1,4,4,75
2,30,1,,1,4,4,80
2,30,1,,1,5,1,50
2,30,1,,1,5,4,10
2,30,1,,1,5,4,100
2,30,1,,1,5,4,150
2,30,1,,1,5,4,150
2,30,1,,1,5,4,20
2,30,1,,1,5,4,25
2,30,1,,1,5,4,270
2,30,1,,1,5,4,280
2,30,1,,1,5,4,35
2,30,1,,1,5,4,40
2,30,1,,1,5,4,40
2,30,1,,1,5,4,40
2,30,1,,1,5,4,45
2,30,1,,1,5,4,5
2,30,1,,1,5,4,50
2,30,1,,1,5,4,50
2,30,1,,1,5,4,50
2,30,1,,1,5,4,50
2,30,1,,1,5,4,500
2,30,1,,1,5,4,60
2,30,1,,1,5,4,80
2,30,1,,1,5,5,100
2,30,1,,10,,,50
2,30,1,,11,,,40
2,30,1,,2,4,4,60
2,30,1,,3,2,5,10
2,30,1,,4,1,1,300
2,30,1,,4,2,1,10
2,30,1,,4,5,1,120
2,30,1,,4,5,1,20
2,30,1,,4,5,1,80
2,30,1,,4,5,4,200
2,30,1,,4,5,4,80
2,30,1,1,1,2,1,30
2,30,1,1,1,4,2,200
2,30,1,1,1,4,3,300
2,30,1,1,1,4,4,280
2,30,1,1,1,4,4,70
2,30,1,1,1,5,2,200
2,30,1,1,1,5,2,500
2,30,1,1,1,5,4,10
2,30,1,1,1,5,4,10
2,30,1,1,1,5,5,20
2,30,1,1,1,5,5,80
2,30,1,1,2,4,2,10
2,30,1,1,4,4,1,0
2,30,1,1,4,4,1,10
2,30,1,1,4,4,1,800
2,30,1,1,4,4,2,145
2,30,1,1,4,5,1,200
2,30,1,2,1,1,3,100
2,30,1,2,4,5,1,100
2,30,1,3,1,4,3,121
2,30,1,4,1,4,3,100
2,30,1,4,1,5,5,300
2,30,1,4,2,1,1,95
2,30,1,6,4,1,1,60
2,30,2,,1,1,5,12
2,30,2,,1,2,5,430
2,30,2,,8,,,10
2,30,2,,8,,,200
2,31,1,,1,2,4,45
2,31,1,,1,3,5,1000
2,31,1,,1,4,2,70
2,31,1,,1,4,4,12
2,31,1,,1,4,4,15
2,31,1,,1,4,4,150
2,31,1,,1,4,4,190
2,31,1,,1,4,4,200
2,31,1,,1,4,4,24
2,31,1,,1,4,4,240
2,31,1,,1,4,4,25
2,31,1,,1,4,4,30
2,31,1,,1,4,4,7
2,31,1,,1,4,4,7
2,31,1,,1,5,4,0
2,31,1,,1,5,4,0
2,31,1,,1,5,4,10
2,31,1,,1,5,4,10
2,31,1,,1,5,4,100
2,31,1,,1,5,4,120
2,31,1,,1,5,4,200
2,31,1,,1,5,4,200
2,31,1,,1,5,4,25
2,31,1,,1,5,4,300
2,31,1,,1,5,4,300
2,31,1,,1,5,4,350
2,31,1,,1,5,4,50
2,31,1,,1,5,4,60
2,31,1,,1,5,4,60
2,31,1,,10,,,30
2,31,1,,2,5,4,20
2,31,1,,4,1,1,20
2,31,1,,4,4,1,10
2,31,1,,4,4,1,10
2,31,1,,4,5,1,10
2,31,1,,4,5,1,10
2,31,1,,4,5,1,150
2,31,1,,4,5,1,300
2,31,1,,4,5,1,37
2,31,1,,9,,,10
2,31,1,1,1,1,5,400
2,31,1,1,1,2,5,80
2,31,1,1,1,4,1,100
2,31,1,1,1,4,4,100
2,31,1,1,1,4,5,1000
2,31,1,1,1,4,5,300
2,31,1,1,1,5,2,100
2,31,1,1,2,2,2,100
2,31,1,1,2,5,2,30
2,31,1,1,4,1,1,10
2,31,1,1,4,5,1,10
2,31,1,2,1,4,1,50
2,31,1,2,1,5,3,1000
2,31,1,3,1,2,1,10
2,31,1,3,4,4,1,20
2,31,1,4,1,1,4,30
2,31,1,4,4,4,1,150
2,31,1,4,4,4,1,400
2,31,1,5,1,4,5,300
2,31,1,5,4,5,1,500
2,31,1,6,1,1,1,0
2,31,1,6,1,4,4,10
2,31,2,,8,,,20
2,32,1,,1,1,3,10
2,32,1,,1,1,3,35
2,32,1,,1,1,3,85
2,32,1,,1,1,4,10
2,32,1,,1,1,4,15
2,32,1,,1,1,4,20
2,32,1,,1,2,4,15
2,32,1,,1,2,4,40
2,32,1,,1,2,5,70
2,32,1,,1,4,3,100
2,32,1,,1,4,4,15
2,32,1,,1,4,4,150
2,32,1,,1,4,4,150
2,32,1,,1,4,4,200
2,32,1,,1,4,4,23
2,32,1,,1,4,4,25
2,32,1,,1,4,4,30
2,32,1,,1,4,4,35
2,32,1,,1,4,4,50
2,32,1,,1,4,4,60
2,32,1,,1,4,4,70
2,32,1,,1,4,4,70
2,32,1,,1,4,4,90
2,32,1,,1,4,5,10
2,32,1,,1,4,5,70
2,32,1,,1,5,1,100
2,32,1,,1,5,1,180
2,32,1,,1,5,3,10
2,32,1,,1,5,4,10
2,32,1,,1,5,4,10
2,32,1,,1,5,4,10
2,32,1,,1,5,4,10
2,32,1,,1,5,4,100
2,32,1,,1,5,4,100
2,32,1,,1,5,4,100
2,32,1,,1,5,4,100
2,32,1,,1,5,4,100
2,32,1,,1,5,4,120
2,32,1,,1,5,4,120
2,32,1,,1,5,4,144
2,32,1,,1,5,4,20
2,32,1,,1,5,4,200
2,32,1,,1,5,4,240
2,32,1,,1,5,4,30
2,32,1,,1,5,4,30
2,32,1,,1,5,4,300
2,32,1,,1,5,4,300
2,32,1,,1,5,4,4
2,32,1,,1,5,4,40
2,32,1,,1,5,4,45
2,32,1,,1,5,4,50
2,32,1,,1,5,4,50
2,32,1,,1,5,4,50
2,32,1,,1,5,4,50
2,32,1,,1,5,4,500
2,32,1,,1,5,4,60
2,32,1,,1,5,4,720
2,32,1,,1,5,4,75
2,32,1,,1,5,4,80
2,32,1,,1,5,4,80
2,32,1,,1,5,4,80
2,32,1,,1,5,4,90
2,32,1,,1,5,5,30
2,32,1,,10,,,35
2,32,1,,10,,,50
2,32,1,,11,,,40
2,32,1,,2,1,4,500
2,32,1,,4,1,1,100
2,32,1,,4,1,1,45
2,32,1,,4,1,1,50
2,32,1,,4,3,1,55
2,32,1,,4,4,1,10
2,32,1,,4,5,1,100
2,32,1,,4,5,1,26
2,32,1,,4,5,1,350
2,32,1,,4,5,1,50
2,32,1,,4,5,1,50
2,32,1,,4,5,1,60
2,32,1,,9,,,30
2,32,1,1,1,1,2,36
2,32,1,1,1,1,4,120
2,32,1,1,1,4,4,70
2,32,1,1,1,4,5,20
2,32,1,1,1,5,4,10
2,32,1,1,1,5,5,30
2,32,1,1,3,1,5,15
2,32,1,1,4,1,1,5
2,32,1,1,4,1,1,50
2,32,1,1,4,1,1,70
2,32,1,1,4,5,1,36
2,32,1,1,5,2,,130
2,32,1,1,5,2,,40
2,32,1,2,1,4,2,100
2,32,1,2,1,5,4,150
2,32,1,2,4,1,1,0
2,32,1,2,4,2,1,50
2,32,1,3,1,2,3,50
2,32,1,4,1,1,2,39
2,32,1,4,1,1,5,70
2,32,1,4,1,5,4,100
2,32,1,4,1,5,4,50
2,32,1,4,5,3,,10
2,32,1,5,1,3,5,5
2,32,1,5,1,4,5,50
2,32,1,5,1,5,4,35
2,32,1,5,4,4,1,200
2,32,1,5,4,4,1,25
2,32,1,6,1,2,5,100
2,32,1,6,7,,,0
2,32,2,,8,,,100
2,32,2,,8,,,300
2,32,2,,8,,,70
2,32,2,1,2,1,5,70
2,32,2,5,5,4,,50
2,33,1,,1,1,1,80
2,33,1,,1,1,4,3
2,33,1,,1,1,4,5
2,33,1,,1,1,5,50
2,33,1,,1,2,3,15
2,33,1,,1,2,3,30
2,33,1,,1,2,4,10
2,33,1,,1,2,4,90
2,33,1,,1,2,5,10
2,33,1,,1,3,4,28
2,33,1,,1,3,4,50
2,33,1,,1,3,4,85
2,33,1,,1,4,3,120
2,33,1,,1,4,3,600
2,33,1,,1,4,4,100
2,33,1,,1,4,4,12
2,33,1,,1,4,4,12
2,33,1,,1,4,4,15
2,33,1,,1,4,4,15
2,33,1,,1,4,4,15
2,33,1,,1,4,4,18
2,33,1,,1,4,4,25
2,33,1,,1,4,4,26
2,33,1,,1,4,4,300
2,33,1,,1,4,4,36
2,33,1,,1,4,4,5
2,33,1,,1,4,4,5
2,33,1,,1,4,4,5
2,33,1,,1,4,4,5
2,33,1,,1,4,4,50
2,33,1,,1,4,5,30
2,33,1,,1,5,2,96
2,33,1,,1,5,3,100
2,33,1,,1,5,4,0
2,33,1,,1,5,4,10
2,33,1,,1,5,4,12
2,33,1,,1,5,4,15
2,33,1,,1,5,4,15
2,33,1,,1,5,4,150
2,33,1,,1,5,4,150
2,33,1,,1,5,4,160
2,33,1,,1,5,4,18
2,33,1,,1,5,4,18
2,33,1,,1,5,4,20
2,33,1,,1,5,4,24
2,33,1,,1,5,4,25
2,33,1,,1,5,4,27
2,33,1,,1,5,4,30
2,33,1,,1,5,4,30
2,33,1,,1,5,4,35
2,33,1,,1,5,4,35
2,33,1,,1,5,4,4
2,33,1,,1,5,4,40
2,33,1,,1,5,4,45
2,33,1,,1,5,4,5
2,33,1,,1,5,4,50
2,33,1,,1,5,4,50
2,33,1,,1,5,4,6
2,33,1,,1,5,4,60
2,33,1,,1,5,4,60
2,33,1,,1,5,4,70
2,33,1,,1,5,4,72
2,33,1,,1,5,4,90
2,33,1,,1,5,5,30
2,33,1,,1,5,5,50
2,33,1,,1,5,5,7
2,33,1,,10,,,10
2,33,1,,10,,,10
2,33,1,,10,,,30
2,33,1,,11,,,18
2,33,1,,11,,,20
2,33,1,,11,,,25
2,33,1,,11,,,3
2,33,1,,11,,,35
2,33,1,,11,,,5
2,33,1,,11,,,6
2,33,1,,11,,,9
2,33,1,,2,1,4,9.6
2,33,1,,4,1,1,15
2,33,1,,4,1,4,25
2,33,1,,4,2,1,35
2,33,1,,4,2,1,5
2,33,1,,4,4,1,15
2,33,1,,4,4,1,24
2,33,1,,4,5,1,0
2,33,1,,4,5,1,10
2,33,1,,4,5,1,100
2,33,1,,4,5,1,20
2,33,1,,4,5,1,20
2,33,1,,4,5,1,30
2,33,1,,4,5,1,40
2,33,1,,4,5,1,60
2,33,1,,9,,,5
2,33,1,1,1,1,1,500
2,33,1,1,1,1,2,10
2,33,1,1,1,1,2,80
2,33,1,1,1,1,5,6
2,33,1,1,1,4,2,30
2,33,1,1,1,4,5,400
2,33,1,1,1,5,2,150
2,33,1,1,1,5,2,3
2,33,1,1,4,4,1,50
2,33,1,2,4,2,1,80
2,33,1,3,1,1,2,70
2,33,1,3,1,1,5,150
2,33,1,3,3,2,5,200
2,33,1,4,1,2,1,250
2,33,1,4,1,2,5,5
2,33,1,4,1,2,5,50
2,33,1,4,1,3,5,5
2,33,1,4,1,4,4,0
2,33,1,4,10,,,30
2,33,1,4,4,4,1,70
2,33,1,4,5,4,,200
2,33,1,5,1,5,2,300
2,33,1,5,1,5,4,100
2,33,1,5,1,5,4,80
2,33,1,5,2,1,1,5
2,33,1,6,1,2,5,30
2,33,1,6,1,5,4,40
2,33,2,,1,1,5,120
2,33,2,,1,2,4,28
2,33,2,,4,5,1,100
2,33,2,,8,,,10
2,33,2,,8,,,100
2,33,2,,8,,,12
2,33,2,1,1,1,2,38
2,33,2,2,1,5,4,7
2,33,2,3,1,5,5,100
2,33,2,4,8,,,40
2,33,2,5,1,1,5,20
2,33,2,5,1,5,5,18
2,33,2,5,10,,,50
3,47,1,,1,1,3,5
3,47,1,,1,1,4,25
3,47,1,,1,1,5,5
3,47,1,,1,1,5,65
3,47,1,,1,2,5,80
3,47,1,,1,4,3,70
3,47,1,,1,4,4,300
3,47,1,,1,4,5,20
3,47,1,,1,5,3,40
3,47,1,,10,,,140
3,47,1,,11,,,5
3,47,1,,11,,,65
3,47,1,,4,1,1,7
3,47,1,,4,2,1,12
3,47,1,,4,4,1,100
3,47,1,,4,5,1,20
3,47,1,,4,5,1,370
3,47,1,,4,5,1,80
3,47,1,,5,2,,5
3,47,1,,5,5,,300
3,47,1,1,1,1,2,30
3,47,1,1,1,1,3,240
3,47,1,1,1,1,4,6
3,47,1,1,1,1,5,5
3,47,1,1,1,2,5,120
3,47,1,1,1,3,3,300
3,47,1,1,1,4,3,20
3,47,1,1,1,4,4,65
3,47,1,1,1,5,2,100
3,47,1,1,1,5,4,10
3,47,1,1,11,,,140
3,47,1,1,2,4,2,5
3,47,1,1,2,5,5,5
3,47,1,1,3,1,5,65
3,47,1,1,4,4,1,50
3,47,1,1,5,1,,100
3,47,1,1,7,,,50
3,47,1,2,1,1,5,250
3,47,1,2,1,4,2,1
3,47,1,2,1,4,3,5
3,47,1,2,1,4,3,90
3,47,1,2,1,5,2,10
3,47,1,2,3,4,2,5
3,47,1,2,4,5,3,15
3,47,1,3,1,1,1,18
3,47,1,3,1,1,1,3
3,47,1,3,1,1,3,30
3,47,1,3,1,1,5,30
3,47,1,3,1,1,5,50
3,47,1,3,1,2,3,200
3,47,1,3,1,3,5,90
3,47,1,3,1,5,3,65
3,47,1,3,1,5,5,5
3,47,1,3,10,,,90
3,47,1,3,2,2,3,36
3,47,1,3,2,5,3,10
3,47,1,3,2,5,3,36
3,47,1,3,2,5,5,100
3,47,1,3,4,5,1,0
3,47,1,3,7,,,300
3,47,1,3,7,,,80
3,47,1,3,7,,,90
3,47,1,4,1,1,1,0
3,47,1,4,1,1,1,40
3,47,1,4,1,1,5,300
3,47,1,4,1,1,5,80
3,47,1,4,1,2,3,30
3,47,1,4,1,2,3,30
3,47,1,4,1,2,3,5
3,47,1,4,1,3,5,3
3,47,1,4,1,3,5,5
3,47,1,4,1,3,5,5
3,47,1,4,1,3,5,5
3,47,1,4,1,4,3,5
3,47,1,4,1,4,5,20
3,47,1,4,1,4,5,5
3,47,1,4,1,4,5,70
3,47,1,4,1,5,1,100
3,47,1,4,3,2,5,50
3,47,1,4,4,1,1,20
3,47,1,4,4,2,1,30
3,47,1,4,4,2,1,300
3,47,1,4,4,2,1,5
3,47,1,4,4,4,1,5
3,47,1,4,4,4,5,25
3,47,1,4,4,5,1,15
3,47,1,4,6,1,5,5
3,47,1,5,1,3,5,30
3,47,1,5,1,5,5,65
3,47,1,5,2,2,4,65
3,47,1,5,2,2,5,70
3,47,1,5,4,1,3,100
3,47,1,5,5,1,,70
3,47,1,5,5,5,,150
3,47,1,5,7,,,70
3,47,1,5,7,,,90
3,47,1,6,1,3,5,70
3,47,1,6,1,5,3,70
3,47,1,6,7,,,100
3,47,2,,1,1,3,70
3,47,2,,1,1,5,30
3,47,2,,1,1,5,5
3,47,2,,1,4,3,30
3,47,2,,4,4,1,80
3,47,2,,7,,,5
3,47,2,,8,,,108
3,47,2,,8,,,250
3,47,2,,8,,,280
3,47,2,,8,,,40
3,47,2,,8,,,50
3,47,2,1,1,3,5,70
3,47,2,1,2,2,2,40
3,47,2,1,8,,,80
3,47,2,2,1,1,5,250
3,47,2,2,1,2,5,5
3,47,2,2,5,5,,5
3,47,2,2,7,,,3
3,47,2,2,8,,,45
3,47,2,3,2,1,5,5
3,47,2,3,2,1,5,58
3,47,2,3,7,,,15
3,47,2,3,8,,,5
3,47,2,4,1,4,2,60
3,47,2,4,1,4,5,5
3,47,2,4,4,1,1,250
3,47,2,4,4,3,1,5
3,47,2,4,4,4,1,40
3,47,2,4,4,4,1,5
3,47,2,4,4,5,1,100
3,47,2,4,5,5,,5
3,47,2,4,8,,,30
3,47,2,5,1,1,3,100
3,47,2,5,1,4,2,10
3,47,2,5,1,4,5,20
3,47,2,5,1,4,5,30
3,47,2,5,1,4,5,60
3,47,2,5,10,,,200
3,47,2,5,2,4,5,7
3,47,2,5,5,5,,25
3,47,2,5,7,,,103
3,47,2,6,1,4,5,30
3,47,2,6,8,,,50
4,58,1,,1,3,4,0
4,58,1,,1,4,2,50
4,58,1,,1,5,2,0
4,58,1,,1,5,2,35
4,58,1,,1,5,4,47
4,58,1,,1,5,5,0
4,58,1,,10,,,40
4,58,1,,4,1,1,50
4,58,1,,4,4,1,200
4,58,1,,4,4,1,30
4,58,1,,5,2,,0
4,58,1,,5,2,,1
4,58,1,1,1,2,2,100
4,58,1,1,1,2,5,0
4,58,1,1,1,3,3,100
4,58,1,1,1,4,2,0
4,58,1,1,1,4,2,15
4,58,1,1,1,4,2,200
4,58,1,1,1,4,2,200
4,58,1,1,1,4,2,40
4,58,1,1,1,4,2,40
4,58,1,1,1,4,2,80
4,58,1,1,1,4,3,15
4,58,1,1,1,5,1,29
4,58,1,1,1,5,2,0
4,58,1,1,1,5,2,160
4,58,1,1,1,5,2,190
4,58,1,1,1,5,2,40
4,58,1,1,1,5,2,45
4,58,1,1,1,5,2,6
4,58,1,1,1,5,2,60
4,58,1,1,1,5,2,60
4,58,1,1,1,5,2,80
4,58,1,1,1,5,5,100
4,58,1,1,1,5,5,15
4,58,1,1,1,5,5,180
4,58,1,1,1,5,5,200
4,58,1,1,1,5,5,55
4,58,1,1,2,1,5,45
4,58,1,1,2,4,2,10
4,58,1,1,2,4,2,18
4,58,1,1,2,4,2,60
4,58,1,1,2,4,4,36
4,58,1,1,2,5,2,200
4,58,1,1,2,5,2,5
4,58,1,1,2,5,2,75
4,58,1,1,3,1,5,280
4,58,1,1,3,4,2,10
4,58,1,1,3,5,2,266
4,58,1,1,4,1,1,10
4,58,1,1,4,2,1,10
4,58,1,1,4,4,1,55
4,58,1,1,4,5,1,30
4,58,1,1,5,4,,7
4,58,1,1,7,,,83
4,58,1,2,1,5,2,130
4,58,1,2,4,4,5,15
4,58,1,2,4,5,1,20
4,58,1,2,5,5,,120
4,58,1,3,1,5,1,40
4,58,1,3,2,4,1,200
4,58,1,3,3,3,5,100
4,58,1,3,4,1,1,10
4,58,1,3,4,4,1,15
4,58,1,3,4,5,1,30
4,58,1,3,4,5,1,50
4,58,1,4,1,1,5,10
4,58,1,4,1,3,4,146
4,58,1,4,1,3,5,30
4,58,1,4,1,4,3,35
4,58,1,4,1,5,2,50
4,58,1,4,1,5,5,10
4,58,1,4,1,5,5,200
4,58,1,4,1,5,5,40
4,58,1,4,1,5,5,50
4,58,1,4,11,,,10
4,58,1,4,11,,,10
4,58,1,4,2,1,4,12
4,58,1,4,2,4,5,25
4,58,1,4,3,1,5,30
4,58,1,4,3,4,5,7
4,58,1,4,4,4,1,100
4,58,1,4,4,4,1,12
4,58,1,4,4,4,1,15
4,58,1,4,4,5,1,10
4,58,1,4,4,5,1,250
4,58,1,5,1,4,2,15
4,58,1,5,1,4,5,20
4,58,1,5,1,5,2,150
4,58,1,5,1,5,4,40
4,58,1,5,10,,,60
4,58,1,5,3,4,2,10
4,58,1,5,5,4,,36
4,58,1,5,5,5,,10
4,58,1,5,5,5,,60
4,58,1,6,11,,,0
4,58,1,6,4,5,1,0
4,58,1,6,5,5,,15
4,58,2,,1,2,5,30
4,58,2,,8,,,200
4,58,2,,8,,,5
4,58,2,,8,,,75
4,58,2,1,1,4,2,100
4,58,2,1,2,4,3,100
4,58,2,1,3,3,2,93
4,58,2,1,9,,,0
4,58,2,3,5,5,,150
4,58,2,4,1,3,5,50
4,58,2,4,1,4,2,100
4,58,2,4,1,5,2,100
4,58,2,4,1,5,3,50
4,58,2,4,4,3,1,0
4,58,2,4,4,5,1,50
4,58,2,5,1,5,2,250
4,58,2,5,8,,,30
4,58,2,6,11,,,10
4,59,1,,1,1,1,12
4,59,1,,1,1,2,5
4,59,1,,1,1,4,25
4,59,1,,1,1,4,36
4,59,1,,1,1,4,72
4,59,1,,1,2,3,150
4,59,1,,1,4,4,40
4,59,1,,1,5,4,5
4,59,1,,10,,,15
4,59,1,,4,1,1,20
4,59,1,,4,1,1,78
4,59,1,,4,5,1,5
4,59,1,,4,5,1,5
4,59,1,,4,5,1,50
4,59,1,,5,5,,20
4,59,1,,5,5,,37
4,59,1,1,1,2,5,10
4,59,1,1,1,5,5,150
4,59,1,1,1,5,5,30
4,59,1,1,10,,,25
4,59,1,1,10,,,84
4,59,1,1,2,1,1,70
4,59,1,1,2,1,5,70
4,59,1,1,2,2,2,30
4,59,1,1,2,3,5,95
4,59,1,1,4,1,1,14
4,59,1,2,11,,,10
4,59,1,2,4,1,1,30
4,59,1,2,4,5,1,36
4,59,1,2,5,4,,100
4,59,1,3,1,1,5,30
4,59,1,3,1,2,5,5
4,59,1,3,1,4,3,15
4,59,1,3,3,1,5,60
4,59,1,3,4,4,1,5
4,59,1,3,4,5,1,100
4,59,1,4,1,1,5,30
4,59,1,4,10,,,35
4,59,1,4,2,2,5,50
4,59,1,4,2,5,2,0
4,59,1,4,3,5,2,37
4,59,1,4,4,1,1,12
4,59,1,4,4,5,1,200
4,59,1,4,5,5,,80
4,59,1,4,7,,,50
4,59,1,5,1,1,5,15
4,59,1,5,1,2,4,34
4,59,1,5,1,4,2,18
4,59,1,5,1,4,5,40
4,59,1,5,1,4,5,40
4,59,1,5,1,4,5,47
4,59,1,5,1,4,5,80
4,59,1,5,1,4,6,140
4,59,1,5,1,5,2,20
4,59,1,5,1,5,5,0
4,59,1,5,1,5,6,75
4,59,1,5,2,5,2,150
4,59,1,5,4,1,1,40
4,59,1,5,4,2,1,0
4,59,1,5,4,4,1,25
4,59,1,5,4,4,1,30
4,59,1,5,4,5,1,120
4,59,1,5,4,5,1,20
4,59,1,5,5,5,,0
4,59,1,5,5,5,,20
4,59,1,5,5,5,,60
4,59,1,6,1,5,3,5
4,59,2,,1,1,5,10
4,59,2,,8,,,15
4,59,2,,8,,,30
4,59,2,,8,,,70
4,59,2,,8,,,8
4,59,2,1,1,5,5,3
4,59,2,2,8,,,280
4,59,2,2,8,,,50
4,59,2,3,7,,,5
4,59,2,4,1,1,5,120
4,59,2,4,4,5,1,0
4,59,2,5,10,,,10
4,59,2,5,5,4,,20
4,59,2,5,8,,,12
4,60,1,,1,1,3,100
4,60,1,,1,2,4,40
4,60,1,,1,2,5,12
4,60,1,,1,3,3,10
4,60,1,,1,4,4,40
4,60,1,,1,4,5,50
4,60,1,,1,5,2,200
4,60,1,,1,5,2,72
4,60,1,,1,5,3,100
4,60,1,,1,5,3,40
4,60,1,,1,5,3,70
4,60,1,,1,5,4,80
4,60,1,,1,5,5,36
4,60,1,,1,5,5,80
4,60,1,,11,,,40
4,60,1,,2,1,4,50
4,60,1,,2,4,5,20
4,60,1,,4,1,1,100
4,60,1,,4,1,1,60
4,60,1,,4,1,3,25
4,60,1,,4,4,1,10
4,60,1,,4,4,6,10
4,60,1,1,1,1,4,50
4,60,1,1,1,1,5,6
4,60,1,1,1,3,5,70
4,60,1,1,1,4,5,2
4,60,1,1,1,5,2,19
4,60,1,1,4,2,1,30
4,60,1,1,4,5,1,10
4,60,1,1,4,5,1,200
4,60,1,2,1,4,5,200
4,60,1,2,4,4,1,40
4,60,1,2,5,4,,30
4,60,1,3,1,3,5,50
4,60,1,4,1,4,5,70
4,60,1,4,1,5,4,20
4,60,1,4,1,5,5,60
4,60,1,4,2,5,2,100
4,60,1,4,3,4,5,100
4,60,1,4,4,5,1,75
4,60,1,5,1,3,2,12
4,60,1,5,1,4,5,240
4,60,2,,1,4,1,0
4,60,2,,1,5,4,10
4,60,2,3,5,5,,0
4,60,2,4,1,4,5,10
4,61,1,,1,1,4,40
4,61,1,,1,4,2,25
4,61,1,,1,4,3,200
4,61,1,,1,4,3,30
4,61,1,,2,4,5,20
4,61,1,,3,4,5,35
4,61,1,,4,1,1,10
4,61,1,,4,1,1,30
4,61,1,,4,5,1,0
4,61,1,,4,5,1,10
4,61,1,,4,5,1,10
4,61,1,,4,5,3,38
4,61,1,,4,5,5,10
4,61,1,1,1,1,5,0
4,61,1,1,1,3,5,50
4,61,1,1,1,4,1,40
4,61,1,1,1,4,2,100
4,61,1,1,1,4,2,240
4,61,1,1,1,4,2,30
4,61,1,1,1,4,2,50
4,61,1,1,1,4,2,95
4,61,1,1,1,5,5,0
4,61,1,1,2,1,2,30
4,61,1,1,4,1,1,10
4,61,1,1,4,5,1,40
4,61,1,1,4,5,1,50
4,61,1,3,1,1,5,75
4,61,1,3,1,1,5,75
4,61,1,3,2,2,5,10
4,61,1,3,4,5,1,40
4,61,1,3,6,2,5,60
4,61,1,4,1,2,5,0
4,61,1,4,4,1,1,60
4,61,1,4,9,,,50
4,61,1,5,1,2,4,25
4,61,1,5,1,3,5,200
4,61,2,,1,3,5,30
4,61,2,,1,4,5,40
4,61,2,,1,5,5,24
4,61,2,,1,5,5,25
4,61,2,,3,5,5,45
4,61,2,,8,,,170
4,61,2,,8,,,30
4,61,2,,8,,,30
4,61,2,,8,,,30
4,61,2,,8,,,45
4,61,2,,8,,,50
4,61,2,,8,,,70
4,61,2,2,1,1,5,10
4,61,2,2,4,5,1,10
4,61,2,4,1,1,5,50
4,61,2,4,3,3,5,15
4,61,2,4,3,5,5,12
4,61,2,4,4,1,1,55
4,61,2,4,4,5,1,35
4,61,2,4,8,,,10
4,61,2,5,1,5,5,68
4,61,2,5,5,1,,3
4,62,1,,1,2,4,30
4,62,1,,1,2,5,10
4,62,1,,1,4,2,40
4,62,1,,1,4,5,5
4,62,1,,1,5,2,20
4,62,1,,1,5,3,50
4,62,1,,1,5,4,70
4,62,1,,1,5,5,100
4,62,1,,1,5,5,19
4,62,1,,1,5,5,45
4,62,1,1,1,4,2,10
4,62,1,1,1,4,2,100
4,62,1,1,1,4,2,200
4,62,1,1,1,4,2,270
4,62,1,1,1,4,2,30
4,62,1,1,1,4,2,30
4,62,1,1,1,4,2,40
4,62,1,1,1,4,2,50
4,62,1,1,1,4,5,10
4,62,1,1,1,4,5,190
4,62,1,1,1,4,5,20
4,62,1,1,1,4,5,30
4,62,1,1,1,4,5,40
4,62,1,1,1,4,5,50
4,62,1,1,1,4,5,79
4,62,1,1,1,4,5,80
4,62,1,1,1,5,2,10
4,62,1,1,1,5,2,120
4,62,1,1,1,5,2,120
4,62,1,1,1,5,2,200
4,62,1,1,1,5,2,280
4,62,1,1,1,5,2,30
4,62,1,1,1,5,2,35
4,62,1,1,1,5,2,60
4,62,1,1,1,5,3,100
4,62,1,1,1,5,3,80
4,62,1,1,1,5,4,150
4,62,1,1,1,5,5,45
4,62,1,1,1,5,5,50
4,62,1,1,1,5,5,80
4,62,1,1,10,,,28
4,62,1,1,2,4,2,10
4,62,1,1,2,4,5,40
4,62,1,1,2,5,2,10
4,62,1,1,2,5,2,120
4,62,1,1,2,5,2,30
4,62,1,1,2,5,2,40
4,62,1,1,3,3,5,32
4,62,1,1,4,2,1,30
4,62,1,1,4,2,1,64
4,62,1,1,4,5,1,100
4,62,1,1,4,5,1,45
4,62,1,1,4,5,1,55
4,62,1,1,5,5,,50
4,62,1,1,7,,,15
4,62,1,1,7,,,50
4,62,1,2,1,4,2,150
4,62,1,2,1,4,5,30
4,62,1,2,1,5,5,45
4,62,1,2,1,5,5,60
4,62,1,2,10,,,10
4,62,1,3,1,1,3,1
4,62,1,3,1,1,5,100
4,62,1,3,1,1,5,80
4,62,1,3,1,3,5,100
4,62,1,3,1,5,1,35
4,62,1,3,1,5,2,50
4,62,1,3,4,5,1,28
4,62,1,3,7,,,100
4,62,1,4,1,2,5,30
4,62,1,4,1,4,1,10
4,62,1,4,1,4,4,5
4,62,1,4,1,5,1,30
4,62,1,4,1,5,2,0
4,62,1,4,1,5,5,100
4,62,1,4,1,5,5,70
4,62,1,4,7,,,70
4,62,1,5,1,4,2,10
4,62,1,5,1,4,5,50
4,62,1,5,1,5,5,80
4,62,1,5,10,,,18
4,62,1,5,4,5,1,0
4,62,1,5,7,,,10
4,62,1,6,7,,,90
4,62,2,1,1,4,5,10
4,62,2,2,1,4,5,0
4,62,2,4,1,2,4,10
4,62,2,4,3,5,5,36
4,62,2,4,4,2,1,18
4,62,2,5,1,4,5,10
4,62,2,5,1,5,2,30
4,62,2,5,1,5,2,70
4,62,2,5,8,,,30
4,63,1,,1,5,5,50
4,63,1,,11,,,12
4,63,1,,3,3,5,50
4,63,1,,4,1,1,10
4,63,1,,4,2,1,15
4,63,1,,4,2,1,20
4,63,1,,4,5,1,3
4,63,1,,4,5,1,35
4,63,1,1,1,4,5,0
4,63,1,1,1,4,5,16
4,63,1,1,1,4,5,3
4,63,1,1,1,5,1,75
4,63,1,1,1,5,2,75
4,63,1,1,1,5,5,15
4,63,1,1,1,5,5,20
4,63,1,1,2,4,2,92
4,63,1,1,4,1,1,5
4,63,1,1,4,1,5,10
4,63,1,1,4,2,1,45
4,63,1,1,4,4,1,0
4,63,1,1,4,4,5,15
4,63,1,1,4,5,1,10
4,63,1,1,7,,,10
4,63,1,1,7,,,40
4,63,1,2,1,5,5,30
4,63,1,2,11,,,10
4,63,1,2,2,2,3,0
4,63,1,2,4,2,1,0
4,63,1,2,4,4,1,15
4,63,1,2,4,5,1,5
4,63,1,2,7,,,10
4,63,1,3,1,1,5,20
4,63,1,3,1,4,5,200
4,63,1,3,1,5,1,150
4,63,1,3,1,5,3,0
4,63,1,3,1,5,3,130
4,63,1,3,1,5,5,100
4,63,1,3,10,,,10
4,63,1,3,2,4,2,15
4,63,1,3,2,4,5,40
4,63,1,3,3,3,5,50
4,63,1,3,4,1,1,3
4,63,1,4,1,1,5,50
4,63,1,4,1,2,5,40
4,63,1,4,1,4,2,30
4,63,1,4,1,4,5,15
4,63,1,4,1,4,5,150
4,63,1,4,1,5,1,100
4,63,1,4,1,5,5,25
4,63,1,4,11,,,40
4,63,1,4,2,1,5,36
4,63,1,4,2,3,1,0
4,63,1,4,2,3,5,3
4,63,1,4,2,4,1,50
4,63,1,4,3,1,5,30
4,63,1,4,4,1,1,100
4,63,1,4,4,1,1,18
4,63,1,4,4,1,1,50
4,63,1,4,4,2,1,0
4,63,1,4,4,2,1,18
4,63,1,4,4,4,1,10
4,63,1,4,4,4,5,25
4,63,1,4,5,3,,35
4,63,1,5,1,4,5,5
4,63,1,5,3,5,2,10
4,63,1,5,4,4,1,10
4,63,2,,5,4,,65
4,63,2,1,5,5,,3
4,63,2,3,1,4,2,35
4,63,2,4,1,4,5,15
4,63,2,4,2,5,2,15
4,63,2,4,3,4,2,0.8
4,63,2,4,4,3,1,10
4,63,2,4,4,4,1,3
4,63,2,5,1,5,2,170
5,66,1,,1,1,4,15
5,66,1,,1,1,4,300
5,66,1,,1,1,5,20
5,66,1,,1,1,5,25
5,66,1,,1,2,3,3
5,66,1,,1,2,5,30
5,66,1,,1,2,5,300
5,66,1,,1,3,3,300
5,66,1,,1,3,5,25
5,66,1,,1,4,3,130
5,66,1,,1,4,3,40
5,66,1,,1,4,3,40
5,66,1,,1,4,3,70
5,66,1,,1,4,5,100
5,66,1,,1,5,3,45
5,66,1,,1,5,3,50
5,66,1,,1,5,3,50
5,66,1,,1,5,3,50
5,66,1,,1,5,3,60
5,66,1,,1,5,5,100
5,66,1,,1,5,5,200
5,66,1,,1,5,5,25
5,66,1,,1,5,5,40
5,66,1,,1,5,5,80
5,66,1,,10,,,100
5,66,1,,10,,,15
5,66,1,,2,5,1,200
5,66,1,,4,1,1,18
5,66,1,,4,1,1,19
5,66,1,,4,1,1,40
5,66,1,,4,4,1,25
5,66,1,,4,5,1,30
5,66,1,,4,5,1,70
5,66,1,,5,1,,150
5,66,1,1,1,1,3,135
5,66,1,1,1,4,5,200
5,66,1,1,10,,,0
5,66,1,1,2,1,3,60
5,66,1,1,2,4,3,100
5,66,1,1,4,1,1,150
5,66,1,1,4,2,1,200
5,66,1,1,4,2,1,25
5,66,1,2,1,1,5,25
5,66,1,2,2,4,3,900
5,66,1,2,2,4,5,80
5,66,1,2,4,1,1,15
5,66,1,3,1,1,3,0
5,66,1,3,1,1,3,300
5,66,1,3,1,1,5,200
5,66,1,3,1,1,5,30
5,66,1,3,1,2,5,50
5,66,1,3,1,4,3,100
5,66,1,3,1,4,3,120
5,66,1,3,1,4,5,150
5,66,1,3,1,4,5,300
5,66,1,3,1,4,5,50
5,66,1,3,1,5,3,50
5,66,1,3,10,,,2000
5,66,1,3,2,4,1,200
5,66,1,3,2,5,1,500
5,66,1,3,2,5,1,60
5,66,1,3,2,5,5,250
5,66,1,3,2,5,5,300
5,66,1,3,4,5,1,75
5,66,1,3,5,5,,65
5,66,1,4,1,1,3,50
5,66,1,4,1,3,3,50
5,66,1,4,1,4,5,45
5,66,1,4,1,5,3,50
5,66,1,4,1,5,3,80
5,66,1,4,1,5,5,30
5,66,1,4,1,5,5,450
5,66,1,4,2,2,5,10
5,66,1,4,2,4,5,250
5,66,1,4,4,1,3,300
5,66,1,4,4,3,1,80
5,66,1,4,4,5,1,500
5,66,1,4,5,3,,200
5,66,1,4,5,4,,1000
5,66,1,5,1,2,5,1000
5,66,1,6,1,1,5,50
5,66,2,,1,2,4,18
5,66,2,,1,4,5,48
5,66,2,,1,4,5,50
5,66,2,,1,4,5,50
5,66,2,,1,5,5,12
5,66,2,,11,,,20
5,66,2,,4,1,1,24
5,66,2,,4,2,1,20
5,66,2,,4,4,5,500
5,66,2,,8,,,100
5,66,2,,8,,,130
5,66,2,,8,,,15
5,66,2,,8,,,150
5,66,2,,8,,,152
5,66,2,,8,,,20
5,66,2,,8,,,250
5,66,2,,8,,,29
5,66,2,,8,,,30
5,66,2,,8,,,300
5,66,2,,8,,,35
5,66,2,,8,,,40
5,66,2,,8,,,480
5,66,2,,8,,,70
5,66,2,1,1,1,5,100
5,66,2,1,1,1,5,130
5,66,2,3,1,5,5,40
5,66,2,4,1,2,5,15
5,66,2,4,1,4,5,300
5,66,2,4,1,5,5,200
5,66,2,4,5,1,,25
5,66,2,4,8,,,150
5,66,2,4,8,,,20
5,66,2,4,8,,,500
5,66,2,4,9,,,90
5,66,2,5,8,,,50
5,66,2,6,1,1,5,30
5,66,2,6,8,,,150
6,70,1,,1,3,4,0
6,70,1,,1,4,4,5
6,70,1,,1,5,2,0
6,70,1,,1,5,4,70
6,70,1,,1,5,5,650
6,70,1,,10,,,0
6,70,1,,2,2,4,15
6,70,1,,3,5,2,400
6,70,1,,4,4,1,3
6,70,1,,4,5,1,45
6,70,1,,4,5,1,5
6,70,1,1,1,4,2,0
6,70,1,1,1,4,2,200
6,70,1,1,1,4,2,30
6,70,1,1,1,4,2,80
6,70,1,1,1,4,2,80
6,70,1,1,1,4,5,70
6,70,1,1,1,5,2,100
6,70,1,1,1,5,2,100
6,70,1,1,1,5,2,120
6,70,1,1,1,5,2,70
6,70,1,1,1,5,5,15
6,70,1,1,10,,,0
6,70,1,1,11,,,0
6,70,1,1,2,2,2,5
6,70,1,1,2,4,2,300
6,70,1,1,2,4,5,400
6,70,1,1,2,5,2,14
6,70,1,1,2,5,2,80
6,70,1,1,3,4,5,0
6,70,1,1,3,5,2,0
6,70,1,1,3,5,2,30
6,70,1,1,4,1,1,200
6,70,1,1,4,2,1,30
6,70,1,1,5,4,,10
6,70,1,1,7,,,150
6,70,1,1,7,,,50
6,70,1,2,1,4,2,15
6,70,1,2,1,4,2,170
6,70,1,2,1,4,2,200
6,70,1,2,1,4,2,25
6,70,1,2,1,4,2,8
6,70,1,2,1,5,2,300
6,70,1,2,1,5,2,440
6,70,1,2,11,,,0
6,70,1,2,11,,,0
6,70,1,2,3,5,2,0
6,70,1,2,3,5,2,10
6,70,1,2,3,5,2,7
6,70,1,2,4,2,1,25
6,70,1,2,4,3,1,100
6,70,1,2,4,4,1,50
6,70,1,2,4,5,1,30
6,70,1,3,2,1,1,0
6,70,1,3,2,4,5,0
6,70,1,3,3,4,2,300
6,70,1,3,4,1,1,48
6,70,1,4,1,4,5,300
6,70,1,4,1,5,2,55
6,70,1,4,10,,,36
6,70,1,4,11,,,0
6,70,1,4,2,2,5,10
6,70,1,4,2,5,2,10
6,70,1,4,3,5,5,5
6,70,1,4,4,2,1,7
6,70,1,4,4,4,1,50
6,70,1,4,5,5,,0
6,70,1,5,11,,,0
6,70,1,5,4,1,1,5
6,70,1,5,4,4,1,5
6,70,2,,1,4,2,93
6,70,2,,11,,,20
6,70,2,1,3,5,5,100
6,70,2,1,8,,,0
6,70,2,2,2,5,2,0
6,70,2,2,3,5,2,100
6,70,2,2,8,,,0
6,70,2,3,4,1,3,8
6,70,2,3,8,,,24
6,70,2,4,3,5,2,50
6,70,2,5,5,4,,10
6,70,2,5,5,5,,0
6,70,2,5,5,5,,10
6,71,1,,1,2,4,5
6,71,1,,1,2,4,90
6,71,1,,1,3,5,50
6,71,1,,1,4,3,10
6,71,1,,1,4,4,25
6,71,1,,1,4,4,35
6,71,1,,1,4,4,5
6,71,1,,1,5,1,20
6,71,1,,1,5,3,50
6,71,1,,1,5,3,90
6,71,1,,1,5,4,35
6,71,1,,1,5,4,40
6,71,1,,1,5,4,60
6,71,1,,1,5,4,90
6,71,1,,1,5,5,100
6,71,1,,10,,,5
6,71,1,,11,,,24
6,71,1,,3,1,5,8
6,71,1,,3,3,5,12
6,71,1,,3,4,5,10
6,71,1,,3,4,5,12
6,71,1,,3,4,5,15
6,71,1,,3,4,5,18
6,71,1,,3,4,5,30
6,71,1,,3,4,5,4
6,71,1,,3,4,5,5
6,71,1,,3,4,5,5
6,71,1,,3,4,5,6
6,71,1,,3,5,5,12
6,71,1,,3,5,5,15
6,71,1,,3,5,5,15
6,71,1,,3,5,5,30
6,71,1,,3,5,5,5
6,71,1,,4,1,1,100
6,71,1,,4,1,1,42
6,71,1,,4,1,3,20
6,71,1,,4,4,1,50
6,71,1,,4,5,1,0
6,71,1,,4,5,1,20
6,71,1,,4,5,1,25
6,71,1,1,1,1,5,100
6,71,1,1,1,1,5,5
6,71,1,1,1,1,5,70
6,71,1,1,1,3,3,80
6,71,1,1,1,4,3,60
6,71,1,1,1,5,3,120
6,71,1,1,2,1,2,140
6,71,1,1,2,4,1,200
6,71,1,1,2,4,2,20
6,71,1,1,2,4,5,35
6,71,1,1,4,2,1,20
6,71,1,1,4,2,1,3
6,71,1,1,4,2,1,50
6,71,1,1,4,4,1,350
6,71,1,1,4,5,1,100
6,71,1,1,4,5,1,25
6,71,1,2,1,4,1,30
6,71,1,2,1,4,5,200
6,71,1,2,4,4,1,10
6,71,1,2,5,3,,50
6,71,1,2,5,5,,5
6,71,1,3,1,1,2,120
6,71,1,3,1,1,5,50
6,71,1,3,1,4,1,0
6,71,1,3,1,4,5,120
6,71,1,3,1,4,5,45
6,71,1,3,1,4,5,500
6,71,1,3,10,,,15
6,71,1,3,10,,,50
6,71,1,3,2,1,1,100
6,71,1,3,2,4,5,500
6,71,1,3,3,3,5,5
6,71,1,3,3,4,5,28
6,71,1,3,3,5,5,50
6,71,1,3,4,5,1,100
6,71,1,3,4,5,5,0
6,71,1,3,5,5,,85
6,71,1,3,7,,,5
6,71,1,3,9,,,180
6,71,1,4,1,3,5,20
6,71,1,4,1,3,5,50
6,71,1,4,1,4,1,100
6,71,1,4,1,4,3,60
6,71,1,4,1,4,5,120
6,71,1,4,1,5,2,280
6,71,1,4,1,5,2,70
6,71,1,4,1,5,5,150
6,71,1,4,1,5,5,200
6,71,1,4,1,5,5,30
6,71,1,4,1,5,5,60
6,71,1,4,10,,,30
6,71,1,4,2,1,1,50
6,71,1,4,2,3,3,1
6,71,1,4,2,4,5,400
6,71,1,4,2,5,3,100
6,71,1,4,2,5,5,100
6,71,1,4,3,2,5,5
6,71,1,4,3,4,5,10
6,71,1,4,3,4,5,100
6,71,1,4,3,4,5,13
6,71,1,4,3,5,5,1
6,71,1,4,3,5,5,12
6,71,1,4,3,5,5,15
6,71,1,4,4,4,1,150
6,71,1,4,7,,,20
6,71,1,5,1,4,5,170
6,71,1,5,1,4,5,200
6,71,1,5,1,4,5,28
6,71,1,5,1,4,5,50
6,71,1,5,1,5,5,25
6,71,1,5,1,5,5,36
6,71,1,5,1,5,5,50
6,71,1,5,2,5,5,150
6,71,1,5,4,2,1,90
6,71,1,5,4,4,1,0
6,71,1,5,4,4,1,50
6,71,1,6,3,4,1,8
6,71,1,6,3,4,5,12
6,71,2,,1,2,5,5
6,71,2,,1,3,5,200
6,71,2,,1,4,1,50
6,71,2,,1,4,3,15
6,71,2,,1,5,2,8
6,71,2,,1,5,5,120
6,71,2,,4,4,1,12
6,71,2,1,1,5,5,50
6,71,2,2,1,5,2,10
6,71,2,2,1,5,2,65
6,71,2,2,8,,,30
6,71,2,3,1,3,5,10
6,71,2,3,8,,,500
6,71,2,4,1,1,5,3
6,71,2,4,1,2,5,300
6,71,2,4,1,4,5,5
6,71,2,4,3,4,5,20
6,71,2,4,3,4,5,5
6,71,2,4,8,,,5
6,71,2,5,1,4,5,18
6,71,2,5,1,5,2,15
6,71,2,5,1,5,2,25
6,71,2,5,10,,,200
6,71,2,5,5,1,,250
6,72,1,,1,4,4,100
6,72,1,,1,4,4,50
6,72,1,,1,4,4,70
6,72,1,,1,4,5,100
6,72,1,,1,5,4,0
6,72,1,,1,5,4,100
6,72,1,,1,5,4,50
6,72,1,,1,5,4,50
6,72,1,,1,5,5,5
6,72,1,,1,5,5,60
6,72,1,,1,5,5,65
6,72,1,,10,,,25
6,72,1,,11,,,60
6,72,1,,2,4,2,40
6,72,1,1,1,1,1,50
6,72,1,1,1,2,2,45
6,72,1,1,1,2,5,5
6,72,1,1,1,4,2,10
6,72,1,1,1,4,2,10
6,72,1,1,1,4,2,100
6,72,1,1,1,4,2,100
6,72,1,1,1,4,2,100
6,72,1,1,1,4,2,20
6,72,1,1,1,4,2,200
6,72,1,1,1,4,2,80
6,72,1,1,1,4,4,50
6,72,1,1,1,4,5,10
6,72,1,1,1,4,5,100
6,72,1,1,1,4,5,30
6,72,1,1,1,4,5,30
6,72,1,1,1,4,5,35
6,72,1,1,1,4,5,5
6,72,1,1,1,5,2,0
6,72,1,1,1,5,2,10
6,72,1,1,1,5,2,10
6,72,1,1,1,5,2,100
6,72,1,1,1,5,2,100
6,72,1,1,1,5,2,100
6,72,1,1,1,5,2,130
6,72,1,1,1,5,2,150
6,72,1,1,1,5,2,150
6,72,1,1,1,5,2,20
6,72,1,1,1,5,2,200
6,72,1,1,1,5,2,30
6,72,1,1,1,5,2,30
6,72,1,1,1,5,2,30
6,72,1,1,1,5,2,30
6,72,1,1,1,5,2,300
6,72,1,1,1,5,2,350
6,72,1,1,1,5,2,420
6,72,1,1,1,5,2,5
6,72,1,1,1,5,2,5
6,72,1,1,1,5,2,5
6,72,1,1,1,5,2,50
6,72,1,1,1,5,2,60
6,72,1,1,1,5,2,70
6,72,1,1,1,5,2,70
6,72,1,1,1,5,2,70
6,72,1,1,1,5,2,75
6,72,1,1,1,5,2,75
6,72,1,1,1,5,2,80
6,72,1,1,1,5,2,85
6,72,1,1,1,5,2,90
6,72,1,1,1,5,5,100
6,72,1,1,1,5,5,100
6,72,1,1,1,5,5,100
6,72,1,1,1,5,5,120
6,72,1,1,1,5,5,120
6,72,1,1,1,5,5,15
6,72,1,1,1,5,5,150
6,72,1,1,1,5,5,150
6,72,1,1,1,5,5,150
6,72,1,1,1,5,5,25
6,72,1,1,1,5,5,250
6,72,1,1,1,5,5,30
6,72,1,1,1,5,5,390
6,72,1,1,1,5,5,390
6,72,1,1,1,5,5,40
6,72,1,1,1,5,5,40
6,72,1,1,1,5,5,5
6,72,1,1,1,5,5,5
6,72,1,1,1,5,5,5
6,72,1,1,1,5,5,50
6,72,1,1,1,5,5,50
6,72,1,1,1,5,5,50
6,72,1,1,1,5,5,60
6,72,1,1,1,5,5,60
6,72,1,1,1,5,5,700
6,72,1,1,1,5,5,90
6,72,1,1,1,5,5,90
6,72,1,1,10,,,10
6,72,1,1,2,3,5,150
6,72,1,1,2,4,1,300
6,72,1,1,2,4,2,200
6,72,1,1,2,4,2,4
6,72,1,1,2,4,2,5
6,72,1,1,3,3,5,200
6,72,1,1,3,5,2,100
6,72,1,1,3,5,2,300
6,72,1,1,4,1,1,30
6,72,1,1,4,2,1,50
6,72,1,1,4,5,1,100
6,72,1,1,4,5,1,150
6,72,1,1,4,5,1,20
6,72,1,1,4,5,2,10
6,72,1,1,4,5,3,60
6,72,1,1,9,,,350
6,72,1,2,1,4,2,400
6,72,1,2,1,5,2,300
6,72,1,2,1,5,2,50
6,72,1,2,2,4,2,78
6,72,1,2,4,5,1,25
6,72,1,4,1,1,5,60
6,72,1,4,10,,,25
6,72,1,5,1,2,5,10
6,72,1,5,10,,,80
6,72,1,6,4,2,1,5
6,72,2,,8,,,10
6,72,2,1,1,5,2,16
6,72,2,1,1,5,5,120
6,72,2,1,1,5,5,20
6,72,2,1,1,5,5,50
6,72,2,1,1,5,5,50
6,72,2,1,1,5,5,65
6,72,2,1,1,5,5,70
6,72,2,1,8,,,80
6,72,2,2,5,4,,0
6,73,1,,1,1,4,15
6,73,1,,1,1,4,48
6,73,1,,1,1,4,50
6,73,1,,1,1,4,55
6,73,1,,1,1,5,5
6,73,1,,1,1,5,50
6,73,1,,1,2,4,48
6,73,1,,1,3,3,80
6,73,1,,1,3,5,15
6,73,1,,1,3,5,30
6,73,1,,1,4,3,100
6,73,1,,1,4,3,5
6,73,1,,1,4,4,0
6,73,1,,1,4,4,100
6,73,1,,1,4,5,30
6,73,1,,1,5,3,30
6,73,1,,1,5,4,120
6,73,1,,1,5,4,15
6,73,1,,1,5,4,15
6,73,1,,1,5,4,20
6,73,1,,1,5,4,45
6,73,1,,1,5,4,50
6,73,1,,1,5,5,10
6,73,1,,1,5,5,360
6,73,1,,10,,,15
6,73,1,,11,,,3
6,73,1,,11,,,3
6,73,1,,11,,,5
6,73,1,,2,1,5,30
6,73,1,,2,1,5,30
6,73,1,,3,1,5,10
6,73,1,,4,1,1,200
6,73,1,,4,1,1,30
6,73,1,,4,1,1,84
6,73,1,,4,4,1,30
6,73,1,,4,5,1,10
6,73,1,,4,5,1,20
6,73,1,,4,5,1,20
6,73,1,,4,5,1,20
6,73,1,,4,5,1,5
6,73,1,,4,5,1,9
6,73,1,,5,5,,10
6,73,1,,9,,,5
6,73,1,1,1,1,2,10
6,73,1,1,1,1,5,30
6,73,1,1,1,1,5,80
6,73,1,1,1,4,2,20
6,73,1,1,1,4,5,50
6,73,1,1,1,4,5,82
6,73,1,1,1,5,2,10
6,73,1,1,1,5,2,24
6,73,1,1,1,5,3,60
6,73,1,1,1,5,4,42
6,73,1,1,3,1,5,40
6,73,1,1,4,1,1,500
6,73,1,1,4,4,1,30
6,73,1,1,5,5,,2
6,73,1,1,7,,,120
6,73,1,2,1,1,2,100
6,73,1,2,1,1,3,100
6,73,1,2,1,5,2,120
6,73,1,2,1,5,2,120
6,73,1,2,1,5,2,50
6,73,1,2,1,5,5,50
6,73,1,2,1,5,6,180
6,73,1,2,11,,,100
6,73,1,2,2,1,3,40
6,73,1,2,2,5,1,70
6,73,1,2,4,4,1,5
6,73,1,2,4,5,1,24
6,73,1,2,4,5,1,50
6,73,1,3,1,5,5,20
6,73,1,3,2,2,3,15
6,73,1,3,2,4,1,40
6,73,1,3,4,1,3,60
6,73,1,3,4,2,1,10
6,73,1,4,1,1,5,30
6,73,1,4,1,1,5,35
6,73,1,4,1,4,2,13
6,73,1,4,1,4,5,430
6,73,1,4,1,5,2,45
6,73,1,4,10,,,30
6,73,1,4,4,5,1,40
6,73,1,4,5,4,,50
6,73,1,4,7,,,10
6,73,1,4,7,,,250
6,73,1,5,1,3,3,10
6,73,1,5,1,3,3,40
6,73,1,5,1,4,2,30
6,73,1,5,1,4,5,140
6,73,1,5,1,4,5,300
6,73,1,5,1,4,5,50
6,73,1,5,1,5,2,25
6,73,1,5,1,5,2,270
6,73,1,5,1,5,2,50
6,73,1,5,1,5,5,100
6,73,1,5,1,5,5,300
6,73,1,5,1,5,5,50
6,73,1,5,1,5,5,60
6,73,1,5,10,,,60
6,73,1,5,2,1,1,10
6,73,1,5,2,4,5,300
6,73,1,5,2,5,2,70
6,73,1,5,4,5,1,50
6,73,1,5,5,4,,3.6
6,73,1,5,5,4,,45
6,73,1,5,7,,,10
6,73,1,6,1,1,5,20
6,73,1,6,1,5,3,75
6,73,1,6,1,5,4,5
6,73,1,6,10,,,65
6,73,1,6,7,,,300
6,73,1,6,7,,,60
6,73,1,6,7,,,80
6,73,2,,1,4,5,60
6,73,2,,4,2,1,4
6,73,2,,8,,,10
6,73,2,,8,,,18
6,73,2,,8,,,25
6,73,2,,8,,,30
6,73,2,,8,,,30
6,73,2,,8,,,48
6,73,2,1,5,5,,200
6,73,2,1,7,,,200
6,73,2,2,1,4,5,380
6,73,2,2,1,5,5,95
6,73,2,2,4,5,1,50
6,73,2,3,10,,,24
6,73,2,3,4,4,1,10
6,73,2,4,1,4,5,40
6,73,2,4,1,5,4,12
6,73,2,4,5,5,,80
6,73,2,4,7,,,40
6,73,2,4,8,,,24
6,73,2,4,8,,,25
6,73,2,5,1,3,5,5
6,73,2,5,1,4,2,0
6,73,2,5,1,4,5,100
6,73,2,5,1,5,2,15
6,73,2,5,1,5,5,12
6,73,2,5,1,5,5,700
6,73,2,5,2,4,2,10
6,73,2,5,3,4,2,70
6,73,2,5,5,4,,270
6,73,2,5,5,5,,30
6,73,2,6,1,5,5,70
6,73,2,6,2,1,5,96
6,73,2,6,4,1,1,500
7,74,1,,1,1,3,35
7,74,1,,1,1,4,10
7,74,1,,1,1,4,10
7,74,1,,1,1,4,15
7,74,1,,1,1,4,25
7,74,1,,1,1,4,48
7,74,1,,1,1,4,50
7,74,1,,1,2,4,150
7,74,1,,1,2,5,100
7,74,1,,1,2,5,173
7,74,1,,1,2,5,25
7,74,1,,1,2,5,35
7,74,1,,1,2,5,60
7,74,1,,1,3,3,100
7,74,1,,1,4,3,150
7,74,1,,1,4,4,130
7,74,1,,1,4,4,24
7,74,1,,1,4,4,55
7,74,1,,1,4,5,7
7,74,1,,1,4,5,70
7,74,1,,1,4,5,70
7,74,1,,1,5,4,100
7,74,1,,1,5,4,145
7,74,1,,1,5,4,220
7,74,1,,1,5,4,24
7,74,1,,1,5,4,50
7,74,1,,1,5,4,80
7,74,1,,10,,,50
7,74,1,,10,,,55
7,74,1,,10,,,90
7,74,1,,2,1,5,200
7,74,1,,2,4,5,30
7,74,1,,2,4,5,700
7,74,1,,3,1,4,25
7,74,1,,3,1,5,12
7,74,1,,3,2,5,240
7,74,1,,4,1,1,130
7,74,1,,4,1,1,230
7,74,1,,4,1,1,30
7,74,1,,4,1,1,35
7,74,1,,4,1,1,350
7,74,1,,4,1,4,150
7,74,1,,4,2,1,140
7,74,1,,4,3,1,12
7,74,1,,4,3,1,150
7,74,1,,4,4,1,30
7,74,1,,4,4,1,40
7,74,1,,4,5,1,18
7,74,1,,4,5,1,20
7,74,1,1,1,1,2,10
7,74,1,1,1,1,2,145
7,74,1,1,1,1,4,75
7,74,1,1,1,1,5,50
7,74,1,1,1,2,3,30
7,74,1,1,1,2,5,60
7,74,1,1,1,5,3,120
7,74,1,1,1,5,5,800
7,74,1,1,2,1,2,200
7,74,1,1,2,1,4,20
7,74,1,1,2,4,1,30
7,74,1,1,2,4,1,700
7,74,1,1,2,5,2,130
7,74,1,1,2,5,2,500
7,74,1,1,3,1,5,800
7,74,1,1,4,2,1,85
7,74,1,1,4,4,1,35
7,74,1,1,4,5,1,50
7,74,1,2,1,1,1,50
7,74,1,2,1,1,1,60
7,74,1,2,1,1,4,350
7,74,1,2,1,1,5,30
7,74,1,2,1,5,1,100
7,74,1,2,1,5,2,300
7,74,1,2,2,1,3,6
7,74,1,3,1,2,4,45
7,74,1,3,1,4,3,100
7,74,1,3,1,5,5,100
7,74,1,3,10,,,130
7,74,1,3,2,4,3,500
7,74,1,3,4,4,1,350
7,74,1,4,1,2,5,20
7,74,1,4,1,2,5,60
7,74,1,4,1,5,5,100
7,74,1,4,4,1,1,20
7,74,1,4,4,5,1,60
7,74,1,4,9,,,30
7,74,1,5,1,4,3,130
7,74,1,5,4,1,1,45
7,74,1,5,4,5,5,10
7,74,1,6,2,1,1,100
7,74,2,,1,2,3,100
7,74,2,,1,4,5,100
7,74,2,,4,1,1,80
7,74,2,,8,,,36
7,74,2,,8,,,6
7,74,2,4,1,5,1,137
7,74,2,6,1,1,4,150
7,75,1,,1,1,4,24
7,75,1,,1,1,5,150
7,75,1,,1,1,5,20
7,75,1,,1,1,5,24
7,75,1,,1,1,5,40
7,75,1,,1,1,5,500
7,75,1,,1,2,4,10
7,75,1,,1,2,4,24
7,75,1,,1,2,4,45
7,75,1,,1,2,5,200
7,75,1,,1,2,5,80
7,75,1,,1,4,1,150
7,75,1,,1,4,4,15
7,75,1,,1,4,4,30
7,75,1,,1,4,4,40
7,75,1,,1,4,4,60
7,75,1,,1,4,5,28
7,75,1,,1,4,5,30
7,75,1,,1,4,5,35
7,75,1,,1,5,3,20
7,75,1,,1,5,3,500
7,75,1,,1,5,4,20
7,75,1,,1,5,4,40
7,75,1,,1,5,5,200
7,75,1,,1,5,5,50
7,75,1,,11,,,40
7,75,1,,11,,,90
7,75,1,,2,1,3,24
7,75,1,,2,2,1,40
7,75,1,,3,2,5,90
7,75,1,,3,3,5,10
7,75,1,,4,1,1,10
7,75,1,,4,1,1,10
7,75,1,,4,1,1,12
7,75,1,,4,1,1,12
7,75,1,,4,1,1,30
7,75,1,,4,1,1,50
7,75,1,,4,2,1,15
7,75,1,,4,2,1,30
7,75,1,,4,4,1,20
7,75,1,,4,4,1,60
7,75,1,,4,5,1,14
7,75,1,,4,5,1,40
7,75,1,,4,5,1,50
7,75,1,,5,1,,30
7,75,1,,5,2,,50
7,75,1,,5,4,,40
7,75,1,1,1,1,3,80
7,75,1,1,1,1,5,70
7,75,1,1,1,2,1,36
7,75,1,1,1,2,5,100
7,75,1,1,1,2,5,30
7,75,1,1,1,3,2,100
7,75,1,1,1,4,4,1500
7,75,1,1,1,5,5,40
7,75,1,1,1,5,5,70
7,75,1,1,10,,,10
7,75,1,1,2,1,5,200
7,75,1,1,2,1,5,30
7,75,1,1,2,5,1,50
7,75,1,1,2,5,5,1500
7,75,1,1,3,1,5,100
7,75,1,1,4,1,3,250
7,75,1,1,4,1,5,150
7,75,1,1,4,2,1,20
7,75,1,1,4,2,1,36
7,75,1,1,4,2,1,500
7,75,1,1,4,3,1,10
7,75,1,1,4,4,1,480
7,75,1,1,5,1,,200
7,75,1,1,6,4,4,12
7,75,1,2,1,1,4,50
7,75,1,2,1,2,5,270
7,75,1,2,1,5,5,1200
7,75,1,2,3,1,5,50
7,75,1,2,4,1,1,0
7,75,1,2,4,1,1,10
7,75,1,2,4,1,1,150
7,75,1,2,4,1,1,30
7,75,1,2,4,1,1,55
7,75,1,2,4,1,1,6
7,75,1,2,4,1,1,8
7,75,1,2,4,4,1,150
7,75,1,3,1,2,1,1100
7,75,1,3,1,4,5,500
7,75,1,3,1,5,2,45
7,75,1,3,1,5,5,300
7,75,1,3,2,4,5,200
7,75,1,3,3,1,5,25
7,75,1,3,3,1,5,36
7,75,1,3,4,1,1,25
7,75,1,3,4,1,1,50
7,75,1,3,4,1,1,70
7,75,1,3,4,2,1,60
7,75,1,3,4,4,1,60
7,75,1,3,4,4,3,300
7,75,1,3,4,5,1,300
7,75,1,4,1,2,1,120
7,75,1,4,1,2,5,10
7,75,1,4,1,3,5,10
7,75,1,4,1,3,5,150
7,75,1,4,1,4,5,50
7,75,1,4,1,4,5,500
7,75,1,4,1,5,3,36
7,75,1,4,1,5,3,50
7,75,1,4,1,5,5,90
7,75,1,4,11,,,22
7,75,1,4,2,4,5,180
7,75,1,4,3,1,5,100
7,75,1,4,4,1,1,50
7,75,1,4,4,2,1,10
7,75,1,4,4,2,5,10
7,75,1,4,4,3,1,30
7,75,1,4,4,4,1,80
7,75,1,4,4,5,1,100
7,75,1,4,4,5,1,500
7,75,1,4,6,1,1,150
7,75,1,5,1,5,5,80
7,75,1,5,10,,,75
7,75,1,5,11,,,18
7,75,1,5,2,3,5,300
7,75,1,5,5,4,,30
7,75,1,5,9,,,30
7,75,1,6,4,2,1,10
7,75,2,,1,1,4,500
7,75,2,,1,1,5,300
7,75,2,,1,5,4,40
7,75,2,,1,5,5,24
7,75,2,,1,5,5,45
7,75,2,,11,,,30
7,75,2,,8,,,10
7,75,2,,8,,,100
7,75,2,,8,,,12
7,75,2,,8,,,18
7,75,2,,8,,,20
7,75,2,,8,,,26
7,75,2,,8,,,30
7,75,2,,8,,,30
7,75,2,,8,,,33
7,75,2,,8,,,50
7,75,2,,8,,,8
7,75,2,,8,,,80
7,75,2,1,1,1,5,200
7,75,2,2,1,2,5,30
7,75,2,3,1,4,4,6
7,75,2,3,1,4,5,10
7,75,2,3,8,,,12
7,75,2,3,8,,,120
7,75,2,4,1,1,5,100
7,75,2,4,1,1,5,150
7,75,2,4,1,2,5,1000
7,75,2,4,1,3,5,15
7,75,2,4,1,5,5,100
7,75,2,4,1,5,5,250
7,75,2,4,1,5,5,30
7,75,2,4,3,4,5,0
7,75,2,4,4,1,1,30
7,75,2,4,4,2,1,20
7,75,2,4,4,2,1,80
7,75,2,4,5,2,,40
7,75,2,4,5,4,,50
7,75,2,4,5,5,,150
7,75,2,4,8,,,100
7,75,2,4,8,,,12
7,75,2,4,8,,,7
7,75,2,5,1,5,5,25
7,75,2,5,2,5,5,200
8,85,1,,1,1,3,25
8,85,1,,1,1,3,300
8,85,1,,1,1,4,45
8,85,1,,1,2,3,28
8,85,1,,1,2,5,50
8,85,1,,1,4,4,25
8,85,1,,1,5,5,14
8,85,1,,1,5,5,35
8,85,1,,10,,,15
8,85,1,,10,,,70
8,85,1,,3,1,4,40
8,85,1,,3,1,5,2
8,85,1,,4,1,1,23
8,85,1,,4,1,1,40
8,85,1,,4,4,1,40
8,85,1,,5,4,,30
8,85,1,,5,5,,100
8,85,1,,5,5,,20
8,85,1,1,1,1,5,35
8,85,1,1,1,4,5,35
8,85,1,1,1,5,2,10
8,85,1,1,1,5,4,45
8,85,1,1,1,5,5,20
8,85,1,1,1,5,5,20
8,85,1,1,1,5,5,20
8,85,1,1,1,5,5,30
8,85,1,1,1,5,5,50
8,85,1,1,1,5,5,75
8,85,1,1,10,,,250
8,85,1,1,11,,,64
8,85,1,1,2,1,2,20
8,85,1,1,2,2,5,19
8,85,1,1,2,4,2,300
8,85,1,1,4,4,1,28
8,85,1,1,4,5,1,120
8,85,1,1,4,5,1,20
8,85,1,1,5,3,,0
8,85,1,2,1,4,5,27
8,85,1,2,1,5,5,100
8,85,1,2,1,5,5,15
8,85,1,2,1,5,5,30
8,85,1,2,1,5,5,70
8,85,1,2,10,,,30
8,85,1,2,10,,,50
8,85,1,2,2,1,5,18
8,85,1,2,3,4,5,24
8,85,1,2,4,2,1,30
8,85,1,2,4,4,1,15
8,85,1,2,4,5,1,14
8,85,1,2,4,5,1,15
8,85,1,2,5,5,,5
8,85,1,2,5,5,,55
8,85,1,2,7,,,60
8,85,1,3,1,2,5,25
8,85,1,3,1,4,5,45
8,85,1,3,1,5,5,15
8,85,1,3,1,5,5,30
8,85,1,3,1,5,5,40
8,85,1,3,2,1,5,20
8,85,1,3,2,5,5,0
8,85,1,3,4,4,1,10
8,85,1,3,4,4,1,3
8,85,1,3,4,5,1,100
8,85,1,3,5,5,,19
8,85,1,4,1,1,5,35
8,85,1,4,1,2,5,5
8,85,1,4,1,3,5,42
8,85,1,4,1,4,5,10
8,85,1,4,1,4,5,5
8,85,1,4,1,5,5,10
8,85,1,4,1,5,5,100
8,85,1,4,1,5,5,18
8,85,1,4,1,5,5,20
8,85,1,4,1,5,5,20
8,85,1,4,1,5,5,20
8,85,1,4,1,5,5,23
8,85,1,4,1,5,5,40
8,85,1,4,1,5,5,50
8,85,1,4,1,5,5,50
8,85,1,4,1,5,5,50
8,85,1,4,10,,,24
8,85,1,4,11,,,42
8,85,1,4,2,2,5,20
8,85,1,4,2,5,5,100
8,85,1,4,4,1,1,30
8,85,1,4,4,4,1,15
8,85,1,4,4,5,1,35
8,85,1,4,4,5,5,84
8,85,1,4,5,5,,10
8,85,1,5,1,1,4,8
8,85,1,5,1,1,5,15
8,85,1,5,1,1,5,22
8,85,1,5,1,1,5,45
8,85,1,5,1,1,5,45
8,85,1,5,1,2,5,3
8,85,1,5,1,3,5,90
8,85,1,5,1,4,5,20
8,85,1,5,1,4,5,50
8,85,1,5,1,4,5,65
8,85,1,5,1,4,5,90
8,85,1,5,1,5,5,0
8,85,1,5,1,5,5,10
8,85,1,5,1,5,5,25
8,85,1,5,1,5,5,30
8,85,1,5,1,5,5,33
8,85,1,5,1,5,5,36
8,85,1,5,1,5,5,40
8,85,1,5,1,5,5,40
8,85,1,5,1,5,5,5
8,85,1,5,1,5,5,5
8,85,1,5,1,5,5,50
8,85,1,5,1,5,5,50
8,85,1,5,1,5,5,50
8,85,1,5,1,5,5,50
8,85,1,5,1,5,5,50
8,85,1,5,1,5,5,60
8,85,1,5,1,5,5,65
8,85,1,5,1,5,5,7
8,85,1,5,1,5,5,96
8,85,1,5,10,,,25
8,85,1,5,10,,,90
8,85,1,5,11,,,80
8,85,1,5,2,1,3,24
8,85,1,5,3,2,5,17
8,85,1,5,3,4,5,60
8,85,1,5,4,2,1,55
8,85,1,5,4,5,1,3
8,85,1,5,4,5,1,30
8,85,1,5,4,5,1,5
8,85,1,5,4,5,1,50
8,85,1,5,4,5,1,70
8,85,1,5,5,5,,10
8,85,1,5,5,5,,100
8,85,1,5,5,5,,18
8,85,1,5,5,5,,33
8,85,1,5,5,5,,40
8,85,1,5,5,5,,45
8,85,1,5,5,5,,60
8,85,1,5,7,,,10
8,85,1,5,7,,,20
8,85,1,5,7,,,36
8,85,1,5,7,,,72
8,85,1,5,9,,,6
8,85,2,,1,5,1,50
8,85,2,,1,5,5,28
8,85,2,,4,4,1,5
8,85,2,,4,5,5,12
8,85,2,,4,5,5,18
8,85,2,,8,,,10
8,85,2,,8,,,16
8,85,2,,8,,,18
8,85,2,,8,,,30
8,85,2,,8,,,7
8,85,2,,8,,,7.2
8,85,2,1,1,2,5,20
8,85,2,1,1,5,5,43
8,85,2,1,1,5,5,5
8,85,2,1,10,,,50
8,85,2,1,4,5,1,10
8,85,2,1,5,4,,0
8,85,2,2,1,1,5,15
8,85,2,2,1,4,4,3
8,85,2,2,1,4,5,12
8,85,2,2,1,4,5,18
8,85,2,2,1,4,5,22
8,85,2,2,1,4,5,25
8,85,2,2,1,4,5,45
8,85,2,2,1,5,2,50
8,85,2,2,1,5,5,15
8,85,2,2,1,5,5,20
8,85,2,2,1,5,5,20
8,85,2,2,1,5,5,30
8,85,2,2,1,5,5,48
8,85,2,2,11,,,30
8,85,2,2,3,4,6,0
8,85,2,2,4,5,1,15
8,85,2,2,5,5,,30
8,85,2,2,5,5,,35
8,85,2,2,7,,,0
8,85,2,2,8,,,15
8,85,2,2,8,,,20
8,85,2,2,8,,,60
8,85,2,3,1,1,5,50
8,85,2,3,1,2,5,25
8,85,2,3,1,5,5,19
8,85,2,3,1,5,5,60
8,85,2,3,5,3,,12
8,85,2,4,1,1,1,30
8,85,2,4,1,1,5,3
8,85,2,4,1,1,5,3
8,85,2,4,1,1,5,30
8,85,2,4,1,2,3,8
8,85,2,4,1,2,5,10
8,85,2,4,1,4,4,10
8,85,2,4,1,4,5,10
8,85,2,4,1,4,5,12
8,85,2,4,1,4,5,15
8,85,2,4,1,4,5,20
8,85,2,4,1,4,5,38
8,85,2,4,1,4,5,40
8,85,2,4,1,4,5,5
8,85,2,4,1,4,5,5
8,85,2,4,1,5,5,18
8,85,2,4,1,5,5,18
8,85,2,4,1,5,5,18
8,85,2,4,1,5,5,24
8,85,2,4,1,5,5,24
8,85,2,4,1,5,5,25
8,85,2,4,1,5,5,35
8,85,2,4,1,5,5,36
8,85,2,4,1,5,5,36
8,85,2,4,1,5,5,5
8,85,2,4,1,5,5,5
8,85,2,4,2,4,3,50
8,85,2,4,2,4,5,40
8,85,2,4,2,5,5,25
8,85,2,4,3,1,5,4
8,85,2,4,3,2,5,18
8,85,2,4,3,4,5,20
8,85,2,4,3,4,5,40
8,85,2,4,4,4,1,20
8,85,2,4,4,4,1,3
8,85,2,4,4,4,1,66
8,85,2,4,4,4,5,15
8,85,2,4,4,5,1,12
8,85,2,4,4,5,1,28
8,85,2,4,4,5,1,36
8,85,2,4,4,5,1,50
8,85,2,4,4,5,1,7
8,85,2,4,5,4,,10
8,85,2,4,5,4,,20
8,85,2,4,5,4,,20
8,85,2,4,5,4,,30
8,85,2,4,5,4,,30
8,85,2,4,5,4,,35
8,85,2,4,5,5,,10
8,85,2,4,5,5,,10
8,85,2,4,5,5,,10
8,85,2,4,5,5,,11
8,85,2,4,5,5,,180
8,85,2,4,5,5,,20
8,85,2,4,5,5,,25
8,85,2,4,5,5,,26
8,85,2,4,5,5,,40
8,85,2,4,5,5,,45
8,85,2,4,5,5,,45
8,85,2,4,7,,,24
8,85,2,4,7,,,75
8,85,2,4,8,,,10
8,85,2,4,8,,,10
8,85,2,4,8,,,14
8,85,2,4,8,,,17
8,85,2,4,8,,,18
8,85,2,4,8,,,35
8,85,2,4,8,,,5
8,85,2,4,8,,,5
8,85,2,4,8,,,5
8,85,2,5,1,1,5,24
8,85,2,5,1,3,5,150
8,85,2,5,1,4,4,18
8,85,2,5,1,4,5,27
8,85,2,5,1,4,5,35
8,85,2,5,1,4,5,5
8,85,2,5,1,4,5,5
8,85,2,5,1,5,5,10
8,85,2,5,1,5,5,18
8,85,2,5,1,5,5,24
8,85,2,5,1,5,5,25
8,85,2,5,1,5,5,25
8,85,2,5,1,5,5,25
8,85,2,5,1,5,5,25
8,85,2,5,1,5,5,3
8,85,2,5,1,5,5,36
8,85,2,5,1,5,5,36
8,85,2,5,1,5,5,48
8,85,2,5,1,5,5,48
8,85,2,5,1,5,5,5
8,85,2,5,1,5,5,50
8,85,2,5,1,5,5,54
8,85,2,5,1,5,6,35
8,85,2,5,10,,,25
8,85,2,5,3,5,5,18
8,85,2,5,4,1,1,20
8,85,2,5,4,4,1,5
8,85,2,5,4,4,1,50
8,85,2,5,4,5,1,10
8,85,2,5,4,5,1,10
8,85,2,5,4,5,1,15
8,85,2,5,4,5,1,19
8,85,2,5,4,5,1,20
8,85,2,5,4,5,1,25
8,85,2,5,4,5,1,25
8,85,2,5,4,5,1,3
8,85,2,5,4,5,1,30
8,85,2,5,4,5,1,30
8,85,2,5,4,5,1,36
8,85,2,5,4,5,1,40
8,85,2,5,4,5,1,90
8,85,2,5,4,5,5,0
8,85,2,5,4,5,5,24
8,85,2,5,4,5,5,35
8,85,2,5,4,5,5,5
8,85,2,5,5,5,,0
8,85,2,5,5,5,,0
8,85,2,5,5,5,,0
8,85,2,5,5,5,,12
8,85,2,5,5,5,,15
8,85,2,5,5,5,,15
8,85,2,5,5,5,,20
8,85,2,5,5,5,,200
8,85,2,5,5,5,,25
8,85,2,5,5,5,,29
8,85,2,5,5,5,,30
8,85,2,5,5,5,,30
8,85,2,5,5,5,,30
8,85,2,5,5,5,,36
8,85,2,5,5,5,,5
8,85,2,5,5,5,,50
8,85,2,5,5,5,,60
8,85,2,5,7,,,80
8,85,2,5,8,,,15
8,85,2,5,8,,,15
8,85,2,5,8,,,15
8,85,2,5,8,,,18
8,85,2,5,8,,,180
8,85,2,5,8,,,20
8,85,2,5,8,,,20
8,85,2,5,8,,,23.7
8,85,2,5,8,,,24
8,85,2,5,8,,,25
8,85,2,5,8,,,5
8,85,2,5,8,,,5
8,85,2,5,8,,,8
8,85,2,5,8,,,80
8,85,2,5,8,,,80
8,85,2,6,8,,,20
9,90,1,,1,1,1,100
9,90,1,,1,1,2,10
9,90,1,,1,1,5,15
9,90,1,,1,1,5,37
9,90,1,,1,1,5,50
9,90,1,,1,2,5,5
9,90,1,,1,2,5,5
9,90,1,,1,4,4,32
9,90,1,,1,5,2,13
9,90,1,,1,5,5,1
9,90,1,,1,5,5,15
9,90,1,,10,,,15
9,90,1,,10,,,15
9,90,1,,10,,,15
9,90,1,,10,,,70
9,90,1,,2,1,3,0
9,90,1,,2,4,5,50
9,90,1,,2,5,5,20
9,90,1,,3,1,5,3
9,90,1,,4,1,1,12
9,90,1,,4,1,1,15
9,90,1,,4,1,1,5
9,90,1,,4,1,1,7
9,90,1,,4,1,5,10
9,90,1,,4,2,1,50
9,90,1,,4,2,3,18
9,90,1,,4,2,4,35
9,90,1,,4,3,1,5
9,90,1,,4,4,1,4
9,90,1,,5,4,,14
9,90,1,,5,4,,70
9,90,1,,5,5,,0
9,90,1,,5,5,,8
9,90,1,,9,,,20
9,90,1,,9,,,50
9,90,1,1,1,1,2,30
9,90,1,1,1,1,4,80
9,90,1,1,1,1,5,0
9,90,1,1,1,2,5,70
9,90,1,1,1,4,2,80
9,90,1,1,1,4,5,0
9,90,1,1,1,5,4,16
9,90,1,1,1,5,5,50
9,90,1,1,11,,,20
9,90,1,1,2,1,1,11
9,90,1,1,2,1,2,50
9,90,1,1,2,5,1,24
9,90,1,1,3,3,5,5
9,90,1,1,4,1,1,15
9,90,1,2,1,2,5,15
9,90,1,2,4,4,1,5
9,90,1,2,4,5,1,55
9,90,1,3,1,2,5,12
9,90,1,3,1,2,5,45
9,90,1,3,1,4,1,40
9,90,1,3,10,,,35
9,90,1,3,11,,,0
9,90,1,3,2,2,1,50
9,90,1,4,1,1,2,35
9,90,1,4,1,2,5,0
9,90,1,4,1,2,5,20
9,90,1,4,1,2,5,60
9,90,1,4,1,3,5,15
9,90,1,4,1,3,5,18
9,90,1,4,1,3,5,18
9,90,1,4,1,4,5,21
9,90,1,4,1,4,5,50
9,90,1,4,1,5,5,100
9,90,1,4,1,5,5,60
9,90,1,4,2,1,5,15
9,90,1,4,2,1,5,80
9,90,1,4,4,1,1,50
9,90,1,4,4,2,1,0
9,90,1,4,4,2,1,85
9,90,1,4,4,4,1,40
9,90,1,4,4,4,3,100
9,90,1,4,4,5,1,15
9,90,1,4,4,5,5,25
9,90,1,4,9,,,20
9,90,1,5,1,1,2,100
9,90,1,5,1,2,5,30
9,90,1,5,1,4,2,70
9,90,1,5,1,4,3,80
9,90,1,5,1,4,5,5
9,90,1,5,1,4,5,50
9,90,1,5,1,5,5,10
9,90,1,5,1,5,5,200
9,90,1,5,1,5,6,50
9,90,1,5,2,4,5,100
9,90,1,5,4,1,1,6
9,90,1,5,4,2,1,25
9,90,1,5,4,2,1,50
9,90,1,5,4,4,1,10
9,90,1,5,4,4,1,35
9,90,1,5,4,5,1,0
9,90,1,5,4,5,1,40
9,90,1,5,4,5,1,40
9,90,1,5,4,5,1,5
9,90,1,5,4,5,5,24
9,90,1,5,4,5,5,55
9,90,1,5,5,4,,100
9,90,1,5,5,4,,20
9,90,1,5,5,4,,3
9,90,1,5,5,5,,15
9,90,1,5,5,5,,200
9,90,1,5,5,5,,25
9,90,1,5,5,5,,30
9,90,1,5,5,5,,50
9,90,1,5,5,5,,50
9,90,1,5,6,5,5,100
9,90,1,5,7,,,40
9,90,1,5,7,,,50
9,90,2,,1,5,5,15
9,90,2,,2,1,3,0
9,90,2,,4,1,1,30
9,90,2,,4,1,1,75
9,90,2,,4,3,1,20
9,90,2,,4,3,1,36
9,90,2,,5,5,,25
9,90,2,,8,,,15
9,90,2,,8,,,24
9,90,2,,8,,,36
9,90,2,,8,,,36
9,90,2,,8,,,5
9,90,2,,8,,,5
9,90,2,,8,,,50
9,90,2,2,8,,,12
9,90,2,4,1,2,5,40
9,90,2,4,1,2,5,50
9,90,2,4,1,5,1,30
9,90,2,4,3,4,5,0
9,90,2,4,4,2,1,15
9,90,2,4,5,3,,15
9,90,2,4,5,5,,10
9,90,2,4,5,5,,15
9,90,2,4,8,,,0
9,90,2,4,8,,,15
9,90,2,5,1,4,5,5
9,90,2,5,1,5,5,15
9,90,2,5,1,5,5,200
9,90,2,5,3,3,5,60
9,90,2,5,4,2,1,40
9,90,2,5,4,4,1,15
9,90,2,5,4,4,1,30
9,90,2,5,4,4,6,15
9,90,2,5,4,5,1,15
9,90,2,5,4,5,6,24
9,90,2,5,5,5,,0
9,90,2,5,5,5,,13
9,90,2,5,5,5,,150
9,90,2,5,8,,,20
9,90,2,5,8,,,55
9,90,2,6,1,2,5,15
