관리번호,정류장명,경도,위도
250001192,만천3리,127.77513,37.8761
250001193,산림조합강원본부,127.75365,37.88724
250001194,산림조합강원본부,127.75322,37.88699
250001195,발산3리,127.74599,37.95911
250001196,발산1리,127.7463,37.95331
250001197,운전면허시험장,127.75073,37.94753
250001198,소양강댐주차장,127.80195,37.93833
250001199,직업능력개발센터,127.73946,37.91202
250001200,월곡리,127.7982,37.91746
250001201,감정리,127.78678,37.90376
250001202,농협강원지역본부,127.72308,37.87707
250001203,후평3동우체국,127.75268,37.87244
250001204,부안주유소,127.75247,37.87243
250001205,후평중학교,127.74838,37.87733
250001206,주공7단지,127.75105,37.87554
250001207,주공7단지,127.75116,37.87572
250001208,주공6단지,127.74887,37.87433
250001209,주공6단지,127.74837,37.87422
250001210,주공5단지,127.74691,37.87346
250001211,후평동종점,127.74863,37.89293
250001212,후평동종점,127.74874,37.89376
250001213,후평주공4단지후문,127.75763,37.87492
250001214,후평주공4단지 후문,127.75778,37.87495
250001215,후평주공4단지,127.75696,37.87624
250001216,대우아파트,127.75709,37.87624
250001217,후평3동주민센터,127.75371,37.87624
250001218,후평3동주민센터,127.7548,37.87646
250001219,후동리,127.6221,37.7462
250001220,후동리,127.62018,37.74805
250001221,후동리,127.62402,37.75749
250001222,소주고개,127.62681,37.7603
250001223,후동리,127.62009,37.74793
250001224,후동리,127.62196,37.74616
250001225,후동2리입구,127.63426,37.74274
250001226,후동2리입구,127.63433,37.74264
250001227,후동2리,127.63075,37.74684
250001228,후동,127.61969,37.75097
250001229,중부지구대,127.73832,37.87541
250001230,중부지구대,127.73787,37.87579
250001231,발산1리,127.59631,37.73018
250001232,황골,127.59612,37.73002
250001233,화목원,127.72494,37.92214
250001234,화목원,127.72328,37.92221
250001235,화광사,127.64028,37.74512
250001236,화광사,127.64052,37.74504
250001237,호반체육관,127.75526,37.86541
250001238,우석중학교,127.75522,37.86557
250001239,호반아파트,127.71945,37.89005
250001240,호반아파트,127.71969,37.89015
250001241,호반동주민센터,127.72339,37.89231
250001242,형제기업,127.75091,37.88765
250001243,혈동2리종점,127.68748,37.78532
250001244,혈동2리마을회관,127.68504,37.78785
250001245,혈동2리마을회관,127.68514,37.7879
250001246,혈동2리,127.68656,37.79391
250001247,혈동2리,127.68679,37.79427
250001248,혈동1리종점,127.69994,37.77153
250001249,혈동1리입구,127.7138,37.7707
250001250,혈동1리입구,127.7139,37.7705
250001251,현암리,127.68737,37.8889
250001252,현암리,127.68361,37.885
250001253,현암리,127.6775,37.87683
250001254,현암리,127.67768,37.87687
250001255,현암리,127.68375,37.88496
250001256,현암리,127.68755,37.88887
250001257,강원도재활병원,127.73827,37.90355
250001258,현대3차,127.75184,37.88107
250001259,현대3차,127.75223,37.88109
250001260,신촌2리,127.76646,37.847
250001261,신촌2리,127.7664,37.84713
250001262,향교,127.73466,37.8815
250001263,향교,127.73514,37.88177
250001264,행촌리,127.67823,37.74212
250001265,행촌리,127.67871,37.74214
250001266,디아펠리즈,127.72469,37.8707
250001267,율문2리,127.75572,37.9269
250001268,율문2리,127.75584,37.92709
250001269,항공대정문,127.76167,37.92929
250001270,항공대정문,127.76178,37.92947
250001271,할렐루야기도원,127.77217,37.79398
250001272,할렐루야기도원,127.77274,37.79465
250001273,장애인종합복지관,127.75552,37.84698
250001274,장애인종합복지관,127.7553,37.84742
250001275,한림대학교,127.73725,37.88316
250001276,한국토지주택공사,127.72922,37.86925
250001277,한국전력,127.74863,37.8835
250001278,한국전력,127.74892,37.88354
250001279,한국은행,127.72859,37.88225
250001280,한계울마을,127.72778,37.9403
250001281,한계울마을,127.72757,37.94024
250001282,학곡리종점,127.7603,37.83486
250001283,학곡리종점,127.76041,37.83501
250001284,하일종점,127.75496,37.91395
250001285,하일입구,127.75166,37.90158
250001286,하일입구,127.75162,37.90152
250001287,하이마트,127.73888,37.85607
250001288,하이마트,127.73919,37.85607
250001289,하사관주택,127.70712,37.86456
250001290,하사관주택,127.70695,37.86503
250001291,율문3리,127.76536,37.92992
250001292,포스코더샵아파트,127.74948,37.88061
250001293,포스코더샵아파트,127.74675,37.8817
250001294,포스코더샵아파트,127.74696,37.88157
250001295,포스코더샵아파트,127.7485,37.88162
250001298,팔미쉼터,127.70383,37.82162
250001299,팔미3리,127.69825,37.81379
250001300,팔미3리,127.69635,37.80964
250001301,팔미리,127.69817,37.81387
250001302,팔미1리,127.70436,37.82161
250001303,퇴계동원예농협,127.74443,37.85149
250001304,투탑시티,127.74413,37.85054
250001305,퇴계현대1차,127.72502,37.85858
250001306,퇴계현대1차,127.72643,37.85792
250001307,한진한성,127.72313,37.85945
250001308,퇴계한주아파트입구,127.734,37.851
250001309,가족보건원,127.73544,37.8509
250001310,퇴계한주아파트,127.73898,37.84919
250001311,퇴계한주아파트,127.7346,37.8512
250001312,퇴계주공9차,127.74083,37.84767
250001313,퇴계주공7단지,127.74092,37.84784
250001314,퇴계주공6차아파트,127.74079,37.85115
250001315,퇴계주공6차,127.74157,37.85142
250001316,퇴계주공6차,127.74101,37.85122
250001317,퇴계주공5차아파트,127.74057,37.85436
250001318,퇴계주공4차,127.74545,37.85361
250001319,퇴계주공4차,127.74608,37.85472
250001320,퇴계주공3.4차,127.74472,37.85578
250001321,퇴계주공3.4차,127.74437,37.85567
250001322,퇴계주공2차,127.7371,37.85841
250001323,퇴계주공1차,127.73698,37.85871
250001324,퇴계우체국,127.72326,37.85962
250001325,퇴계우성아파트,127.73021,37.85998
250001326,퇴계동입구,127.72763,37.8593
250001327,남부초교,127.72743,37.85931
250001328,퇴계농공단지입구,127.73264,37.8474
250001329,퇴계농공단지,127.73233,37.84712
250001330,퇴계금호아파트,127.73881,37.84907
250001331,토우시장,127.74738,37.88427
250001332,토우시장,127.74767,37.88312
250001333,태봉,127.6852,37.88759
250001334,탑말,127.69972,37.9464
250001335,탑말,127.69971,37.94627
250001336,크로바아파트,127.74408,37.8805
250001337,크로바아파트,127.74503,37.88071
250001338,칠전동고개,127.71367,37.83625
250001339,칠전동고개,127.71404,37.83657
250001340,칠전동,127.71413,37.84246
250001341,칠전동사거리,127.71448,37.84142
250001342,칠전대우아파트,127.7118,37.84417
250001343,칠전대우아파트,127.71177,37.84436
250001344,충렬탑입구,127.73935,37.91615
250001345,충렬탑입구,127.73914,37.91622
250001346,월드온천,127.75413,37.94934
250001347,월드온천,127.75408,37.94951
250001348,춘천초등학교,127.72096,37.87608
250001349,춘천시보건소,127.72084,37.87621
250001350,미소지움아파트,127.71703,37.87404
250001351,춘천중학교정문,127.7181,37.87398
250001352,춘천중학교,127.71718,37.87487
250001353,춘천중학교,127.71769,37.87527
250001354,학곡2리,127.75865,37.8401
250001355,학곡2리,127.75882,37.84021
250001356,현진에버빌3차,127.72986,37.87507
250001357,춘천역,127.7177,37.885
250001358,춘천시청별관,127.73258,37.88164
250001359,춘천시청별관,127.73294,37.88147
250001360,춘천한샘후문,127.75166,37.92758
250000003,성우오스타아파트,127.7548,37.85635
250000004,거두리주공아파트,127.75944,37.85686
250000005,강원지방경찰청,127.75865,37.86255
250000006,강원지방경찰청,127.75844,37.86249
250000010,지내1리(옥광산입구),127.78235,37.91627
250000011,창촌3리입구,127.64391,37.77665
250000138,산수리,127.64644,37.68338
250000139,산수리,127.64436,37.68636
250000823,부사원리,127.83198,37.74002
250000993,서천리입구,127.55183,37.84081
250000994,방동2리입구(보건소),127.68063,37.89609
250000995,월송1리,127.68736,37.93028
250000996,월송2리,127.68958,37.92309
250000997,신매1리,127.7026,37.93602
250000998,삼악산,127.67424,37.83739
250000999,과수원마을입구,127.70402,37.9112
250001000,싸이클경기장,127.69225,37.86915
250001001,덕만리(혈동1리입구),127.7131,37.7703
250001002,동면치안센터,127.78102,37.90445
250001003,수동1리,127.6729,37.77401
250001004,당림삼거리,127.61002,37.84117
250001005,강촌리,127.62148,37.80294
250001006,봉명2리,127.81121,37.77328
250001012,동산면사무소,127.79596,37.7538
250001013,동산면사무소,127.79571,37.7538
250001014,모래재,127.76588,37.7677
250001015,조양1리,127.81156,37.75617
250001016,부사원고개,127.82278,37.75149
250001017,조양3리,127.82926,37.74303
250001018,조양4리,127.7728,37.76066
250001019,새술막,127.75697,37.78604
250001020,오탄리종점,127.60286,38.05092
250001021,고탄입구,127.67464,37.96603
250001022,눈썰매장입구,127.59891,37.97506
250001023,지암리(물레방아민박),127.60207,37.97769
250001024,지암리(4),127.60433,37.97951
250001025,지암리(3),127.61625,37.98287
250001026,가족쉼터,127.62895,37.97694
250001027,오월교입구,127.64462,37.98383
250001028,고성2리,127.72482,37.99288
250001029,고성2리,127.73634,37.99948
250001030,고성2리(용화산입구),127.73537,37.99464
250001031,고성2리(초설),127.73377,37.99201
250001032,고성2리(드림파크모텔),127.73042,37.99224
250001033,고탄리,127.71363,37.98888
250001034,송암리,127.70197,37.98842
250001035,송암리마을회관,127.68628,37.99546
250001036,송암리(인삼밭),127.68969,38.00121
250001037,송암리(은재된장),127.68322,37.99573
250001038,송암리(밤나무),127.67723,37.99685
250001039,인람리(1),127.67165,37.99581
250001040,인람리(2),127.66544,37.99536
250001041,송암리(은재된장),127.68342,37.99584
250001042,송암리(밤나무),127.67716,37.99707
250001043,인람리(1),127.67031,37.99542
250001044,인람리(2),127.66544,37.99559
250001045,인람리(하우스),127.65942,37.99102
250001046,송암삼거리,127.69088,37.993
250001047,해피초원목장,127.69209,37.98012
250001048,올미,127.7369,37.92801
250001049,올미,127.73673,37.92778
250001050,춘천국군병원,127.72778,37.93677
250001051,지내2리,127.7235,37.95765
250001052,지내보건소,127.73023,37.95809
250001053,거두리사거리,127.79021,37.8614
250001054,거두리사거리,127.79037,37.86138
250001055,신촌리종점,127.78014,37.85401
250001056,고은리입구,127.7745,37.84893
250001057,사암1리,127.76854,37.83104
250001058,천리터,127.89632,37.98372
250001059,추곡1리,127.88076,38.01343
250001060,추곡(낚시터),127.87707,38.03338
250001061,추곡터널,127.86861,38.03491
250001062,발산1리,127.74751,37.95111
250001065,가정1리마을회관,127.57256,37.7412
250001066,가정초교,127.5728,37.74002
250001067,후동리,127.61982,37.75094
250001068,후동리,127.62377,37.75752
250001069,소주고개쉼터,127.62658,37.76034
250001070,발산2리(치안센터),127.62456,37.73887
250001071,가정진료소,127.57568,37.73445
250001072,발산2리(치안센터),127.62473,37.73909
250001073,새술막,127.76007,37.78784
250001074,광판삼거리,127.7102,37.7435
250001075,탑골,127.70918,37.75164
250001077,정족1리입구,127.73133,37.84328
250001078,정족1리,127.73104,37.83633
250001079,증2리,127.70917,37.80906
250001080,금병초교,127.71089,37.81477
250001081,증1리,127.70898,37.8142
250001082,정족1리,127.7308,37.83629
250001083,정족1리입구,127.73114,37.84324
250001084,조양2리,127.7959,37.74593
250001085,조양2리,127.79598,37.74588
250001086,조양2리,127.79634,37.74042
250001087,조양2리,127.79642,37.74009
250001089,상걸2리,127.84817,37.86378
250001090,상걸2리,127.84825,37.86391
250001091,상걸리구출장소,127.83999,37.86617
250001092,상걸리구출장소,127.84023,37.86635
250001093,안보리,127.56679,37.84277
250001094,강촌1리삼거리,127.63595,37.80896
250001095,창촌1리,127.65046,37.78478
250001096,창촌1리,127.65043,37.78508
250001097,창촌3리,127.62862,37.77738
250001098,창촌3리,127.62855,37.7773
250001099,후동1리,127.62217,37.75472
250001100,후동1리,127.62234,37.75472
250001101,박암리,127.53387,37.7259
250001102,박암리,127.53405,37.72594
250001103,박암리,127.5458,37.724
250026614,박암리,127.5457,37.724
250001104,박암리,127.5458,37.7239
250026613,박암리,127.54571,37.7237
250001105,가정3리,127.57495,37.76118
250001106,가정3리,127.57503,37.76105
250001107,강원학생교육원,127.57588,37.73465
250001108,우러니입구,127.69137,37.73592
250001109,광판1리,127.70472,37.73181
250001110,광판1리,127.70461,37.73189
250001117,정보화마을,127.69658,37.73105
250001118,정보화마을,127.69669,37.73114
250001119,양지마을,127.69318,37.73432
250001120,수동1리,127.6765,37.77349
250001121,수동1리,127.67274,37.7739
250001122,혈동2리,127.6912,37.79902
250001123,팔미3리,127.69999,37.81721
250001124,팔미3리,127.69992,37.81732
250001125,오항리,127.90092,37.97955
250001126,천리터,127.89647,37.98376
250001127,추곡터널,127.86793,38.03518
250001129,백양2리,127.57308,37.81409
250001130,백양2리,127.57299,37.814
250001131,백양2리,127.56958,37.81619
250001132,백양2리,127.56951,37.8165
250001133,백양1리,127.565,37.819
250026612,백양1리,127.56503,37.81891
250001134,당림리,127.59912,37.83402
250001135,당림1리,127.61666,37.85339
250001136,당림1리,127.61598,37.85102
250001137,당림1리,127.61607,37.85097
250001138,방동2리마을회관,127.67173,37.90486
250001139,방동1리,127.6805,37.89595
250001140,인형극장,127.72189,37.92207
250001141,송암리,127.68982,38.00106
250001142,고성2리,127.73033,37.99246
250001143,해피초원목장,127.69175,37.98016
250001144,눈썰매장입구,127.598,37.97477
250001145,지암리,127.60217,37.97761
250001146,지암리,127.60439,37.97932
250001147,지암리,127.61635,37.98266
250001148,지암리,127.62906,37.97671
250001149,지암리,127.63234,37.97614
250001150,신포리,127.637,38.01951
250001151,신포리,127.63713,38.01945
250001152,원평리,127.63427,38.00358
250001153,고탄입구,127.67465,37.96624
250001154,용산2리,127.68148,37.96041
250001155,용산2리,127.68184,37.96037
250001156,용산3리종점,127.7074,37.9465
250001157,용산1리,127.7142,37.93913
250001158,용산1리,127.71428,37.9393
250001159,지내리,127.72506,37.95574
250001160,국군병원,127.7277,37.93699
250001161,사농동현대아파트,127.72266,37.9109
250001162,성신양회,127.72016,37.88877
250001163,근화동노인회관,127.71419,37.87954
250001164,휴먼시아2차아파트,127.735,37.8598
250001165,미래컨벤션웨딩홀,127.7323,37.861
250001166,학곡리,127.76319,37.83238
250001167,원창고개입구,127.76307,37.83234
250001168,스무숲입구,127.74897,37.85052
250001169,투탑시티,127.7438,37.851
250001170,퇴계2우체국,127.74413,37.84985
250001171,퇴계우성아파트,127.7311,37.85983
250001172,로데오거리,127.74831,37.85505
250001173,증3리,127.72621,37.82784
250001174,증2리,127.70908,37.80909
250001175,증리,127.7126,37.7952
250001176,혈동리,127.7154,37.7811
250001177,혈동리,127.714,37.7758
250001178,광판2리,127.70779,37.75676
250001179,탑골,127.70863,37.74988
250001180,군자리,127.7185,37.74663
250001181,군자리,127.71961,37.74724
250001182,군자3리,127.7379,37.75409
250001183,군자3리,127.74009,37.75565
250001184,군자3리,127.74044,37.75565
250001185,군자3리,127.74794,37.75847
250001186,부사원고개,127.82263,37.75142
250001187,조양3리,127.8295,37.74318
250001188,봉명리,127.79383,37.75336
250001189,전인고등학교,127.75197,37.78754
250001190,새술막,127.76004,37.78799
250001191,만천3리,127.77542,37.87617
250001361,춘천한샘후문,127.75154,37.92827
250001362,춘천한샘고등학교,127.75205,37.92539
250001363,춘천한샘고등학교,127.7511,37.92521
250001364,춘천박물관후문,127.75281,37.86465
250001365,박물관입구,127.75269,37.86477
250001366,춘천박물관,127.75129,37.86365
250001367,박물관앞,127.75089,37.86354
250001368,춘천댐종점,127.66654,37.97423
250001369,춘천댐종점,127.66642,37.97401
250001370,춘천댐,127.67119,37.96806
250001371,춘천농협,127.72328,37.88365
250001372,춘천농협,127.72337,37.88446
250001373,소양고등학교,127.72374,37.90775
250001374,소양고등학교,127.72351,37.90781
250001375,기계공고,127.74616,37.8905
250001376,후평1동,127.74868,37.89249
250001377,춘천기계공고,127.74893,37.89111
250001378,기계공고,127.74908,37.89145
250001380,신동삼거리,127.72541,37.93503
250001381,신동삼거리,127.72444,37.93483
250001382,춘천교도소입구,127.7555,37.84889
250001383,춘천교도소입구,127.75555,37.849
250001384,춘천교도소,127.75828,37.84883
250001385,교육대학교,127.7464,37.85823
250001386,교육대학교,127.7471,37.85718
250001387,천전1리,127.78427,37.94462
250001388,천전1리,127.78422,37.94422
250001390,춘천경찰서,127.72427,37.86961
250001391,추곡초교,127.88316,38.02421
250001392,추곡초교,127.88333,38.02428
250001393,추곡약수터,127.88815,38.03586
250001394,추곡리2반,127.65345,37.74728
250001395,추곡리2반,127.6535,37.74752
250001396,추곡리,127.88297,38.0274
250001397,추곡리,127.88309,38.02754
250001398,추곡리,127.65293,37.74995
250001399,추곡1리,127.65319,37.74964
250001400,추곡리,127.65048,37.74473
250001401,추곡3거리,127.65049,37.74485
250001402,추곡1리1반,127.88114,38.02006
250001403,추곡1리,127.88109,38.01953
250001404,추곡1리,127.88095,38.0135
250001405,추곡,127.87726,38.03353
250001406,초원낚시터,127.69447,37.98161
250001407,고탄낚시터,127.694,37.98155
250001408,청와아파트,127.71365,37.88122
250001409,청실아파트,127.75833,37.87338
250001410,청실아파트,127.75856,37.87322
250001411,청소년야영장,127.88139,37.99323
250001412,청소년야영장,127.88144,37.99337
250001413,청소년수련관,127.72023,37.92216
250001414,청소년수련관,127.72031,37.92206
250001415,청소년수련관,127.72125,37.92246
250001416,청소년수련관,127.72098,37.9225
250001417,청구/동아아파트,127.75432,37.87004
250001418,동아/청구아파트,127.75433,37.87026
250001419,천전삼거리,127.78167,37.93015
250001420,상천초등학교,127.78535,37.92981
250001421,천전3리,127.78031,37.9298
250001422,천전3리,127.78027,37.92991
250001423,춘천국유림관리소,127.77356,37.93044
250026865,춘천국유림관리소,127.77281,37.93037
250001424,춘천국유림관리소,127.77392,37.93054
250026864,춘천국유림관리소,127.77287,37.9305
250001425,천전1리,127.77521,37.93721
250001426,천전1리,127.7754,37.93717
250001427,천일주유소,127.77995,37.75704
250001428,강촌1리회관,127.63656,37.80833
250001429,창촌중학교,127.63647,37.80813
250001430,창촌2리마을회관,127.64638,37.78336
250001431,창촌2리마을회관,127.6466,37.78419
250001432,창촌3리종점,127.62608,37.7767
250001433,창촌3리입구,127.64404,37.77659
250001434,창촌3리입구,127.64375,37.77647
250001435,방동1리,127.67269,37.896
250001436,방동1리,127.67023,37.89701
250001437,방동1리,127.66765,37.89848
250001438,방동1리,127.66762,37.89841
250001439,방동1리,127.67012,37.89697
250001440,방동1리,127.67276,37.8959
250001441,방동1리,127.67526,37.89567
250001442,방곡리,127.6377,37.8028
250001443,방곡리,127.63755,37.80283
250001444,방곡2리회관,127.63587,37.79139
250001445,방곡2리회관,127.63585,37.79127
250001709,고성2리,127.73335,37.99216
250001710,고탄리,127.71325,37.98897
250001711,안보1리,127.58463,37.83593
250001712,안보1리,127.58439,37.83576
250001713,경강역,127.55039,37.84269
250001714,경강역,127.55039,37.84259
250001716,거두부영아파트,127.75209,37.85597
250001717,거두부영아파트,127.75486,37.85614
250001718,거두마을회관,127.76251,37.8613
250001719,거두마을회관,127.76257,37.8612
250001720,거두2리종점,127.78736,37.86109
250001721,거두2리,127.78333,37.8604
250001722,거두2리,127.77795,37.86041
250001723,거두2리,127.77811,37.86028
250001724,거두2리,127.78344,37.86037
250001725,거두1리,127.76712,37.86199
250001726,거두1리,127.76727,37.86204
250001727,탑동마을,127.57602,37.83781
250001728,강촌입구,127.63423,37.81838
250001729,강촌입구,127.6343,37.8186
250001730,강촌입구,127.6308,37.82031
250001731,강촌유원지,127.63361,37.81361
250001732,강촌유원지,127.63365,37.81339
250001733,(구)강촌역,127.6327,37.8156
250001734,(구)강촌역,127.6326,37.8154
250001735,강촌리,127.63165,37.8066
250001736,강촌리,127.6188,37.79905
250001737,강촌리,127.62137,37.80284
250001738,강촌리,127.63184,37.80666
250001739,강촌검문소,127.62263,37.82571
250001740,강촌검문소,127.6222,37.82565
250001741,강촌1리4반,127.62947,37.80521
250001742,강촌1리4반,127.62958,37.80516
250001743,직업능력개발센터,127.73925,37.91229
250001744,거두1리,127.76004,37.85951
250001745,거두1리,127.75984,37.85953
250001746,강원일보,127.72851,37.88255
250001747,강원대후문,127.74417,37.87276
250001748,강원대후문,127.74425,37.87289
250001749,강원대학병원,127.74313,37.87476
250001750,강원대학병원,127.74292,37.87471
250001751,도시공사앞,127.73627,37.86416
250001752,병무청앞,127.73507,37.86554
250001753,동면농협장학지점,127.75348,37.89171
250001754,동면농협장학지점,127.75317,37.89177
250001755,강원중학교,127.75587,37.89502
250001756,강원고교,127.75593,37.89503
250001757,애니고등학교,127.70055,37.90538
250001758,애니고등학교,127.70064,37.90526
250001759,강남동/시외버스부근,127.72006,37.86586
250001760,감정2리회관,127.79139,37.90126
250001761,감정2리종점,127.80645,37.90167
250001762,감정2리,127.79235,37.90233
250001763,감정2리,127.79245,37.90243
250001764,감정1리마을회관,127.78992,37.89637
250001767,가정초교,127.5748,37.7373
250001768,가정진료소,127.57466,37.73722
250001769,가정리종점,127.57733,37.76332
250001770,가정3리,127.5676,37.76066
250001771,가정3리,127.56749,37.76075
250001772,가정2리,127.57312,37.74812
250001773,가정2리,127.57185,37.75332
250001774,가정2리,127.57176,37.75324
250001775,가정2리,127.5732,37.748
250001776,가정1리,127.57926,37.7319
250001777,가정1리,127.57901,37.73177
250001778,가재골,127.61976,37.7368
250001779,가재골,127.61987,37.73675
250001780,팔호광장(EMI학원),127.73537,37.87559
250001781,동성교회,127.73498,37.87525
250001782,88공원,127.71502,37.85241
250001783,(구)102보충대,127.71221,37.94124
250001784,(구)102보충대,127.7124,37.94078
250001785,신한은행후평동지점,127.75044,37.87927
250001786,충인교회,127.75001,37.87954
250001787,(구)보훈청,127.73954,37.87824
250001788,창촌3리약수터,127.63149,37.77616
250001789,창촌3리약수터,127.6314,37.77609
250001790,창촌3리,127.64103,37.7715
250001791,창촌3리,127.64081,37.77154
250001792,창촌3거리,127.6482,37.78727
250001793,창촌3거리,127.64813,37.78712
250001794,창촌1리,127.64702,37.78957
250001879,기와집골,127.63417,37.77607
250001880,장학1리,127.76813,37.89842
250001881,장학1리,127.76799,37.89851
250001882,춘천역육교앞,127.71608,37.88563
250001883,호반요양병원,127.7076,37.85834
250001884,호반요양병원,127.70753,37.85767
250001885,인성병원,127.72659,37.88109
250001886,소양로우체국,127.72618,37.88108
250001887,인람종점,127.65946,37.98567
250001888,인람리,127.65958,37.99086
250001889,의암치안센터,127.66999,37.85032
250001890,의암치안센터,127.67014,37.85037
250001891,송암스포츠타운입구,127.69323,37.84544
250001892,송암스포츠타운입구,127.69232,37.84577
250001893,의암리본마을,127.67943,37.83186
250001894,의암리본마을,127.67937,37.83181
250001895,의암류인석유적지,127.57221,37.74352
250001896,의암류인석유적지,127.5721,37.74341
250001897,의암댐,127.67719,37.83792
250001898,의암댐,127.6771,37.83776
250001899,의암공원,127.6696,37.82721
250001900,의암,127.68265,37.82685
250001901,의암,127.68273,37.8267
250001902,퇴계동입구,127.72053,37.86153
250001903,퇴계동입구,127.71969,37.86195
250001904,강원테크노파크,127.7514,37.93048
250001905,율문3리,127.76643,37.92984
250001906,강원테크노파크,127.75169,37.93053
250001907,율문1리,127.74383,37.92571
250001908,율문1리,127.74357,37.92584
250001909,천전2리,127.77003,37.93033
250001910,천전2리,127.76937,37.93046
250001911,육림랜드,127.72157,37.91618
250001912,육림공원,127.72119,37.91756
250001913,육림고개,127.73044,37.87721
250001914,육림고개,127.73071,37.87717
250001916,유포2리종점,127.77667,37.95236
250001917,유포리,127.77656,37.94932
250001918,유포리회관,127.77662,37.94913
250001919,유포3리입구,127.7517,37.93604
250001920,유포3리입구,127.7515,37.93507
250001921,유승한내들,127.73105,37.86189
250001922,유승한내들,127.73137,37.86192
250001923,윗샘밭종점,127.79306,37.93267
250001924,윗샘밭종점,127.79216,37.93244
250001925,위도입구,127.72122,37.92441
250001926,위도입구,127.721,37.92494
250001927,월송3리종점,127.67551,37.91704
250001928,월송2리입구,127.69654,37.91827
250001929,월송2리,127.68949,37.92294
250001930,월송1리,127.68734,37.93014
250001931,월곡리종점,127.80815,37.92262
250001932,월곡리,127.80165,37.91858
250001933,월곡리,127.80155,37.91855
250001934,원평리,127.63442,38.00363
250001935,샛강쉼터,127.6275,38.00193
250001936,원평마을,127.63334,38.00274
250001937,원평계곡,127.6444,37.99525
250001938,원평계곡,127.64426,37.99489
250001939,학곡리,127.75999,37.82565
250001940,원창리입구,127.76041,37.82608
250001941,원창고개,127.76878,37.81006
250001942,원창고개,127.75922,37.81594
250001943,원창고개,127.76861,37.80995
250001944,원창고개,127.75921,37.81573
250001945,원창5리,127.76445,37.7795
250001946,원창5리,127.76449,37.78081
250001947,원창4리,127.77007,37.80956
250001948,원창3리,127.76418,37.78941
250001949,원창3리,127.76394,37.78935
250001950,원창2리,127.7736,37.80338
250001951,폴리텍대학,127.7737,37.79736
250001952,폴리텍대학,127.77401,37.79759
250001953,원창2리,127.77365,37.80374
250001954,원창1리,127.74999,37.78843
250001955,원창1리,127.74998,37.78833
250001956,봉명리,127.7823,37.76643
250001957,원무골,127.76703,37.76659
250001958,웃골1리,127.69392,37.95099
250001959,웃골1리,127.69454,37.95044
250001960,우석초교입구,127.75043,37.8663
250001961,우석초교입구,127.75061,37.86621
250001962,우석초교,127.75018,37.865
250001963,우석초교,127.751,37.86474
250001964,그랜드아파트,127.75605,37.86696
250001965,용산치안센터,127.67122,37.96817
250001966,용산리종점,127.70724,37.94622
250001967,용산3리,127.70734,37.94581
250001968,용산2리취수장,127.70055,37.95014
250001969,용산2리취수장,127.70098,37.94955
250001970,한강수력본부,127.67893,37.96252
250001971,한강수력본부,127.67859,37.96261
250001972,용산1리종점,127.71715,37.94838
250001973,용산1리,127.71089,37.94281
250001974,용산1리,127.71066,37.94273
250001975,왕터연수원,127.56047,37.73122
250001976,왕터연수원,127.56059,37.7312
250001978,올미종점,127.7374,37.92627
250001979,올미입구,127.73655,37.92219
250001980,올미입구,127.7365,37.92233
250001981,올미,127.73852,37.92136
250001982,올미,127.73839,37.92141
250001983,전자랜드/시외버스부근,127.72134,37.86578
250001984,풍물시장,127.71739,37.86734
250001985,럭키/시외버스부근,127.71821,37.86657
250001986,방송통신대입구,127.72014,37.87329
250001987,방송통신대입구,127.72116,37.87326
250001988,온의금호1차,127.71614,37.86888
250001989,온의금호1차,127.71582,37.86872
250001990,옥광산입구,127.78278,37.91645
250001991,지내1리(옥광산입구),127.78225,37.91617
250001992,오항리종점,127.90448,37.97759
250001993,오탄리종점,127.58176,38.05261
250001994,오탄리,127.62175,38.0429
250001995,오탄1리,127.62197,38.04268
250001996,오탄3리종점,127.601,38.04171
250001997,오탄2리,127.59509,38.05404
250001998,오탄2리,127.59534,38.05417
250001999,오탄1리,127.61601,38.04708
250002000,오탄1리,127.61601,38.04686
250002001,오음리입구,127.7848,37.9407
250002002,오음리입구,127.7847,37.9408
250002003,오월유원지,127.64191,37.98006
250002004,오월유원지,127.64218,37.98015
250002005,오월리종점,127.62519,37.9663
250002006,오월리입구,127.65544,37.97863
250002007,오월리입구,127.65542,37.97853
250002008,오월교입구,127.64466,37.98354
250002009,오봉마을,127.71552,37.78736
250002010,오봉마을,127.71489,37.78688
250002011,오동초등학교,127.75615,37.95077
250002012,오동초등학교,127.75566,37.95061
250002015,여성가족연구원,127.74853,37.85613
250002016,여성가족연구원,127.74872,37.85577
250002017,퇴계주공6단지,127.743,37.85124
250002018,현진에버빌1차,127.74735,37.85034
250002020,상상마당입구,127.70108,37.87179
250002021,상상마당입구,127.70168,37.87141
250002022,양통종점,127.73779,38.00189
250002023,양우아파트,127.73052,37.86831
250002024,양우아파트,127.73154,37.86796
250002025,창촌3리(양단이),127.63429,37.76675
250002026,창촌3리(양단이),127.63364,37.7664
250002027,약사아파트,127.72306,37.87212
250002028,약사아파트,127.72362,37.87205
250002029,명동입구,127.72668,37.87971
250002030,약사리고개입구,127.728,37.8739
250002031,약사리고개입구,127.728,37.8739
250002032,현암리,127.68983,37.89185
250002033,애니메이션박물관,127.68997,37.89259
250002034,안보2리종점,127.57659,37.84978
250002035,안보2리입구,127.56777,37.84289
250002036,안보2리입구,127.56753,37.84263
250002037,탑동마을,127.57698,37.83785
250002038,아침못종점,127.76327,37.95009
250002039,쓰레기매립장,127.68775,37.79753
250002040,혈동2리,127.68779,37.79703
250002041,신포중학교,127.63991,38.02611
250002042,신포리,127.63411,38.01657
250002043,신포리,127.63403,38.01666
250002044,신포1리,127.64,38.02516
250002045,신촌1리,127.77998,37.85409
250002046,신촌3리,127.75825,37.84892
250002047,신촌1리,127.77069,37.85009
250002048,신촌1리,127.77616,37.8538
250002049,신촌1리,127.77606,37.85369
250002050,신촌1리,127.77063,37.85016
250001795,창촌1리,127.64689,37.78945
250001796,청구/진흥아파트,127.75254,37.86895
250001797,청구/진흥아파트,127.75274,37.8691
250001798,현지사,127.64553,38.04482
250001799,현지사,127.64509,38.0452
250001800,지촌3리,127.64075,38.03368
250001801,지촌3리,127.64059,38.03365
250001802,지촌2리,127.64283,38.05061
250001803,지촌2리,127.64272,38.05049
250001804,농협보안지점,127.75193,37.87721
250001805,한국국토정보공사,127.7511,37.87803
250001806,지암초교,127.60766,37.98085
250001807,지암초교,127.60775,37.98079
250001808,지암산천마을,127.609,37.98174
250001809,지암산천마을,127.60916,37.98194
250001810,지암리종점,127.59526,37.97533
250001811,지암리,127.62237,37.97935
250001812,지암리,127.63584,37.97705
250001813,지암리,127.63574,37.97718
250001814,지암리,127.6222,37.97928
250001815,지내리,127.7308,37.95017
250001816,지내리,127.73064,37.9501
250001817,지내3리,127.7308,37.94821
250001818,지내3리,127.73063,37.94822
250001819,지내2리종점,127.72107,37.9598
250001820,지내2리,127.72318,37.95769
250001821,지내2리,127.78467,37.9172
250001822,지내2리,127.78461,37.91725
250001823,지내1리종점,127.73283,37.9671
250001824,지내1리마을회관,127.73038,37.96167
250001825,지내1리마을회관,127.73034,37.96199
250001826,지내1리,127.73072,37.95776
250001827,지내보건소,127.73036,37.95788
250001828,지내1리,127.78176,37.91172
250001829,증3리,127.72608,37.82799
250001830,증3리,127.72411,37.82637
250001831,증3리,127.72408,37.82607
250001832,증3리,127.72726,37.831
250001833,증2리,127.70964,37.81127
250001834,증2리,127.70987,37.80756
250001835,증2리,127.71193,37.8053
250001836,증2리,127.70994,37.8026
250001837,증2리,127.71,37.80254
250001838,증2리,127.7115,37.80301
250001839,증2리,127.71204,37.80539
250001840,증2리,127.70999,37.80759
250001841,증2리,127.70976,37.81137
250001842,증1리,127.70913,37.81427
250001843,중앙하이츠1차,127.73726,37.85456
250001844,중앙하이츠,127.735,37.8558
250001845,중앙하이츠,127.735,37.8559
250001846,중앙하이츠1차,127.73673,37.85445
250001847,약사명동주민센터,127.7242,37.87749
250001848,중앙시장/중앙초교,127.72499,37.87835
250001849,중앙시장,127.72548,37.8785
250001850,중도선착장,127.69696,37.87193
250001851,중도선착장,127.69724,37.87178
250001852,중도배터,127.7172,37.8881
250001853,일성트루엘아파트,127.74849,37.87749
250001854,KBS방송국,127.7228,37.86824
250001855,KBS방송국,127.72272,37.86765
250001856,조양4리,127.77329,37.75984
250001857,조양4리,127.78372,37.75584
250001858,조양4리,127.78467,37.75576
250001859,신세계주유소,127.77867,37.75766
250001860,조양3리,127.83153,37.74393
250001861,조양1리,127.81144,37.75602
250001862,조각공원,127.71386,37.87307
250001863,정족2리입구,127.7293,37.83387
250001864,정족2리입구,127.72904,37.83375
250001865,정족2리입구,127.72937,37.83393
250001866,정족2리입구,127.72879,37.8337
250001867,정족2리,127.73444,37.83161
250001868,정족2리,127.73447,37.83153
250001869,정족1리입구,127.7315,37.84281
250001870,정족1리입구,127.7314,37.8429
250001871,사천왕사,127.67396,37.83221
250001872,사천왕사,127.67384,37.83233
250001873,정부합동청사,127.74927,37.8889
250001874,정부합동청사,127.74957,37.88843
250001875,정법사,127.70706,37.86151
250001876,정법사,127.70694,37.86142
250001877,재취골,127.73145,37.78923
250001878,기와집골,127.63417,37.77614
250001446,방곡2리종점,127.62927,37.78825
250001447,방곡1리,127.64234,37.79496
250001448,방곡1리,127.63958,37.79771
250001449,방곡1리,127.63871,37.80042
250001450,방곡1리,127.63856,37.80055
250001451,방곡1리,127.63981,37.79751
250001452,방곡1리,127.64222,37.79493
250001457,발산치안센터,127.62421,37.73898
250001458,발산2리,127.62433,37.73904
250001459,발산리종점,127.76653,37.96278
250001460,발산2리,127.76118,37.9557
250001461,발산2리,127.76292,37.9576
250001462,발산2리,127.76571,37.96057
250001463,발산2리,127.76567,37.9605
250001464,발산2리,127.76229,37.96169
250001465,발산2리,127.63121,37.73884
250001466,발산2리,127.63129,37.73875
250001467,발산1리,127.75559,37.95991
250001468,발산1리,127.74721,37.95119
250001469,발산1리,127.61077,37.73517
250001470,발산1리,127.61095,37.73504
250001471,발산,127.62399,37.74352
250001472,발산,127.62411,37.74359
250001473,광판2리,127.71021,37.74579
250001474,반이동,127.71003,37.74516
250001481,가정초교,127.57307,37.74014
250001482,가정1리회관앞,127.57241,37.7413
250001483,박암리,127.5439,37.7253
250026615,박암리,127.54382,37.72528
250001484,박암리,127.53776,37.72373
250001485,박암리,127.5387,37.72324
250001486,박암리,127.544,37.7252
250026616,박암리,127.54401,37.7252
250001487,밀알재활원,127.70221,37.76994
250001488,밀알재활원,127.70226,37.76988
250001489,동부새마을금고,127.73406,37.87352
250001490,미려골,127.73415,37.87333
250001491,문화주택,127.75169,37.88933
250001492,문화예술회관,127.7269,37.873
250001493,문화예술회관,127.72712,37.87294
250001494,논골입구,127.76382,37.77005
250001495,모래재,127.76566,37.76754
250001496,명진학교,127.73468,37.89998
250001497,덕두2리종점,127.62953,37.88325
250001498,명동입구,127.72627,37.87912
250001499,멸공훈련장,127.71029,37.85446
250001500,멸공훈련장,127.71015,37.85453
250001501,면허시험장입구,127.75178,37.946
250001502,면허시험장입구,127.75158,37.9455
250001503,만천2리,127.76523,37.87969
250001504,만천2리,127.76572,37.87964
250001505,동광오거리,127.74947,37.88526
250001506,동광오거리,127.74947,37.8847
250001507,만천리종점,127.78548,37.87603
250001508,동면만천농협,127.761,37.8817
250001509,동면만천농협,127.76073,37.88192
250001510,만천3리회관,127.7782,37.875
250001511,만천3리회관,127.77847,37.87508
250001512,만천초교,127.75814,37.88269
250001513,만천3리,127.77062,37.87743
250001514,만천3리,127.77045,37.87781
250001515,만천초교,127.75862,37.88264
250001516,만천1리,127.75593,37.8852
250001517,만천1리,127.75561,37.88547
250001518,마평,127.62754,38.00279
250001519,마삼래,127.69218,37.86527
250001520,마삼래,127.69244,37.86569
250001521,가압펌프장,127.71512,37.8538
250001522,가압펌프장,127.71454,37.8551
250001523,삼성동부아파트,127.73082,37.89953
250001524,롯데인벤스,127.73087,37.89971
250001525,호반베르디움,127.75938,37.85713
250001526,거두리부영아파트,127.75154,37.85561
250001527,로데오거리,127.75054,37.85424
250001528,뜨란채아파트,127.74713,37.85032
250001529,삼악산,127.66078,37.82486
250001530,삼악산,127.66043,37.82491
250001532,두미르아파트,127.72821,37.90202
250001533,두미르아파트,127.72739,37.90265
250001534,춘천동원학교,127.78872,37.93018
250001535,춘천동원학교,127.78854,37.93026
250001536,동산중학교,127.7915,37.75205
250001537,동산중학교,127.79126,37.75226
250001538,조양2리,127.79605,37.73766
250001539,조양2리,127.79613,37.7376
250001540,동산아파트,127.74211,37.88921
250001541,소방서,127.7425,37.88913
250001542,동산면사무소,127.79589,37.75394
250001543,동산면사무소,127.79587,37.7541
250001544,동부시장,127.73345,37.87632
250001545,동부시장,127.73428,37.87659
250001546,동보아파트,127.74215,37.86179
250001547,동보빌리지,127.74108,37.88372
250001548,동보빌리지,127.74134,37.88364
250001549,감정1리,127.78037,37.90403
250001550,동면치안센터,127.78038,37.90414
250001551,동면지내리,127.78244,37.91375
250001552,동면지내리,127.78227,37.91363
250001553,동면저수지,127.7584,37.89365
250001554,동면저수지,127.75823,37.89373
250001555,동면사무소,127.78151,37.91007
250001556,동면사무소,127.78136,37.90997
250001557,동면복지회관,127.78201,37.91202
250001558,동내초교,127.76599,37.85041
250001559,동내초교,127.76572,37.85042
250001560,동내면사무소,127.76159,37.848
250001561,동내면사무소,127.76141,37.84812
250001562,동광주유소,127.75171,37.88988
250001563,도민일보,127.74485,37.89051
250001564,도민일보,127.74304,37.89022
250001565,덕두원3리,127.67006,37.82722
250001566,덕두원2리,127.6593,37.86006
250001567,덕두원2리,127.65741,37.86336
250001568,덕두원2리,127.65556,37.86587
250001569,덕두원2리,127.65301,37.8687
250001570,덕두원2리,127.65026,37.86996
250001571,덕두원2리,127.64749,37.87119
250001572,덕두원2리,127.64431,37.87263
250001573,덕두원2리,127.6394,37.87676
250001574,덕두원2리,127.63767,37.878
250001575,덕두원2리,127.63296,37.88061
250001576,덕두원2리,127.63309,37.88041
250001577,덕두원2리,127.63765,37.87818
250001578,덕두원2리,127.63923,37.87668
250001579,덕두원2리,127.6442,37.8726
250001580,덕두원2리,127.64734,37.87114
250001581,덕두원2리,127.65021,37.87009
250001582,덕두원2리,127.65311,37.86856
250001583,덕두원2리,127.65555,37.86598
250001584,덕두원2리,127.65725,37.86348
250001585,덕두원2리,127.65914,37.86017
250001586,덕두원1리,127.66902,37.85264
250001587,덕두원1리,127.66653,37.85454
250001588,덕두원1리,127.66176,37.85376
250001589,덕두원1리,127.66185,37.85363
250001590,덕두원1리,127.66647,37.85449
250001591,덕두원1리,127.66893,37.85259
250001592,덕두원1리,127.67146,37.84727
250001593,덕두원1리,127.67156,37.84735
250001594,대원사,127.68556,37.84511
250001595,대원사,127.68555,37.84521
250001596,대룡중학교,127.74366,37.84817
250001597,대룡산종점,127.78173,37.83218
250001598,대룡산종점,127.78171,37.83228
250001599,사암리,127.76428,37.84125
250001600,대룡산쉼터,127.76457,37.84089
250001601,당림초교,127.60862,37.83839
250001602,당림1리,127.60852,37.83832
250001603,당림5반종점,127.60177,37.85847
250001604,당림3반종점,127.61864,37.86233
250001605,당림3거리,127.6098,37.84129
250001606,당림3거리,127.6097,37.84116
250001607,당림2리,127.61541,37.83079
250001608,당림2리,127.61526,37.83037
250001609,당림1리,127.614,37.84874
250001610,당림1리,127.61403,37.84865
250001611,당림1리,127.60273,37.83523
250001612,농업기술원,127.73559,37.90057
250001613,농촌공사춘천지소,127.73965,37.90923
250001614,농촌공사춘천지소,127.73935,37.90973
250001615,도재활병원삼거리,127.73772,37.90313
250001616,논골입구,127.76481,37.77692
250001617,논골입구,127.76462,37.77687
250001618,국민연금공단 춘천회관,127.731,37.86393
250001619,국민연금공단 춘천회관,127.73122,37.86385
250001620,남춘천초교,127.72187,37.86041
250001621,남춘천중학교,127.72139,37.86059
250001622,(구)남춘천역,127.7295,37.8623
250026585,(구)남춘천역,127.729,37.8617
250001623,(구)남춘천역,127.7295,37.8619
250001624,남산면사무소,127.64606,37.79149
250001625,남산면사무소,127.64599,37.79138
250001626,남부시장,127.726,37.87063
250001627,남부시장,127.72748,37.87011
250001628,남면사무소,127.6011,37.73167
250001629,발산1리,127.60058,37.73124
250001630,김유정문학촌,127.71677,37.81936
250001631,김유정문학촌,127.7167,37.81942
250001632,금산3리,127.68604,37.89559
250001633,금산3리,127.68621,37.8955
250001634,금산2리,127.69688,37.90197
250001635,금산2리,127.69716,37.90201
250001636,금산3리,127.69073,37.89627
250001637,강원정보문화진흥원,127.6906,37.89604
250001638,과수원마을입구,127.70376,37.91126
250001639,금병초교,127.71089,37.81467
250001640,근화초교,127.72462,37.88816
250001641,춘천역육교앞,127.71447,37.8833
250001642,근화사거리,127.71487,37.87522
250001643,청와아파트,127.71345,37.88146
250001644,그랜드아파트,127.7563,37.86683
250001646,군자공원묘지,127.74291,37.75663
250001647,군자3리,127.73297,37.75206
250001648,군자3리,127.73296,37.75196
250001649,군자3리,127.73849,37.75439
250001650,군자공원묘지,127.74292,37.7565
250001651,군자1리,127.72208,37.74859
250001652,군자1리,127.72219,37.74853
250001653,국립춘천병원,127.76431,37.77074
250001654,국립춘천병원,127.76413,37.77084
250001655,구곡폭포종점,127.61643,37.79722
250001656,구곡폭포입구,127.63638,37.81012
250001657,구곡폭포입구,127.63626,37.80991
250001658,교동초교입구,127.73812,37.8778
250001659,교동초교입구,127.73766,37.87737
250001660,광판초교,127.70109,37.73031
250001661,광판초교,127.70079,37.73011
250001662,광판중학교입구,127.69863,37.72608
250001663,광판중학교입구,127.69877,37.72607
250001664,광판중학교,127.69957,37.72263
250001665,광판중학교,127.69945,37.7226
250001666,광판2리,127.71288,37.74434
250001667,광판2리,127.71022,37.74294
250001668,광판2리,127.70906,37.73997
250001669,광판2리,127.71305,37.74427
250001670,광판2리,127.70895,37.74003
250001671,광판1리,127.70654,37.73279
250001672,광판,127.70678,37.73299
250001673,신포리,127.62701,38.01469
250001674,관천리종점,127.51239,37.72331
250001675,관천리,127.52201,37.72944
250001676,관천리,127.5221,37.72932
250001677,춘천청소년수련관,127.74135,37.87404
250001678,춘천청소년수련관,127.74098,37.87437
250001679,과선교,127.734,37.8583
250001680,과선교,127.7362,37.8569
250001681,과선교,127.7351,37.8574
250026588,중앙하이츠2차,127.73525,37.85723
250001682,과선교,127.7341,37.8583
250026587,퇴계주공2차,127.73464,37.85789
250001683,공지천사거리,127.71474,37.87421
250001684,공지사거리,127.7146,37.87431
250001685,신성교회,127.74676,37.88508
250001686,농협주유소,127.74578,37.88621
250001687,곡골,127.85333,37.85901
250001688,곡골,127.8531,37.85901
250001689,고탄입구,127.67705,37.96446
250001690,고탄입구,127.67634,37.96437
250001691,구고탄농협,127.70443,37.98815
250001692,고탄,127.7206,37.9912
250001693,고탄,127.7202,37.99096
250001694,고탄,127.70512,37.98817
250001695,고창말,127.73428,37.84043
250001696,고창말,127.73442,37.84044
250001697,고은리종점,127.78867,37.84553
250001698,고은리입구,127.77281,37.84982
250001699,고은리입구,127.7745,37.84905
250001700,고은리,127.78508,37.84576
250001701,고은리,127.78515,37.84587
250001702,고은2리,127.77766,37.84856
250001703,고은2리,127.77768,37.84863
250001704,고은1리,127.78208,37.8466
250001705,고은1리,127.78205,37.84667
250001706,고성2리,127.72459,37.99267
250001707,고성2리,127.73653,37.99944
250001708,고성2리,127.73516,37.99471
250002051,신연강,127.67345,37.8614
250002052,신연강,127.67363,37.86173
250002053,신사우동,127.72759,37.93879
250002054,신사우동,127.72743,37.9389
250002055,신북읍사무소,127.74677,37.92515
250002056,신북읍사무소,127.7469,37.92523
250002057,신매대교,127.71147,37.92197
250002058,신매대교,127.71137,37.92209
250002059,신매3리,127.71156,37.91819
250002060,신매3리,127.71089,37.91602
250002061,신매3리,127.71104,37.91592
250002062,신매3리,127.71172,37.91828
250002063,신매1리,127.7027,37.93588
250002064,신매1리,127.70284,37.93584
250002065,신동초교,127.722,37.92976
250002066,신동초교,127.72175,37.92992
250002067,신동삼거리,127.72232,37.93196
250002068,신동초등학교,127.72203,37.93187
250002069,신동,127.72165,37.92701
250002070,신동보급대,127.72141,37.92777
250002071,신동배터,127.7157,37.93733
250002072,신동배터,127.7162,37.93666
250002073,김유정역,127.71479,37.8172
250002074,김유정역,127.71504,37.81716
250002075,삼포유원지입구,127.70886,37.79923
250002076,명동입구,127.72912,37.87874
250002077,명동입구,127.72865,37.87961
250002078,시외버스터미널,127.71768,37.86291
250002079,시외버스터미널,127.71724,37.86376
250002080,시외버스터미널,127.71993,37.86377
250002081,시외버스터미널,127.71976,37.86411
250002082,시립청소년도서관,127.70841,37.87137
250002083,공지천분수대,127.70822,37.87196
250002084,(구)승마장,127.69305,37.87086
250002085,(구)승마장,127.69318,37.87067
250002086,시립요양원입구,127.75,37.8506
250002087,수청골입구,127.89261,37.98601
250002088,수청교,127.8926,37.98617
250002089,수동리,127.66838,37.77473
250002090,수동리,127.66827,37.77471
250002091,수동2리,127.64343,37.76644
250002092,수동2리,127.64336,37.76662
250002093,수동1리종점,127.67935,37.77341
250002094,수동1리입구,127.65406,37.78118
250002095,수동1리입구,127.65402,37.78132
250002096,수동1리,127.66157,37.77695
250002097,수동1리,127.66151,37.777
250002098,송암삼거리,127.70326,37.98831
250002099,송암리,127.70185,37.98852
250002100,송암리,127.68649,37.99547
250002101,송암리,127.69071,37.99289
250002102,송암동,127.68957,37.85203
250002103,송암동,127.69075,37.85043
250002104,송암3반,127.69205,38.00345
250002105,삼악산주차장입구,127.66532,37.82576
250002106,솔밭종점,127.77057,37.92527
250002107,소양초교,127.73941,37.90534
250002108,소양초교,127.73938,37.90587
250002109,소양중학교,127.72463,37.9061
250002110,소양중학교,127.72499,37.90513
250002111,소양정수장,127.77733,37.90225
250002112,소양정수장,127.77725,37.90238
250002113,소양로2가,127.72506,37.88914
250002114,소양로1가치안센터,127.72546,37.89235
250002115,소양로1가,127.72572,37.89146
250002116,소양강댐주차장,127.80166,37.93821
250002117,소양강댐정상,127.81268,37.94757
250002118,소양강댐사택,127.79541,37.93362
250002119,소양강댐사택,127.7952,37.93365
250002120,소양2교,127.72858,37.89959
250002121,사우사거리,127.72835,37.89996
250002122,세경6차,127.75488,37.88067
250002123,세경6차,127.7547,37.88077
250002124,세경3차,127.74415,37.88484
250002125,세경3차,127.7437,37.88451
250002126,성원초등학교,127.74339,37.84813
250002127,한림대학교,127.73831,37.8835
250002128,퇴계주공5차아파트,127.74132,37.85273
250002129,현진에버빌2차,127.74154,37.8528
250002130,설미종점,127.67905,37.80992
250002131,봄내초교,127.742,37.85657
250002132,봄내초등학교,127.74174,37.85642
250002133,퇴계현대3차,127.74099,37.85451
250002134,남부지구대,127.7453,37.86148
250002135,석사치안센터,127.74509,37.86155
250002136,석사아파트,127.73904,37.86281
250002137,석사아파트,127.73933,37.86289
250002138,석사삼익아파트,127.75104,37.85308
250002139,초록지붕아파트,127.75117,37.85324
250002140,석사사거리,127.74511,37.85952
250002141,석사부영아파트,127.75608,37.8691
250002142,석사동주민센터,127.74244,37.85922
250002143,석사동주민센터,127.74273,37.85921
250002144,석사대우아파트,127.75638,37.86908
250002145,석사극동아파트,127.7527,37.851
250002146,석사극동아파트,127.75278,37.85118
250002147,석사교회,127.74483,37.85961
250002148,석사4거리,127.74326,37.86115
250002149,석사2지구아파트,127.75677,37.87048
250002150,석사2지구아파트,127.75697,37.87027
250002151,석갓,127.69664,37.93592
250002152,석갓,127.69652,37.93586
250002153,서춘천농협,127.70239,37.93234
250002154,서춘천농협,127.70252,37.93239
250002155,서천리,127.55202,37.84082
250002156,서천2리,127.53288,37.83801
250002157,서천1리,127.55257,37.83858
250002158,서천1리,127.55271,37.83862
250002159,서상초교,127.70632,37.92833
250002160,서상초교,127.70633,37.92814
250002161,서상2리종점,127.65798,37.93433
250002162,서상1리종점,127.70362,37.94223
250002163,서상1리종점,127.70357,37.94212
250002164,서부시장,127.72404,37.88581
250002165,서면치안센터,127.70928,37.92395
250002166,서면치안센터,127.70919,37.92377
250002167,서면사무소,127.69369,37.89811
250002168,서면사무소,127.69402,37.89834
250002169,샬롬(산후조리원),127.60027,37.83437
250002170,새술막,127.75687,37.78622
250002171,새술막,127.75773,37.78588
250002172,새말교,127.61061,37.84639
250002173,당림1리,127.61065,37.84628
250002174,새마을고개,127.7326,37.87146
250002175,새마을고개,127.73241,37.87107
250002176,증4리종점,127.73112,37.79883
250002177,상천초등학교,127.7849,37.92989
250002178,상원사,127.67416,37.84097
250002179,상원사,127.67431,37.84109
250002180,상걸리종점,127.86239,37.85075
250002181,상걸리종점,127.8498,37.86211
250002182,상걸2리,127.85015,37.86208
250002183,상걸1리,127.84409,37.86614
250002184,상걸1리,127.84392,37.86629
250002185,삼포유원지입구,127.70854,37.79897
250002186,삼포유원지입구,127.7086,37.79899
250002187,삼포유원지,127.715,37.79779
250002188,삼포유원지,127.71497,37.79774
250002189,삼천동사거리,127.70704,37.86906
250002190,삼천동사거리,127.707,37.86941
250002191,여우고개,127.73921,37.91949
250002192,여우고개,127.73905,37.91915
250002193,의암댐,127.67417,37.8376
250002194,의암댐,127.67401,37.83721
250002195,산천2리종점,127.74755,37.96104
250002196,산천1리,127.75172,37.94283
250002197,산천1리,127.75159,37.9427
250002198,산천1리,127.75225,37.94758
250002199,산천1리,127.75236,37.94778
250002200,산수빌아파트,127.76477,37.84754
250002201,산수빌아파트,127.7641,37.84785
250002202,산수리,127.6715,37.7126
250002203,사이클경기장,127.69261,37.86916
250002204,사암리,127.76488,37.84124
250002205,사암4리종점,127.76831,37.82315
250002206,사암4리종점,127.76838,37.82325
250002207,사암4리,127.764,37.8238
250002208,사암3리,127.77478,37.83309
250002209,사암3리,127.77471,37.83319
250002210,사암1리,127.77003,37.83203
250002211,사암1리,127.76829,37.831
250002212,사암1리,127.76997,37.83208
250002213,사북우체국,127.64348,38.03872
250002214,사북우체국,127.64334,38.03878
250002215,사북면사무소,127.64133,38.03011
250002216,사북면사무소,127.64114,38.02896
250002217,사대부고,127.74672,37.87282
250002218,뉴시티코아루,127.72205,37.91353
250002219,뉴시티코아루,127.72187,37.9133
250002220,사농동현대아파트,127.72244,37.91079
250002221,보타사입구,127.70128,37.84508
250002222,보타사입구,127.70111,37.84528
250002223,북산면사무소,127.88556,37.98721
250002224,북산면사무소,127.88551,37.98707
250002225,부속초교후문,127.73103,37.86984
250002226,봉의초교,127.72948,37.87511
250002227,봉의중학교,127.74149,37.87932
250002228,봉의중학교,127.74159,37.87915
250002229,봉의아파트,127.74489,37.88675
250002230,봉의아파트,127.74413,37.88768
250002231,봉명리종점,127.81255,37.77377
250002232,봉명2리,127.81103,37.77336
250002233,봉명1리,127.79463,37.75785
250002234,봉명1리1반,127.7945,37.75779
250002235,보안사거리,127.75261,37.87534
250002236,보안사거리,127.75241,37.87542
250002237,주공5단지,127.74625,37.87636
250002238,주공5단지,127.74552,37.87619
250002239,법원,127.73414,37.86609
250002240,법원,127.73285,37.86609
250002241,법원,127.73311,37.8659
250002242,번개시장,127.72626,37.89205
250002243,백양리종점,127.57333,37.81028
250002244,백양리역,127.6123,37.8277
250002245,백양리역,127.6124,37.8277
250002246,백양리,127.55995,37.82778
250002247,백양리,127.56018,37.82779
250002248,백양1리,127.56262,37.82402
250002249,백양1리,127.56272,37.8241
250002250,오음리고개정상,127.79036,37.99437
250002251,오음리고개정상,127.79054,37.99397
250002252,배나무골,127.71745,37.85995
250002253,배나무골,127.717,37.85983
250002255,방죽기,127.73603,37.83553
250002256,방죽기,127.73615,37.83551
250002257,송암스포츠타운,127.68863,37.85578
250002258,방동리종점,127.66544,37.90904
250002259,방동2리,127.67505,37.90053
250002260,방동2리,127.6732,37.90395
250002261,방동2리,127.66854,37.90705
250002262,방동2리,127.66859,37.90711
250002263,방동2리,127.6732,37.90406
250002264,방동2리,127.67514,37.90063
250002265,장절공,127.66183,37.90176
250002266,방동1리,127.67528,37.89575
250026527,동춘슈퍼,127.73971,37.8814
250026528,보배아파트후문,127.71242,37.86661
250026511,보배아파트후문,127.71259,37.86684
250026515,현진에버빌1차아파트,127.74616,37.85251
250026514,퇴계동/스무숲성당,127.7472,37.8524
250026512,럭키아파트후문,127.71589,37.86461
250026513,럭키아파트후문,127.71602,37.86483
250026516,송암스포츠타운,127.68883,37.85569
250026517,동춘슈퍼,127.73989,37.88126
250026518,원창2리,127.77557,37.80167
250026519,원창2리,127.77567,37.80157
250026520,한림성심대학교,127.75513,37.89835
250026521,한림성심대학교,127.75522,37.89835
250026522,지내리,127.78156,37.91843
250026523,지내3리,127.77711,37.92251
250026524,지내리,127.78159,37.91848
250026525,지내3리,127.77715,37.92252
250026526,상걸리종점,127.86237,37.85097
250026510,국군병원,127.72774,37.93689
250000040,한덕리,127.61356,37.67885
250000041,한덕리입구,127.61177,37.67707
250000042,한덕리입구,127.61166,37.67723
250026530,조양3리종점,127.83287,37.75109
250026531,유앤아이아파트,127.76324,37.87981
250026532,스위첸아파트,127.76337,37.8797
250026533,동신장로교회,127.75956,37.87807
250026534,구름다리주유소,127.75965,37.87791
250026535,강원사대부고,127.74747,37.87205
250026536,강원사대부고,127.74732,37.87192
250026537,케이티앤지,127.72784,37.86164
250026538,신축남춘천역사,127.7247,37.8634
250026539,농산물도매시장,127.72831,37.90682
250026540,농산물도매시장,127.72832,37.90702
250026541,우두사거리,127.73859,37.9069
250026542,우두사거리,127.73867,37.90704
250026543,홈플러스,127.73524,37.85079
250026544,올미,127.73908,37.92214
250026546,올미입구,127.73914,37.92228
250026547,금대울,127.78779,37.86737
250026548,호반베르디움,127.75937,37.85715
250026549,남춘천역,127.7231,37.8639
250026550,소양강처녀상,127.725,37.89351
250026551,소양강처녀상,127.724,37.893
250026552,춘천역,127.7181,37.8851
250026553,효자교,127.72885,37.86815
250026554,퇴계일성아파트,127.72678,37.86621
250026555,퇴계일성아파트,127.72695,37.86612
250026556,효자교,127.72887,37.86792
250026557,당간지주입구,127.72188,37.8913
250026558,당간지주입구,127.72202,37.89126
250026559,남춘천역,127.72331,37.86412
250026560,백양리역,127.58876,37.83118
250026561,백양리역,127.58832,37.8311
250026562,굴봉산역,127.5574,37.8327
250026563,굴봉산역,127.55733,37.83251
250026564,성신양회,127.7203,37.8886
250026567,강촌역,127.6337,37.80627
250026568,강촌역,127.63371,37.80637
250026569,강촌역입구,127.6365,37.806
250026570,강촌역입구,127.6367,37.806
250026571,소양5교,127.75161,37.92461
250026572,막국수체험관,127.7498,37.9484
250026573,옥광산,127.8056,37.921
250026574,남춘천역,127.7248,37.8636
250026575,광판농협입구,127.70744,37.7354
250026576,광판농협입구,127.7075,37.7351
250026577,원창3리,127.7666,37.7935
250026578,원창3리,127.7664,37.79308
250026579,갈골교,127.7403,37.7831
250026580,갈골교,127.74034,37.7828
250026581,남춘천역종점,127.72478,37.86398
250026582,케이티앤지,127.7274,37.8615
250026583,휴먼시아2차,127.733,37.86071
250026584,휴먼시아1차,127.7332,37.86087
250026586,(구)안디옥교회입구,127.7281,37.86379
250026589,퇴계동/스무숲성당,127.7471,37.8525
250026596,간척사거리,127.8171,38.028
250026592,간척사거리,127.8171,38.028
250026593,느랏재터널입구,127.8206,37.89437
250026594,느랏재터널입구,127.81886,37.88567
250026595,소양강댐정상,127.81209,37.94769
250026597,청평사종점,127.81775,37.98042
250026598,기도원입구,127.81653,38.01914
250026599,석사교사거리,127.73965,37.85737
250026600,전원주택입구,127.70025,37.98555
250026601,전원주택입구,127.70038,37.98582
250026602,봉의산마트입구,127.75105,37.88858
250026603,수협,127.72791,37.86973
250026604,월송2리입구,127.70589,37.91481
250026605,월송2리입구,127.70613,37.91482
250026606,장절공입구,127.66398,37.90071
250026607,장절공입구,127.6641,37.90061
250026608,호수요양병원,127.6959,37.98254
250026609,율문3리입구,127.7518,37.93405
250026610,고탄농협,127.70943,37.9881
250026611,고탄농협,127.70928,37.98821
250026617,공단입구,127.7499,37.89101
250026618,공단입구,127.74996,37.89086
250026619,오탄2리입구,127.60929,38.04967
250026620,오탄3리입구,127.61007,38.05073
250026621,삼포,127.71267,37.79906
250026622,방아간앞,127.77834,37.93805
250026623,침례교회앞,127.77932,37.93931
250026624,원정사입구,127.7793,37.94188
250026625,유포리,127.77861,37.94605
250026626,국유림관리소앞,127.77341,37.93095
250026627,상걸2리,127.85525,37.85547
250026628,상걸2리,127.8561,37.85477
250026629,한화제약입구,127.56784,37.75663
250026630,한화제약입구,127.5675,37.75686
250026631,박암리,127.5292,37.73051
250026632,부강연립앞,127.71219,37.87869
250026633,당림1리3반,127.61665,37.85903
250026634,당림1리5반,127.60552,37.846
250026635,풀무원입구,127.60803,37.84255
250026636,당림리,127.60195,37.8502
250026637,신촌리입구,127.77535,37.85403
250026638,당림1리5반,127.60101,37.85301
250026639,덕두원주말농장,127.64075,37.87423
250026640,덕두원주말농장,127.64089,37.8742
250026641,산수1리,127.67589,37.70885
250026642,강원도시가스,127.74819,37.8861
250026643,강원도시가스,127.7479,37.88591
250026644,소양1교,127.73183,37.89382
250026645,소양로1가,127.72952,37.89379
250026646,평화공원,127.71776,37.88912
250026647,평화공원,127.71811,37.88902
250026649,부강연립,127.71178,37.87849
250026650,강원대정문,127.73784,37.86634
250026651,강원대정문,127.73786,37.86658
250026652,자연과학대학쪽문,127.74127,37.87219
250026653,강원학생과학관입구,127.74097,37.87204
250026655,천전삼거리,127.78151,37.93013
250026656,상천초교입구,127.78335,37.93391
250026657,상천초교입구,127.78315,37.93384
250026658,롯데마트,127.75832,37.86672
250026659,롯데마트,127.75846,37.86672
250026660,스무숲입구,127.7487,37.85055
250026661,고용노동부,127.74465,37.85151
250026662,강원체고앞,127.6928,37.8591
250026663,강원체고앞,127.6925,37.85909
250026664,춘천공원묘지,127.78518,37.94298
250026665,노일교,127.64108,37.79474
250026666,노일교,127.64107,37.79484
250026667,갈골,127.74001,37.78095
250026668,솔바우마을,127.6932,37.98989
250026669,서부지구대,127.71295,37.87461
250026670,창촌2리입구,127.6465,37.78552
250026671,창촌2리입구,127.64664,37.78548
250026672,창촌농공단지,127.64121,37.78381
250026673,삼포유원지,127.71229,37.796
250026674,삼포유원지,127.71249,37.79575
250026675,혈동1리,127.7141,37.77559
250026676,덕만리혈동1리입구,127.71338,37.77319
250026677,보매기,127.64315,37.78474
250026678,춘천여고,127.76399,37.88716
250026679,유포1리,127.7618,37.94865
250026680,월송1리,127.69207,37.92935
250026681,월송1리,127.69655,37.93055
250026682,서천2리,127.53307,37.83785
250026683,서천1리,127.54411,37.84316
250026684,서천1리,127.5453,37.84327
250026685,충의대교,127.58925,37.72662
250026686,신촌1리,127.78532,37.8553
250026687,신촌1리,127.78535,37.8551
250026688,행촌리종점,127.67478,37.74733
250026689,홈플러스,127.73406,37.85075
250026690,만천주공아파트,127.75938,37.88426
250026691,만천주공아파트,127.75937,37.88436
250026692,새고개,127.71957,37.79999
250026693,서천분교,127.5554,37.83593
250026694,서천분교,127.55523,37.83619
250026695,발산1리1반,127.60257,37.73213
250026696,발산1리1반,127.602,37.73206
250026697,당림초교,127.6079,37.83722
250026698,거두1리1반,127.77386,37.86084
250026699,지내리,127.72798,37.9436
250026700,감정리,127.78819,37.90007
250026701,만천3리,127.7809,37.87507
250026702,올미,127.73416,37.93036
250026703,올미,127.73428,37.93038
250026704,당림리,127.605,37.83387
250026705,방동리입구,127.6892,37.89487
250026706,서상마을회관,127.6611,37.93532
250026707,서상2리,127.67055,37.93649
250026708,서상2리,127.67701,37.93805
250026709,서상2리,127.6649,37.93611
250026710,우러니입구,127.69132,37.73582
250026711,강촌수련원앞,127.6011,37.82917
250026712,덕두원2리1반,127.6623,37.85747
250026713,검문소종점,127.76238,37.82007
250026714,한국산업인력공단,127.76223,37.82083
250026715,창촌3리2반,127.6402,37.77566
250026716,관천리종점,127.51235,37.72338
250026717,산천2리종점,127.74758,37.96099
250026718,오항리종점,127.90441,37.97751
250026719,청평사종점,127.81763,37.98044
250026720,양통종점,127.73786,38.00188
250026721,오탄리종점,127.58151,38.05263
250026722,수동1리종점,127.67931,37.77334
250026723,창촌3리종점,127.62605,37.77674
250026724,혈동1리종점,127.69999,37.77156
250026725,증4리,127.73108,37.79876
250026726,혈동2리종점,127.68745,37.78527
250026727,서상2리종점,127.65796,37.93438
250026728,방동리종점,127.66556,37.90907
250026729,백양리종점,127.57326,37.81032
250026730,유포2리종점,127.77681,37.95236
250026731,가정리종점,127.5774,37.76331
250026732,발산리종점,127.76644,37.9628
250026733,거두2리종점,127.78735,37.86114
250026734,용산3리종점,127.7075,37.94648
250026735,지내2리종점,127.72099,37.95975
250026736,올미종점,127.73725,37.92629
250026737,지암리종점,127.59532,37.97542
250026738,재취골,127.73137,37.7892
250026739,조양3리종점,127.83273,37.7511
250026740,봉명리종점,127.81239,37.77383
250026741,구곡폭포종점,127.61657,37.79721
250026742,안보2리종점,127.57649,37.84989
250026743,당림3반종점,127.61857,37.86235
250026744,덕두2리종점,127.6294,37.88322
250026745,창총농공단지,127.64133,37.78371
250026746,방곡2리종점,127.62929,37.78819
250026747,설미종점,127.67907,37.80988
250026748,월곡리종점,127.80804,37.92263
250026749,월송3리종점,127.67544,37.91701
250026750,애니메이션박물관,127.68981,37.89259
250026751,오월리종점,127.62511,37.96632
250026752,공대후문,127.73786,37.86949
250026753,공대후문,127.73809,37.86949
250026754,가재미마을,127.68595,37.926
250026755,월송1리,127.68391,37.9292
250026756,월송1리,127.68006,37.92797
250026757,월송2리,127.69365,37.91846
250026758,삽다리고개,127.65824,37.73669
250026759,추곡리,127.8803,38.02973
250026760,창촌3리삼거리,127.64252,37.77079
250026761,전력산업단지,127.6274,37.76463
250026762,백치고개정상,127.81564,38.00304
250026763,광판삼거리,127.71165,37.74378
250026764,호수요양병원,127.6956,37.98248
250026765,거두리종점,127.79178,37.86158
250026766,춘천여고입구,127.76414,37.88698
250026767,한신휴플러스,127.72593,37.88424
250026768,e편한세상,127.72612,37.88427
250026769,사암2리 마을회관,127.76679,37.83983
250026770,사암2리,127.77047,37.83562
250026771,거두1리1반,127.7697,37.86035
250026772,사암4리,127.76405,37.82373
250026773,사암리,127.76766,37.82608
250026774,의암리입구,127.68163,37.82742
250026775,의암리입구,127.68137,37.82757
250026776,학곡리,127.76288,37.82177
250026777,증4리,127.72803,37.79941
250026778,장학교차로,127.75562,37.89386
250026779,장학해온채아파트,127.75407,37.89708
250026780,장학해온채아파트,127.75377,37.8983
250026781,꿈자람어린이공원,127.72033,37.88369
250026782,꿈자람어린이공원,127.7201,37.88362
250026783,성우호반통학,127.75679,37.85664
250026784,우레골입구,127.6052,38.04559
250026785,오월2리,127.6272,37.96821
250026786,오월2리,127.62918,37.96969
250026787,오월2리,127.63555,37.97157
250026788,강원숲체험장입구,127.64079,37.97168
250026789,오월2리,127.64156,37.97515
250026790,오월리납실교,127.64305,37.97862
250026791,증4리,127.72807,37.79945
250026792,장학1리마을회관,127.7635,37.89681
250026793,장학1리마을회관,127.7635,37.89696
250026794,하일종점,127.75504,37.91388
250026795,하일,127.75688,37.9137
250026796,장학2리,127.75673,37.91067
250026797,장학2리,127.75471,37.90758
250026798,장학2리마을회관,127.75374,37.90571
250026799,장학2리마을회관,127.7538,37.90562
250026800,장학2리,127.75484,37.90757
250026801,장학2리,127.75682,37.91077
250026802,하일,127.75696,37.91376
250026803,팔미1리,127.71026,37.82982
250026804,의암리입구,127.68194,37.8273
250026805,의암리입구,127.6811,37.82786
250026806,효장례문화원,127.77615,37.85762
250026807,퇴계농공단지,127.74034,37.8436
250026808,퇴계농공단지,127.73615,37.84485
250026809,도재활병원삼거리,127.73836,37.90313
250026810,강원도재활병원,127.74197,37.90388
250026811,우두사거리,127.74019,37.9069
250026812,거두농공단지,127.77879,37.8658
250026813,거두농공단지,127.78144,37.86698
250026814,거두농공단지,127.78136,37.86709
250026815,거두농공단지,127.77872,37.86591
250026816,강원도재활병원,127.74184,37.9039
250026817,간동2교,127.81118,38.02468
250026818,간동2교,127.81097,38.02464
250026819,추곡약수터입구,127.88961,38.03016
250026820,군자2리,127.73528,37.78827
250026821,팔미1리,127.7104,37.82936
250026822,산촌생태마을,127.63616,37.88022
250026823,지내1리종점,127.73276,37.96722
250026824,지내2리,127.72004,37.96121
250026825,지내2리,127.72277,37.96277
250026826,지내1리,127.72742,37.9641
250026827,지내1리,127.73013,37.96515
250026828,소망마을,127.78361,37.93342
250026829,해강아파트,127.7896,37.93281
250026830,장학부영아파트,127.7527,37.8964
250026831,장학LH1단지,127.75255,37.89636
250026832,당림1리,127.60101,37.8552
250026833,칠전대우아파트,127.7134,37.84427
250026834,칠전대우아파트,127.71306,37.8449
250026835,의암댐,127.67723,37.8375
250026836,의암댐,127.67714,37.8375
250026837,원창교,127.74384,37.78718
250026838,창촌3리,127.63645,37.7687
250026839,신동교,127.72087,37.93467
250026840,보매기,127.64375,37.78479
250026841,산수2리,127.68129,37.70216
250026842,증4리,127.72348,37.80011
250026843,송암리,127.69766,37.98875
250026844,오월교,127.64867,37.97968
250026845,간척리,127.83923,38.0287
250026846,춘천요양병원,127.7535,37.8487
250026847,운전면허시험장,127.75085,37.94759
250026848,감정리,127.78669,37.9039
250026849,지내리,127.72855,37.95138
250026850,큰물건너입구,127.6823,37.98199
250026851,서천리주명교,127.5528,37.8433
250026852,청소년야영장정문,127.87948,37.99853
250026853,청소년야영장정문,127.87962,37.99855
250026854,군자3리,127.75524,37.75996
250026855,방곡2리,127.63282,37.78882
250026856,월곡리입구,127.79428,37.91689
250026857,조양삼거리,127.76475,37.76734
250026858,오월교,127.64924,37.97957
250026859,산수1리마을회관,127.66807,37.71399
250026860,강촌입구,127.63192,37.81934
250026861,혈동1리,127.70679,37.76877
250026862,오빛뜰체험관,127.88808,37.98529
250026863,오빛뜰체험관,127.88804,37.98543
250026866,옥광산,127.80552,37.92103
