일자,현재지수,등락률(%)
2006-01-02,1389.27,0.72
2006-01-03,1394.87,0.4
2006-01-04,1402.11,0.52
2006-01-05,1395.51,-0.47
2006-01-06,1412.78,1.24
2006-01-09,1408.33,-0.31
2006-01-10,1396.29,-0.85
2006-01-11,1394.09,-0.16
2006-01-12,1402.58,0.61
2006-01-13,1416.28,0.98
2006-01-16,1421.79,0.39
2006-01-17,1389.58,-2.27
2006-01-18,1352.91,-2.64
2006-01-19,1360.64,0.57
2006-01-20,1324.78,-2.64
2006-01-23,1297.43,-2.06
2006-01-24,1326.83,2.27
2006-01-25,1342.59,1.19
2006-01-26,1352.75,0.76
2006-01-27,1384.56,2.35
2006-01-31,1399.83,1.1
2006-02-01,1375.97,-1.7
2006-02-02,1374.44,-0.11
2006-02-03,1333.5,-2.98
2006-02-06,1341.64,0.61
2006-02-07,1332.28,-0.7
2006-02-08,1310.99,-1.6
2006-02-09,1321.66,0.81
2006-02-10,1335.23,1.03
2006-02-13,1320.79,-1.08
2006-02-14,1328.21,0.56
2006-02-15,1303.84,-1.83
2006-02-16,1314.32,0.8
2006-02-17,1332.73,1.4
2006-02-20,1348.25,1.16
2006-02-21,1346.49,-0.13
2006-02-22,1340.58,-0.44
2006-02-23,1361.23,1.54
2006-02-24,1365.82,0.34
2006-02-27,1374.88,0.66
2006-02-28,1371.59,-0.24
2006-03-02,1367.7,-0.28
2006-03-03,1328.95,-2.83
2006-03-06,1344.76,1.19
2006-03-07,1316.67,-2.09
2006-03-08,1314.05,-0.2
2006-03-09,1311.21,-0.22
2006-03-10,1320.07,0.68
2006-03-13,1338.28,1.38
2006-03-14,1326.3,-0.9
2006-03-15,1333.98,0.58
2006-03-16,1335.98,0.15
2006-03-17,1341.12,0.38
2006-03-20,1346.69,0.42
2006-03-21,1336.65,-0.75
2006-03-22,1309.83,-2.01
2006-03-23,1312.26,0.19
2006-03-24,1321.23,0.68
2006-03-27,1330.34,0.69
2006-03-28,1331.31,0.07
2006-03-29,1332.72,0.11
2006-03-30,1338.14,0.41
2006-03-31,1359.6,1.6
2006-04-03,1379.75,1.48
2006-04-04,1385.64,0.43
2006-04-05,1388.77,0.23
2006-04-06,1397,0.59
2006-04-07,1402.36,0.38
2006-04-10,1398.29,-0.29
2006-04-11,1386.08,-0.87
2006-04-12,1383.59,-0.18
2006-04-13,1405.72,1.6
2006-04-14,1432.72,1.92
2006-04-17,1422.63,-0.7
2006-04-18,1427,0.31
2006-04-19,1437.84,0.76
2006-04-20,1434.15,-0.26
2006-04-21,1451.31,1.2
2006-04-24,1430.94,-1.4
2006-04-25,1431.15,0.01
2006-04-26,1451.22,1.4
2006-04-27,1452.53,0.09
2006-04-28,1419.73,-2.26
2006-05-02,1434.9,1.07
2006-05-03,1435.17,0.02
2006-05-04,1441.02,0.41
2006-05-08,1452.23,0.78
2006-05-09,1450.44,-0.12
2006-05-10,1451.09,0.04
2006-05-11,1464.7,0.94
2006-05-12,1445.2,-1.33
2006-05-15,1413.98,-2.16
2006-05-16,1382.11,-2.25
2006-05-17,1401.47,1.4
2006-05-18,1365.15,-2.59
2006-05-19,1372.29,0.52
2006-05-22,1338.59,-2.46
2006-05-23,1329.86,-0.65
2006-05-24,1333.38,0.26
2006-05-25,1295.76,-2.82
2006-05-26,1322.43,2.06
2006-05-29,1329.22,0.51
2006-05-30,1317.7,-0.87
2006-06-01,1295.09,-1.72
2006-06-02,1309.04,1.08
2006-06-05,1301.62,-0.57
2006-06-07,1266.84,-2.67
2006-06-08,1223.13,-3.45
2006-06-09,1235.65,1.02
2006-06-12,1239.84,0.34
2006-06-13,1203.86,-2.9
2006-06-14,1221.73,1.48
2006-06-15,1219.4,-0.19
2006-06-16,1262.19,3.51
2006-06-19,1251.67,-0.83
2006-06-20,1225.83,-2.06
2006-06-21,1227.19,0.11
2006-06-22,1238.83,0.95
2006-06-23,1228.62,-0.82
2006-06-26,1238.05,0.77
2006-06-27,1247.54,0.77
2006-06-28,1238.71,-0.71
2006-06-29,1263.02,1.96
2006-06-30,1295.15,2.54
2006-07-03,1294.61,-0.04
2006-07-04,1285.92,-0.67
2006-07-05,1279.85,-0.47
2006-07-06,1263.96,-1.24
2006-07-07,1273.93,0.79
2006-07-10,1299.29,1.99
2006-07-11,1300.44,0.09
2006-07-12,1296.69,-0.29
2006-07-13,1285.02,-0.9
2006-07-14,1255.13,-2.33
2006-07-18,1233.42,-1.73
2006-07-19,1233.65,0.02
2006-07-20,1273.3,3.21
2006-07-21,1271.33,-0.15
2006-07-24,1263.35,-0.63
2006-07-25,1279.77,1.3
2006-07-26,1279.08,-0.05
2006-07-27,1296.27,1.34
2006-07-28,1297.07,0.06
2006-07-31,1297.82,0.06
2006-08-01,1287.36,-0.81
2006-08-02,1295.11,0.6
2006-08-03,1292.05,-0.24
2006-08-04,1304.51,0.96
2006-08-07,1289.54,-1.15
2006-08-08,1311.1,1.67
2006-08-09,1314.93,0.29
2006-08-10,1304.31,-0.81
2006-08-11,1292.1,-0.94
2006-08-14,1295.11,0.23
2006-08-16,1315.61,1.58
2006-08-17,1327.78,0.93
2006-08-18,1331.1,0.25
2006-08-21,1321.67,-0.71
2006-08-22,1334.96,1.01
2006-08-23,1324.95,-0.75
2006-08-24,1315.73,-0.7
2006-08-25,1329.35,1.04
2006-08-28,1327.89,-0.11
2006-08-29,1344.61,1.26
2006-08-30,1341.35,-0.24
2006-08-31,1352.74,0.85
2006-09-01,1356.67,0.29
2006-09-04,1359.06,0.18
2006-09-05,1361.24,0.16
2006-09-06,1357.01,-0.31
2006-09-07,1351.17,-0.43
2006-09-08,1354.89,0.28
2006-09-11,1334.08,-1.54
2006-09-12,1328.04,-0.45
2006-09-13,1333.13,0.38
2006-09-14,1358.75,1.92
2006-09-15,1361.1,0.17
2006-09-18,1374.3,0.97
2006-09-19,1373.95,-0.03
2006-09-20,1366.44,-0.55
2006-09-21,1366.79,0.03
2006-09-22,1348.38,-1.35
2006-09-25,1355.21,0.51
2006-09-26,1343.97,-0.83
2006-09-27,1360.03,1.19
2006-09-28,1371.43,0.84
2006-09-29,1371.41,0
2006-10-02,1374.22,0.2
2006-10-04,1352,-1.62
2006-10-09,1319.4,-2.41
2006-10-10,1328.37,0.68
2006-10-11,1325.49,-0.22
2006-10-12,1331.78,0.47
2006-10-13,1348.6,1.26
2006-10-16,1356.72,0.6
2006-10-17,1351.3,-0.4
2006-10-18,1354.26,0.22
2006-10-19,1354.06,-0.01
2006-10-20,1364.24,0.75
2006-10-23,1364.95,0.05
2006-10-24,1366.5,0.11
2006-10-25,1371.43,0.36
2006-10-26,1373.65,0.16
2006-10-27,1369.09,-0.33
2006-10-30,1356.11,-0.95
2006-10-31,1364.55,0.62
2006-11-01,1374.35,0.72
2006-11-02,1383.73,0.68
2006-11-03,1383.88,0.01
2006-11-06,1379.19,-0.34
2006-11-07,1387.44,0.6
2006-11-08,1380.07,-0.53
2006-11-09,1399.44,1.4
2006-11-10,1395.73,-0.27
2006-11-13,1396.69,0.07
2006-11-14,1407.37,0.76
2006-11-15,1412.54,0.37
2006-11-16,1410.75,-0.13
2006-11-17,1412.22,0.1
2006-11-20,1402.21,-0.71
2006-11-21,1405.9,0.26
2006-11-22,1422.54,1.18
2006-11-23,1419.23,-0.23
2006-11-24,1421.73,0.18
2006-11-27,1425.13,0.24
2006-11-28,1411.47,-0.96
2006-11-29,1422.55,0.78
2006-11-30,1432.21,0.68
2006-12-01,1434.36,0.15
2006-12-04,1426.46,-0.55
2006-12-05,1420.59,-0.41
2006-12-06,1413.73,-0.48
2006-12-07,1410.3,-0.24
2006-12-08,1390.43,-1.41
2006-12-11,1390.73,0.02
2006-12-12,1376.98,-0.99
2006-12-13,1383.28,0.46
2006-12-14,1418.38,2.54
2006-12-15,1421.87,0.25
2006-12-18,1433.23,0.8
2006-12-19,1427.76,-0.38
2006-12-20,1442.28,1.02
2006-12-21,1436.47,-0.4
2006-12-22,1437.49,0.07
2006-12-26,1433.92,-0.25
2006-12-27,1425.1,-0.62
2006-12-28,1434.46,0.66
2007-01-02,1435.26,0.06
2007-01-03,1409.35,-1.81
2007-01-04,1397.29,-0.86
2007-01-05,1385.76,-0.83
2007-01-08,1370.81,-1.08
2007-01-09,1374.34,0.26
2007-01-10,1355.79,-1.35
2007-01-11,1365.31,0.7
2007-01-12,1388.37,1.69
2007-01-15,1390.96,0.19
2007-01-16,1389.71,-0.09
2007-01-17,1379.48,-0.74
2007-01-18,1383.21,0.27
2007-01-19,1360.56,-1.64
2007-01-22,1363.41,0.21
2007-01-23,1363.09,-0.02
2007-01-24,1383.06,1.47
2007-01-25,1382.36,-0.05
2007-01-26,1371.33,-0.8
2007-01-29,1363.1,-0.6
2007-01-30,1370.72,0.56
2007-01-31,1360.23,-0.77
2007-02-01,1382.9,1.67
2007-02-02,1413.14,2.19
2007-02-05,1417.95,0.34
2007-02-06,1428.58,0.75
2007-02-07,1426.29,-0.16
2007-02-08,1423.58,-0.19
2007-02-09,1427.68,0.29
2007-02-12,1414.29,-0.94
2007-02-13,1418.44,0.29
2007-02-14,1436.1,1.25
2007-02-15,1443.63,0.52
2007-02-16,1448.81,0.36
2007-02-20,1452.96,0.29
2007-02-21,1451.38,-0.11
2007-02-22,1465.41,0.97
2007-02-23,1469.88,0.31
2007-02-26,1470.03,0.01
2007-02-27,1454.6,-1.05
2007-02-28,1417.34,-2.56
2007-03-02,1414.47,-0.2
2007-03-05,1376.15,-2.71
2007-03-06,1402.93,1.95
2007-03-07,1410.95,0.57
2007-03-08,1423.89,0.92
2007-03-09,1423.58,-0.02
2007-03-12,1441.33,1.25
2007-03-13,1436.05,-0.37
2007-03-14,1407.37,-2
2007-03-15,1426.93,1.39
2007-03-16,1427.88,0.07
2007-03-19,1443.39,1.09
2007-03-20,1444.17,0.05
2007-03-21,1442.85,-0.09
2007-03-22,1448.53,0.39
2007-03-23,1447.38,-0.08
2007-03-26,1449.77,0.17
2007-03-27,1453.23,0.24
2007-03-28,1439.74,-0.93
2007-03-29,1450.95,0.78
2007-03-30,1452.55,0.11
2007-04-02,1459.53,0.48
2007-04-03,1463.75,0.29
2007-04-04,1483.41,1.34
2007-04-05,1482.04,-0.09
2007-04-06,1484.15,0.14
2007-04-09,1501.06,1.14
2007-04-10,1499.16,-0.13
2007-04-11,1513.42,0.95
2007-04-12,1525.61,0.81
2007-04-13,1520.78,-0.32
2007-04-16,1532.04,0.74
2007-04-17,1528.66,-0.22
2007-04-18,1534.58,0.39
2007-04-19,1513.66,-1.36
2007-04-20,1533.08,1.28
2007-04-23,1544.35,0.74
2007-04-24,1556.71,0.8
2007-04-25,1545.55,-0.72
2007-04-26,1553.13,0.49
2007-04-27,1542.52,-0.68
2007-04-30,1542.24,-0.02
2007-05-02,1553.3,0.72
2007-05-03,1559.86,0.42
2007-05-04,1567.74,0.51
2007-05-07,1584.46,1.07
2007-05-08,1582.65,-0.11
2007-05-09,1593.42,0.68
2007-05-10,1599.68,0.39
2007-05-11,1603.56,0.24
2007-05-14,1605.77,0.14
2007-05-15,1589.37,-1.02
2007-05-16,1600.6,0.71
2007-05-17,1615.58,0.94
2007-05-18,1612.25,-0.21
2007-05-21,1628.2,0.99
2007-05-22,1642.88,0.9
2007-05-23,1646.59,0.23
2007-05-25,1644.56,-0.12
2007-05-28,1657.91,0.81
2007-05-29,1661.8,0.23
2007-05-30,1662.72,0.06
2007-05-31,1700.91,2.3
2007-06-01,1716.24,0.9
2007-06-04,1737.59,1.24
2007-06-05,1742.19,0.26
2007-06-07,1753.04,0.62
2007-06-08,1727.28,-1.47
2007-06-11,1716.56,-0.62
2007-06-12,1729.88,0.78
2007-06-13,1721.99,-0.46
2007-06-14,1769.18,2.74
2007-06-15,1772.26,0.17
2007-06-18,1806.88,1.95
2007-06-19,1807.85,0.05
2007-06-20,1783.79,-1.33
2007-06-21,1794.24,0.59
2007-06-22,1770.98,-1.3
2007-06-25,1757.73,-0.75
2007-06-26,1749.55,-0.47
2007-06-27,1733.1,-0.94
2007-06-28,1751.75,1.08
2007-06-29,1743.6,-0.47
2007-07-02,1771.35,1.59
2007-07-03,1805.5,1.93
2007-07-04,1838.41,1.82
2007-07-05,1847.79,0.51
2007-07-06,1861.01,0.72
2007-07-09,1883.59,1.21
2007-07-10,1894.53,0.58
2007-07-11,1889.96,-0.24
2007-07-12,1909.75,1.05
2007-07-13,1962.93,2.78
2007-07-16,1949.51,-0.68
2007-07-18,1930.7,-0.96
2007-07-19,1937.9,0.37
2007-07-20,1983.54,2.36
2007-07-23,1993.05,0.48
2007-07-24,1992.26,-0.04
2007-07-25,2004.22,0.6
2007-07-26,1963.54,-2.03
2007-07-27,1883.22,-4.09
2007-07-30,1906.71,1.25
2007-07-31,1933.27,1.39
2007-08-01,1856.45,-3.97
2007-08-02,1853.07,-0.18
2007-08-03,1876.8,1.28
2007-08-06,1855.05,-1.16
2007-08-07,1859.82,0.26
2007-08-08,1903.41,2.34
2007-08-09,1908.68,0.28
2007-08-10,1828.49,-4.2
2007-08-13,1849.26,1.14
2007-08-14,1817.89,-1.7
2007-08-16,1691.98,-6.93
2007-08-17,1638.07,-3.19
2007-08-20,1731.27,5.69
2007-08-21,1736.18,0.28
2007-08-22,1759.5,1.34
2007-08-23,1799.72,2.29
2007-08-24,1791.33,-0.47
2007-08-27,1803.03,0.65
2007-08-28,1829.31,1.46
2007-08-29,1826.19,-0.17
2007-08-30,1841.7,0.85
2007-08-31,1873.24,1.71
2007-09-03,1881.81,0.46
2007-09-04,1874.74,-0.38
2007-09-05,1865.59,-0.49
2007-09-06,1888.81,1.24
2007-09-07,1884.9,-0.21
2007-09-10,1835.87,-2.6
2007-09-11,1847.36,0.63
2007-09-12,1813.52,-1.83
2007-09-13,1848.02,1.9
2007-09-14,1870.02,1.19
2007-09-17,1871.68,0.09
2007-09-18,1838.61,-1.77
2007-09-19,1902.65,3.48
2007-09-20,1908.97,0.33
2007-09-21,1919.26,0.54
2007-09-27,1945.28,1.36
2007-09-28,1946.48,0.06
2007-10-01,1962.67,0.83
2007-10-02,2014.09,2.62
2007-10-04,2003.6,-0.52
2007-10-05,1996.03,-0.38
2007-10-08,2012.82,0.84
2007-10-09,2014.13,0.07
2007-10-10,2041.12,1.34
2007-10-11,2058.85,0.87
2007-10-12,2026.44,-1.57
2007-10-15,2035.39,0.44
2007-10-16,2005.76,-1.46
2007-10-17,1983.94,-1.09
2007-10-18,2005.09,1.07
2007-10-19,1970.1,-1.75
2007-10-22,1903.81,-3.36
2007-10-23,1947.98,2.32
2007-10-24,1933.36,-0.75
2007-10-25,1976.75,2.24
2007-10-26,2028.06,2.6
2007-10-29,2062.92,1.72
2007-10-30,2052.37,-0.51
2007-10-31,2064.85,0.61
2007-11-01,2063.14,-0.08
2007-11-02,2019.34,-2.12
2007-11-05,2015.76,-0.18
2007-11-06,2054.24,1.91
2007-11-07,2043.19,-0.54
2007-11-08,1979.56,-3.11
2007-11-09,1990.47,0.55
2007-11-12,1923.42,-3.37
2007-11-13,1932.89,0.49
2007-11-14,1972.58,2.05
2007-11-15,1947.74,-1.26
2007-11-16,1926.2,-1.11
2007-11-19,1893.47,-1.7
2007-11-20,1872.24,-1.12
2007-11-21,1806.99,-3.49
2007-11-22,1799.02,-0.44
2007-11-23,1772.88,-1.45
2007-11-26,1855.33,4.65
2007-11-27,1859.79,0.24
2007-11-28,1834.69,-1.35
2007-11-29,1877.56,2.34
2007-11-30,1906,1.51
2007-12-03,1902.43,-0.19
2007-12-04,1917.83,0.81
2007-12-05,1938.2,1.06
2007-12-06,1953.17,0.77
2007-12-07,1934.32,-0.97
2007-12-10,1906.42,-1.44
2007-12-11,1925.07,0.98
2007-12-12,1927.45,0.12
2007-12-13,1915.9,-0.6
2007-12-14,1895.05,-1.09
2007-12-17,1839.82,-2.91
2007-12-18,1861.47,1.18
2007-12-20,1844.37,-0.92
2007-12-21,1878.32,1.84
2007-12-24,1919.47,2.19
2007-12-26,1906.72,-0.66
2007-12-27,1908.62,0.1
2007-12-28,1897.13,-0.6
2008-01-02,1853.45,-2.3
2008-01-03,1852.73,-0.04
2008-01-04,1863.9,0.6
2008-01-07,1831.14,-1.76
2008-01-08,1826.23,-0.27
2008-01-09,1844.47,1
2008-01-10,1824.78,-1.07
2008-01-11,1782.27,-2.33
2008-01-14,1765.88,-0.92
2008-01-15,1746.95,-1.07
2008-01-16,1704.97,-2.4
2008-01-17,1723.55,1.09
2008-01-18,1734.72,0.65
2008-01-21,1683.56,-2.95
2008-01-22,1609.02,-4.43
2008-01-23,1628.42,1.21
2008-01-24,1663,2.12
2008-01-25,1692.41,1.77
2008-01-28,1627.19,-3.85
2008-01-29,1637.91,0.66
2008-01-30,1589.06,-2.98
2008-01-31,1624.68,2.24
2008-02-01,1634.53,0.61
2008-02-04,1690.13,3.4
2008-02-05,1696.57,0.38
2008-02-11,1640.67,-3.29
2008-02-12,1643.29,0.16
2008-02-13,1631.78,-0.7
2008-02-14,1697.45,4.02
2008-02-15,1694.77,-0.16
2008-02-18,1696.24,0.09
2008-02-19,1720.52,1.43
2008-02-20,1687.91,-1.9
2008-02-21,1704.36,0.97
2008-02-22,1686.45,-1.05
2008-02-25,1709.13,1.34
2008-02-26,1709.13,0
2008-02-27,1720.89,0.69
2008-02-28,1736.17,0.89
2008-02-29,1711.62,-1.41
2008-03-03,1671.73,-2.33
2008-03-04,1676.18,0.27
2008-03-05,1677.1,0.05
2008-03-06,1697.44,1.21
2008-03-07,1663.97,-1.97
2008-03-10,1625.17,-2.33
2008-03-11,1641.48,1
2008-03-12,1658.83,1.06
2008-03-13,1615.62,-2.6
2008-03-14,1600.26,-0.95
2008-03-17,1574.44,-1.61
2008-03-18,1588.75,0.91
2008-03-19,1622.23,2.11
2008-03-20,1623.39,0.07
2008-03-21,1645.69,1.37
2008-03-24,1655.3,0.58
2008-03-25,1674.93,1.19
2008-03-26,1679.67,0.28
2008-03-27,1676.24,-0.2
2008-03-28,1701.83,1.53
2008-03-31,1703.99,0.13
2008-04-01,1702.25,-0.1
2008-04-02,1742.19,2.35
2008-04-03,1763.63,1.23
2008-04-04,1766.49,0.16
2008-04-07,1773.56,0.4
2008-04-08,1754.71,-1.06
2008-04-10,1764.64,0.57
2008-04-11,1779.71,0.85
2008-04-14,1746.71,-1.85
2008-04-15,1742.17,-0.26
2008-04-16,1758.56,0.94
2008-04-17,1768.67,0.57
2008-04-18,1771.9,0.18
2008-04-21,1800.48,1.61
2008-04-22,1787.49,-0.72
2008-04-23,1800.79,0.74
2008-04-24,1799.34,-0.08
2008-04-25,1824.68,1.41
2008-04-28,1823.17,-0.08
2008-04-29,1811.51,-0.64
2008-04-30,1825.47,0.77
2008-05-02,1848.27,1.25
2008-05-06,1859.06,0.58
2008-05-07,1854.01,-0.27
2008-05-08,1848,-0.32
2008-05-09,1823.7,-1.31
2008-05-13,1842.8,1.05
2008-05-14,1843.75,0.05
2008-05-15,1885.71,2.28
2008-05-16,1888.88,0.17
2008-05-19,1885.37,-0.19
2008-05-20,1873.15,-0.65
2008-05-21,1847.51,-1.37
2008-05-22,1835.42,-0.65
2008-05-23,1827.94,-0.41
2008-05-26,1800.58,-1.5
2008-05-27,1825.23,1.37
2008-05-28,1805.64,-1.07
2008-05-29,1841.22,1.97
2008-05-30,1852.02,0.59
2008-06-02,1847.53,-0.24
2008-06-03,1819.39,-1.52
2008-06-04,1833.81,0.79
2008-06-05,1832.31,-0.08
2008-06-09,1808.96,-1.27
2008-06-10,1774.38,-1.91
2008-06-11,1781.67,0.41
2008-06-12,1739.36,-2.37
2008-06-13,1747.35,0.46
2008-06-16,1760.82,0.77
2008-06-17,1750.71,-0.57
2008-06-18,1774.13,1.34
2008-06-19,1740.72,-1.88
2008-06-20,1731,-0.56
2008-06-23,1715.59,-0.89
2008-06-24,1710.84,-0.28
2008-06-25,1717.79,0.41
2008-06-26,1717.66,-0.01
2008-06-27,1684.45,-1.93
2008-06-30,1674.92,-0.57
2008-07-01,1666.46,-0.51
2008-07-02,1623.6,-2.57
2008-07-03,1606.54,-1.05
2008-07-04,1577.94,-1.78
2008-07-07,1579.72,0.11
2008-07-08,1533.47,-2.93
2008-07-09,1519.38,-0.92
2008-07-10,1537.43,1.19
2008-07-11,1567.51,1.96
2008-07-14,1558.62,-0.57
2008-07-15,1509.33,-3.16
2008-07-16,1507.4,-0.13
2008-07-17,1525.56,1.2
2008-07-18,1509.99,-1.02
2008-07-21,1562.92,3.51
2008-07-22,1561.23,-0.11
2008-07-23,1591.76,1.96
2008-07-24,1626.14,2.16
2008-07-25,1597.93,-1.73
2008-07-28,1598.29,0.02
2008-07-29,1567.2,-1.95
2008-07-30,1577.7,0.67
2008-07-31,1594.67,1.08
2008-08-01,1573.77,-1.31
2008-08-04,1543.05,-1.95
2008-08-05,1535.54,-0.49
2008-08-06,1578.71,2.81
2008-08-07,1564,-0.93
2008-08-08,1568.72,0.3
2008-08-11,1581.09,0.79
2008-08-12,1577.12,-0.25
2008-08-13,1562.72,-0.91
2008-08-14,1572.19,0.61
2008-08-18,1567.71,-0.28
2008-08-19,1541.41,-1.68
2008-08-20,1540.71,-0.05
2008-08-21,1512.59,-1.83
2008-08-22,1496.91,-1.04
2008-08-25,1502.11,0.35
2008-08-26,1490.25,-0.79
2008-08-27,1493.92,0.25
2008-08-28,1474.15,-1.32
2008-08-29,1474.24,0.01
2008-09-01,1414.43,-4.06
2008-09-02,1407.14,-0.52
2008-09-03,1426.89,1.4
2008-09-04,1426.43,-0.03
2008-09-05,1404.38,-1.55
2008-09-08,1476.65,5.15
2008-09-09,1454.5,-1.5
2008-09-10,1464.98,0.72
2008-09-11,1443.24,-1.48
2008-09-12,1477.92,2.4
2008-09-16,1387.75,-6.1
2008-09-17,1425.26,2.7
2008-09-18,1392.42,-2.3
2008-09-19,1455.78,4.55
2008-09-22,1460.34,0.31
2008-09-23,1481.37,1.44
2008-09-24,1495.98,0.99
2008-09-25,1501.63,0.38
2008-09-26,1476.33,-1.68
2008-09-29,1456.36,-1.35
2008-09-30,1448.06,-0.57
2008-10-01,1439.67,-0.58
2008-10-02,1419.65,-1.39
2008-10-06,1358.75,-4.29
2008-10-07,1366.1,0.54
2008-10-08,1286.69,-5.81
2008-10-09,1294.89,0.64
2008-10-10,1241.47,-4.13
2008-10-13,1288.53,3.79
2008-10-14,1367.69,6.14
2008-10-15,1340.28,-2
2008-10-16,1213.78,-9.44
2008-10-17,1180.67,-2.73
2008-10-20,1207.63,2.28
2008-10-21,1196.1,-0.95
2008-10-22,1134.59,-5.14
2008-10-23,1049.71,-7.48
2008-10-24,938.75,-10.57
2008-10-27,946.45,0.82
2008-10-28,999.16,5.57
2008-10-29,968.97,-3.02
2008-10-30,1084.72,11.95
2008-10-31,1113.06,2.61
2008-11-03,1129.08,1.44
2008-11-04,1153.35,2.15
2008-11-05,1181.5,2.44
2008-11-06,1092.22,-7.56
2008-11-07,1134.49,3.87
2008-11-10,1152.46,1.58
2008-11-11,1128.73,-2.06
2008-11-12,1123.86,-0.43
2008-11-13,1088.44,-3.15
2008-11-14,1088.26,-0.02
2008-11-17,1078.32,-0.91
2008-11-18,1036.16,-3.91
2008-11-19,1016.82,-1.87
2008-11-20,948.69,-6.7
2008-11-21,1003.73,5.8
2008-11-24,970.14,-3.35
2008-11-25,983.32,1.36
2008-11-26,1029.78,4.72
2008-11-27,1063.48,3.27
2008-11-28,1076.07,1.18
2008-12-01,1058.62,-1.62
2008-12-02,1023.2,-3.35
2008-12-03,1022.67,-0.05
2008-12-04,1006.54,-1.58
2008-12-05,1028.13,2.14
2008-12-08,1105.05,7.48
2008-12-09,1105.84,0.07
2008-12-10,1145.87,3.62
2008-12-11,1154.43,0.75
2008-12-12,1103.82,-4.38
2008-12-15,1158.19,4.93
2008-12-16,1161.56,0.29
2008-12-17,1169.75,0.71
2008-12-18,1175.91,0.53
2008-12-19,1180.97,0.43
2008-12-22,1179.61,-0.12
2008-12-23,1144.31,-2.99
2008-12-24,1128.51,-1.38
2008-12-26,1117.86,-0.94
2008-12-29,1117.59,-0.02
2008-12-30,1124.47,0.62
2009-01-02,1157.4,2.93
2009-01-05,1173.57,1.4
2009-01-06,1194.28,1.76
2009-01-07,1228.17,2.84
2009-01-08,1205.7,-1.83
2009-01-09,1180.96,-2.05
2009-01-12,1156.75,-2.05
2009-01-13,1167.71,0.95
2009-01-14,1182.68,1.28
2009-01-15,1111.34,-6.03
2009-01-16,1135.2,2.15
2009-01-19,1150.65,1.36
2009-01-20,1126.81,-2.07
2009-01-21,1103.61,-2.06
2009-01-22,1116.23,1.14
2009-01-23,1093.4,-2.05
2009-01-28,1157.98,5.91
2009-01-29,1166.56,0.74
2009-01-30,1162.11,-0.38
2009-02-02,1146.95,-1.3
2009-02-03,1163.2,1.42
2009-02-04,1195.37,2.77
2009-02-05,1177.88,-1.46
2009-02-06,1210.26,2.75
2009-02-09,1202.69,-0.63
2009-02-10,1198.87,-0.32
2009-02-11,1190.18,-0.72
2009-02-12,1179.84,-0.87
2009-02-13,1192.44,1.07
2009-02-16,1175.47,-1.42
2009-02-17,1127.19,-4.11
2009-02-18,1113.19,-1.24
2009-02-19,1107.1,-0.55
2009-02-20,1065.95,-3.72
2009-02-23,1099.55,3.15
2009-02-24,1063.88,-3.24
2009-02-25,1067.08,0.3
2009-02-26,1054.79,-1.15
2009-02-27,1063.03,0.78
2009-03-02,1018.81,-4.16
2009-03-03,1025.57,0.66
2009-03-04,1059.26,3.29
2009-03-05,1058.18,-0.1
2009-03-06,1055.03,-0.3
2009-03-09,1071.73,1.58
2009-03-10,1092.2,1.91
2009-03-11,1127.51,3.23
2009-03-12,1128.39,0.08
2009-03-13,1126.03,-0.21
2009-03-16,1125.46,-0.05
2009-03-17,1163.88,3.41
2009-03-18,1169.95,0.52
2009-03-19,1161.81,-0.7
2009-03-20,1170.94,0.79
2009-03-23,1199.5,2.44
2009-03-24,1221.7,1.85
2009-03-25,1229.02,0.6
2009-03-26,1243.8,1.2
2009-03-27,1237.51,-0.51
2009-03-30,1197.46,-3.24
2009-03-31,1206.26,0.73
2009-04-01,1233.36,2.25
2009-04-02,1276.97,3.54
2009-04-03,1283.75,0.53
2009-04-06,1297.85,1.1
2009-04-07,1300.1,0.17
2009-04-08,1262.07,-2.93
2009-04-09,1316.35,4.3
2009-04-10,1336.04,1.5
2009-04-13,1338.26,0.17
2009-04-14,1342.63,0.33
2009-04-15,1333.09,-0.71
2009-04-16,1336.72,0.27
2009-04-17,1329,-0.58
2009-04-20,1336.39,0.56
2009-04-21,1336.81,0.03
2009-04-22,1356.02,1.44
2009-04-23,1368.8,0.94
2009-04-24,1354.1,-1.07
2009-04-27,1339.83,-1.05
2009-04-28,1300.24,-2.95
2009-04-29,1338.42,2.94
2009-04-30,1369.36,2.31
2009-05-04,1397.92,2.09
2009-05-06,1393.45,-0.32
2009-05-07,1401.08,0.55
2009-05-08,1412.13,0.79
2009-05-11,1415.16,0.21
2009-05-12,1403.51,-0.82
2009-05-13,1414.52,0.78
2009-05-14,1380.95,-2.37
2009-05-15,1391.73,0.78
2009-05-18,1386.68,-0.36
2009-05-19,1428.21,2.99
2009-05-20,1435.7,0.52
2009-05-21,1421.65,-0.98
2009-05-22,1403.75,-1.26
2009-05-25,1400.9,-0.2
2009-05-26,1372.04,-2.06
2009-05-27,1362.02,-0.73
2009-05-28,1392.17,2.21
2009-05-29,1395.89,0.27
2009-06-01,1415.1,1.38
2009-06-02,1412.85,-0.16
2009-06-03,1414.89,0.14
2009-06-04,1378.14,-2.6
2009-06-05,1394.71,1.2
2009-06-08,1393.3,-0.1
2009-06-09,1371.84,-1.54
2009-06-10,1414.88,3.14
2009-06-11,1419.39,0.32
2009-06-12,1428.59,0.65
2009-06-15,1412.42,-1.13
2009-06-16,1399.15,-0.94
2009-06-17,1391.17,-0.57
2009-06-18,1375.76,-1.11
2009-06-19,1383.34,0.55
2009-06-22,1399.71,1.18
2009-06-23,1360.54,-2.8
2009-06-24,1363.79,0.24
2009-06-25,1392.73,2.12
2009-06-26,1394.53,0.13
2009-06-29,1388.45,-0.44
2009-06-30,1390.07,0.12
2009-07-01,1411.66,1.55
2009-07-02,1411.48,-0.01
2009-07-03,1420.04,0.61
2009-07-06,1428.94,0.63
2009-07-07,1434.2,0.37
2009-07-08,1431.02,-0.22
2009-07-09,1430.89,-0.01
2009-07-10,1428.62,-0.16
2009-07-13,1378.12,-3.53
2009-07-14,1385.56,0.54
2009-07-15,1420.86,2.55
2009-07-16,1432.22,0.8
2009-07-17,1440.1,0.55
2009-07-20,1478.51,2.67
2009-07-21,1488.99,0.71
2009-07-22,1494.04,0.34
2009-07-23,1496.49,0.16
2009-07-24,1502.59,0.41
2009-07-27,1524.05,1.43
2009-07-28,1526.03,0.13
2009-07-29,1524.32,-0.11
2009-07-30,1534.74,0.68
2009-07-31,1557.29,1.47
2009-08-03,1564.98,0.49
2009-08-04,1566.37,0.09
2009-08-05,1559.47,-0.44
2009-08-06,1565.04,0.36
2009-08-07,1576,0.7
2009-08-10,1576.11,0.01
2009-08-11,1579.21,0.2
2009-08-12,1565.35,-0.88
2009-08-13,1564.64,-0.05
2009-08-14,1591.41,1.71
2009-08-17,1547.06,-2.79
2009-08-18,1550.24,0.21
2009-08-19,1545.96,-0.28
2009-08-20,1576.39,1.97
2009-08-21,1580.98,0.29
2009-08-24,1612.22,1.98
2009-08-25,1601.38,-0.67
2009-08-26,1614.12,0.8
2009-08-27,1599.33,-0.92
2009-08-28,1607.94,0.54
2009-08-31,1591.85,-1
2009-09-01,1623.06,1.96
2009-09-02,1613.16,-0.61
2009-09-03,1613.53,0.02
2009-09-04,1608.9,-0.29
2009-09-07,1608.57,-0.02
2009-09-08,1619.69,0.69
2009-09-09,1607.77,-0.74
2009-09-10,1644.68,2.3
2009-09-11,1651.7,0.43
2009-09-14,1634.91,-1.02
2009-09-15,1653.4,1.13
2009-09-16,1683.33,1.81
2009-09-17,1695.47,0.72
2009-09-18,1699.71,0.25
2009-09-21,1695.5,-0.25
2009-09-22,1718.88,1.38
2009-09-23,1711.47,-0.43
2009-09-24,1693.88,-1.03
2009-09-25,1691.48,-0.14
2009-09-28,1675.55,-0.94
2009-09-29,1690.05,0.87
2009-09-30,1673.14,-1
2009-10-01,1644.63,-1.7
2009-10-05,1606.9,-2.29
2009-10-06,1598.44,-0.53
2009-10-07,1598,-0.03
2009-10-08,1615.46,1.09
2009-10-09,1646.79,1.94
2009-10-12,1639.81,-0.42
2009-10-13,1628.93,-0.66
2009-10-14,1649.09,1.24
2009-10-15,1658.99,0.6
2009-10-16,1640.36,-1.12
2009-10-19,1649.07,0.53
2009-10-20,1659.15,0.61
2009-10-21,1653.86,-0.32
2009-10-22,1630.33,-1.42
2009-10-23,1640.17,0.6
2009-10-26,1657.11,1.03
2009-10-27,1649.53,-0.46
2009-10-28,1609.71,-2.41
2009-10-29,1585.85,-1.48
2009-10-30,1580.69,-0.33
2009-11-02,1559.09,-1.37
2009-11-03,1549.92,-0.59
2009-11-04,1579.93,1.94
2009-11-05,1552.24,-1.75
2009-11-06,1572.46,1.3
2009-11-09,1576.79,0.28
2009-11-10,1582.3,0.35
2009-11-11,1594.82,0.79
2009-11-12,1572.73,-1.39
2009-11-13,1571.99,-0.05
2009-11-16,1592.47,1.3
2009-11-17,1585.98,-0.41
2009-11-18,1603.97,1.13
2009-11-19,1620.54,1.03
2009-11-20,1620.6,0
2009-11-23,1619.05,-0.1
2009-11-24,1606.42,-0.78
2009-11-25,1611.88,0.34
2009-11-26,1599.52,-0.77
2009-11-27,1524.5,-4.69
2009-11-30,1555.6,2.04
2009-12-01,1569.72,0.91
2009-12-02,1591.63,1.4
2009-12-03,1615,1.47
2009-12-04,1624.76,0.6
2009-12-07,1632.65,0.49
2009-12-08,1627.78,-0.3
2009-12-09,1634.17,0.39
2009-12-10,1652.73,1.14
2009-12-11,1656.9,0.25
2009-12-14,1664.77,0.47
2009-12-15,1665.85,0.06
2009-12-16,1664.24,-0.1
2009-12-17,1647.84,-0.99
2009-12-18,1647.04,-0.05
2009-12-21,1644.23,-0.17
2009-12-22,1655.54,0.69
2009-12-23,1661.35,0.35
2009-12-24,1682.34,1.26
2009-12-28,1685.59,0.19
2009-12-29,1672.48,-0.78
2009-12-30,1682.77,0.62
2010-01-04,1696.14,0.79
2010-01-05,1690.62,-0.33
2010-01-06,1705.32,0.87
2010-01-07,1683.45,-1.28
2010-01-08,1695.26,0.7
2010-01-11,1694.12,-0.07
2010-01-12,1698.64,0.27
2010-01-13,1671.41,-1.6
2010-01-14,1685.77,0.86
2010-01-15,1701.8,0.95
2010-01-18,1711.78,0.59
2010-01-19,1710.22,-0.09
2010-01-20,1714.38,0.24
2010-01-21,1722.01,0.45
2010-01-22,1684.35,-2.19
2010-01-25,1670.2,-0.84
2010-01-26,1637.34,-1.97
2010-01-27,1625.48,-0.72
2010-01-28,1642.43,1.04
2010-01-29,1602.43,-2.44
2010-02-01,1606.44,0.25
2010-02-02,1595.81,-0.66
2010-02-03,1615.02,1.2
2010-02-04,1616.42,0.09
2010-02-05,1567.12,-3.05
2010-02-08,1552.79,-0.91
2010-02-09,1570.49,1.14
2010-02-10,1570.12,-0.02
2010-02-11,1597.81,1.76
2010-02-12,1593.66,-0.26
2010-02-16,1601.05,0.46
2010-02-17,1627.43,1.65
2010-02-18,1621.19,-0.38
2010-02-19,1593.9,-1.68
2010-02-22,1627.1,2.08
2010-02-23,1628.9,0.11
2010-02-24,1612.83,-0.99
2010-02-25,1587.51,-1.57
2010-02-26,1594.58,0.45
2010-03-02,1615.12,1.29
2010-03-03,1622.44,0.45
2010-03-04,1618.2,-0.26
2010-03-05,1634.57,1.01
2010-03-08,1660.04,1.56
2010-03-09,1660.83,0.05
2010-03-10,1662.24,0.08
2010-03-11,1656.62,-0.34
2010-03-12,1662.74,0.37
2010-03-15,1649.5,-0.8
2010-03-16,1648.01,-0.09
2010-03-17,1682.86,2.11
2010-03-18,1675.17,-0.46
2010-03-19,1686.11,0.65
2010-03-22,1672.67,-0.8
2010-03-23,1681.82,0.55
2010-03-24,1681.01,-0.05
2010-03-25,1688.39,0.44
2010-03-26,1697.72,0.55
2010-03-29,1691.99,-0.34
2010-03-30,1700.19,0.48
2010-03-31,1692.85,-0.43
2010-04-01,1719.17,1.55
2010-04-02,1723.49,0.25
2010-04-05,1724.99,0.09
2010-04-06,1726.09,0.06
2010-04-07,1726.6,0.03
2010-04-08,1733.78,0.42
2010-04-09,1724.47,-0.54
2010-04-12,1710.3,-0.82
2010-04-13,1710.59,0.02
2010-04-14,1735.33,1.45
2010-04-15,1743.91,0.49
2010-04-16,1734.49,-0.54
2010-04-19,1705.3,-1.68
2010-04-20,1718.03,0.75
2010-04-21,1747.58,1.72
2010-04-22,1739.52,-0.46
2010-04-23,1737.03,-0.14
2010-04-26,1752.2,0.87
2010-04-27,1749.55,-0.15
2010-04-28,1733.91,-0.89
2010-04-29,1728.42,-0.32
2010-04-30,1741.56,0.76
2010-05-03,1721.21,-1.17
2010-05-04,1718.75,-0.14
2010-05-06,1684.71,-1.98
2010-05-07,1647.5,-2.21
2010-05-10,1677.63,1.83
2010-05-11,1670.24,-0.44
2010-05-12,1663.03,-0.43
2010-05-13,1694.58,1.9
2010-05-14,1695.63,0.06
2010-05-17,1651.51,-2.6
2010-05-18,1643.24,-0.5
2010-05-19,1630.08,-0.8
2010-05-20,1600.18,-1.83
2010-05-24,1604.93,0.3
2010-05-25,1560.83,-2.75
2010-05-26,1582.12,1.36
2010-05-27,1607.5,1.6
2010-05-28,1622.78,0.95
2010-05-31,1641.25,1.14
2010-06-01,1630.4,-0.66
2010-06-03,1661.84,1.93
2010-06-04,1664.13,0.14
2010-06-07,1637.97,-1.57
2010-06-08,1651.48,0.82
2010-06-09,1647.22,-0.26
2010-06-10,1651.7,0.27
2010-06-11,1675.34,1.43
2010-06-14,1690.6,0.91
2010-06-15,1690.03,-0.03
2010-06-16,1705.33,0.91
2010-06-17,1707.92,0.15
2010-06-18,1711.95,0.24
2010-06-21,1739.68,1.62
2010-06-22,1731.48,-0.47
2010-06-23,1725.82,-0.33
2010-06-24,1739.87,0.81
2010-06-25,1729.84,-0.58
2010-06-28,1732.03,0.13
2010-06-29,1707.76,-1.4
2010-06-30,1698.29,-0.55
2010-07-01,1686.24,-0.71
2010-07-02,1671.82,-0.86
2010-07-05,1675.37,0.21
2010-07-06,1684.94,0.57
2010-07-07,1675.65,-0.55
2010-07-08,1698.64,1.37
2010-07-09,1723.01,1.43
2010-07-12,1734.05,0.64
2010-07-13,1735.08,0.06
2010-07-14,1758.01,1.32
2010-07-15,1751.29,-0.38
2010-07-16,1738.45,-0.73
2010-07-19,1731.95,-0.37
2010-07-20,1736.77,0.28
2010-07-21,1748.78,0.69
2010-07-22,1735.53,-0.76
2010-07-23,1758.06,1.3
2010-07-26,1769.07,0.63
2010-07-27,1768.31,-0.04
2010-07-28,1773.47,0.29
2010-07-29,1770.88,-0.15
2010-07-30,1759.33,-0.65
2010-08-02,1782.27,1.3
2010-08-03,1790.6,0.47
2010-08-04,1789.26,-0.07
2010-08-05,1783.86,-0.3
2010-08-06,1783.83,0
2010-08-09,1790.17,0.36
2010-08-10,1781.13,-0.5
2010-08-11,1758.19,-1.29
2010-08-12,1721.75,-2.07
2010-08-13,1746.24,1.42
2010-08-16,1743.31,-0.17
2010-08-17,1755.03,0.67
2010-08-18,1761.99,0.4
2010-08-19,1779.64,1
2010-08-20,1775.54,-0.23
2010-08-23,1767.71,-0.44
2010-08-24,1760.53,-0.41
2010-08-25,1734.79,-1.46
2010-08-26,1729.76,-0.29
2010-08-27,1729.56,-0.01
2010-08-30,1760.13,1.77
2010-08-31,1742.75,-0.99
2010-09-01,1764.69,1.26
2010-09-02,1775.73,0.63
2010-09-03,1780.02,0.24
2010-09-06,1792.42,0.7
2010-09-07,1787.74,-0.26
2010-09-08,1779.22,-0.48
2010-09-09,1784.36,0.29
2010-09-10,1802.58,1.02
2010-09-13,1818.86,0.9
2010-09-14,1815.25,-0.2
2010-09-15,1823.88,0.48
2010-09-16,1811.85,-0.66
2010-09-17,1827.35,0.86
2010-09-20,1832.63,0.29
2010-09-24,1846.6,0.76
2010-09-27,1860.83,0.77
2010-09-28,1855.97,-0.26
2010-09-29,1866.45,0.56
2010-09-30,1872.81,0.34
2010-10-01,1876.73,0.21
2010-10-04,1879.29,0.14
2010-10-05,1878.94,-0.02
2010-10-06,1903.95,1.33
2010-10-07,1900.85,-0.16
2010-10-08,1897.07,-0.2
2010-10-11,1889.91,-0.38
2010-10-12,1868.04,-1.16
2010-10-13,1876.15,0.43
2010-10-14,1899.76,1.26
2010-10-15,1902.29,0.13
2010-10-18,1875.42,-1.41
2010-10-19,1857.32,-0.97
2010-10-20,1870.44,0.71
2010-10-21,1874.69,0.23
2010-10-22,1897.31,1.21
2010-10-25,1915.71,0.97
2010-10-26,1919.41,0.19
2010-10-27,1909.54,-0.51
2010-10-28,1907.87,-0.09
2010-10-29,1882.95,-1.31
2010-11-01,1914.74,1.69
2010-11-02,1918.04,0.17
2010-11-03,1935.97,0.93
2010-11-04,1942.5,0.34
2010-11-05,1938.96,-0.18
2010-11-08,1942.41,0.18
2010-11-09,1947.46,0.26
2010-11-10,1967.85,1.05
2010-11-11,1914.73,-2.7
2010-11-12,1913.12,-0.08
2010-11-15,1913.81,0.04
2010-11-16,1899.13,-0.77
2010-11-17,1897.11,-0.11
2010-11-18,1927.86,1.62
2010-11-19,1940.96,0.68
2010-11-22,1944.34,0.17
2010-11-23,1928.94,-0.79
2010-11-24,1925.98,-0.15
2010-11-25,1927.68,0.09
2010-11-26,1901.8,-1.34
2010-11-29,1895.54,-0.33
2010-11-30,1904.63,0.48
2010-12-01,1929.32,1.3
2010-12-02,1950.26,1.09
2010-12-03,1957.26,0.36
2010-12-06,1953.64,-0.18
2010-12-07,1962.52,0.45
2010-12-08,1955.72,-0.35
2010-12-09,1988.96,1.7
2010-12-10,1986.14,-0.14
2010-12-13,1996.59,0.53
2010-12-14,2009.05,0.62
2010-12-15,2017.48,0.42
2010-12-16,2009.24,-0.41
2010-12-17,2026.3,0.85
2010-12-20,2020.28,-0.3
2010-12-21,2037.09,0.83
2010-12-22,2038.11,0.05
2010-12-23,2037.53,-0.03
2010-12-24,2029.6,-0.39
2010-12-27,2022.19,-0.37
2010-12-28,2033.32,0.55
2010-12-29,2043.49,0.5
2010-12-30,2051,0.37
2011-01-03,2070.08,0.93
2011-01-04,2085.14,0.73
2011-01-05,2082.55,-0.12
2011-01-06,2077.61,-0.24
2011-01-07,2086.2,0.41
2011-01-10,2080.81,-0.26
2011-01-11,2088.32,0.36
2011-01-12,2094.95,0.32
2011-01-13,2089.48,-0.26
2011-01-14,2108.17,0.89
2011-01-17,2099.85,-0.39
2011-01-18,2096.48,-0.16
2011-01-19,2115.69,0.92
2011-01-20,2106.66,-0.43
2011-01-21,2069.92,-1.74
2011-01-24,2082.16,0.59
2011-01-25,2086.67,0.22
2011-01-26,2110.46,1.14
2011-01-27,2115.01,0.22
2011-01-28,2107.87,-0.34
2011-01-31,2069.73,-1.81
2011-02-01,2072.03,0.11
2011-02-07,2081.74,0.47
2011-02-08,2069.7,-0.58
2011-02-09,2045.58,-1.17
2011-02-10,2008.5,-1.81
2011-02-11,1977.19,-1.56
2011-02-14,2014.59,1.89
2011-02-15,2010.52,-0.2
2011-02-16,1989.11,-1.06
2011-02-17,1977.22,-0.6
2011-02-18,2013.14,1.82
2011-02-21,2005.3,-0.39
2011-02-22,1969.92,-1.76
2011-02-23,1961.63,-0.42
2011-02-24,1949.88,-0.6
2011-02-25,1963.43,0.69
2011-02-28,1939.3,-1.23
2011-03-02,1928.24,-0.57
2011-03-03,1970.66,2.2
2011-03-04,2004.68,1.73
2011-03-07,1980.27,-1.22
2011-03-08,1996.32,0.81
2011-03-09,2001.47,0.26
2011-03-10,1981.58,-0.99
2011-03-11,1955.54,-1.31
2011-03-14,1971.23,0.8
2011-03-15,1923.92,-2.4
2011-03-16,1957.97,1.77
2011-03-17,1959.03,0.05
2011-03-18,1981.13,1.13
2011-03-21,2003.42,1.13
2011-03-22,2013.66,0.51
2011-03-23,2012.18,-0.07
2011-03-24,2036.78,1.22
2011-03-25,2054.04,0.85
2011-03-28,2056.39,0.11
2011-03-29,2072.13,0.77
2011-03-30,2091.38,0.93
2011-03-31,2106.7,0.73
2011-04-01,2121.01,0.68
2011-04-04,2115.87,-0.24
2011-04-05,2130.43,0.69
2011-04-06,2126.71,-0.17
2011-04-07,2122.14,-0.21
2011-04-08,2127.97,0.27
2011-04-11,2122.39,-0.26
2011-04-12,2089.4,-1.55
2011-04-13,2121.92,1.56
2011-04-14,2141.06,0.9
2011-04-15,2140.5,-0.03
2011-04-18,2137.72,-0.13
2011-04-19,2122.68,-0.7
2011-04-20,2169.91,2.23
2011-04-21,2198.54,1.32
2011-04-22,2197.82,-0.03
2011-04-25,2216,0.83
2011-04-26,2206.3,-0.44
2011-04-27,2206.7,0.02
2011-04-28,2208.35,0.07
2011-04-29,2192.36,-0.72
2011-05-02,2228.96,1.67
2011-05-03,2200.73,-1.27
2011-05-04,2180.64,-0.91
2011-05-06,2147.45,-1.52
2011-05-09,2139.17,-0.39
2011-05-11,2166.63,1.28
2011-05-12,2122.65,-2.03
2011-05-13,2120.08,-0.12
2011-05-16,2104.18,-0.75
2011-05-17,2102.41,-0.08
2011-05-18,2135.78,1.59
2011-05-19,2095.51,-1.89
2011-05-20,2111.5,0.76
2011-05-23,2055.71,-2.64
2011-05-24,2061.76,0.29
2011-05-25,2035.87,-1.26
2011-05-26,2091.91,2.75
2011-05-27,2100.24,0.4
2011-05-30,2093.79,-0.31
2011-05-31,2142.47,2.32
2011-06-01,2141.34,-0.05
2011-06-02,2114.2,-1.27
2011-06-03,2113.47,-0.03
2011-06-07,2099.71,-0.65
2011-06-08,2083.35,-0.78
2011-06-09,2071.42,-0.57
2011-06-10,2046.67,-1.19
2011-06-13,2048.74,0.1
2011-06-14,2076.83,1.37
2011-06-15,2086.53,0.47
2011-06-16,2046.63,-1.91
2011-06-17,2031.93,-0.72
2011-06-20,2019.65,-0.6
2011-06-21,2048.17,1.41
2011-06-22,2063.9,0.77
2011-06-23,2055.86,-0.39
2011-06-24,2090.81,1.7
2011-06-27,2070.29,-0.98
2011-06-28,2062.91,-0.36
2011-06-29,2094.42,1.53
2011-06-30,2100.69,0.3
2011-07-01,2125.74,1.19
2011-07-04,2145.3,0.92
2011-07-05,2161.75,0.77
2011-07-06,2171.19,0.44
2011-07-07,2180.59,0.43
2011-07-08,2180.35,-0.01
2011-07-11,2157.16,-1.06
2011-07-12,2109.73,-2.2
2011-07-13,2129.64,0.94
2011-07-14,2130.07,0.02
2011-07-15,2145.2,0.71
2011-07-18,2130.48,-0.69
2011-07-19,2130.21,-0.01
2011-07-20,2154.95,1.16
2011-07-21,2145.04,-0.46
2011-07-22,2171.23,1.22
2011-07-25,2150.48,-0.96
2011-07-26,2168.7,0.85
2011-07-27,2174.31,0.26
2011-07-28,2155.85,-0.85
2011-07-29,2133.21,-1.05
2011-08-01,2172.31,1.83
2011-08-02,2121.27,-2.35
2011-08-03,2066.26,-2.59
2011-08-04,2018.47,-2.31
2011-08-05,1943.75,-3.7
2011-08-08,1869.45,-3.82
2011-08-09,1801.35,-3.64
2011-08-10,1806.24,0.27
2011-08-11,1817.44,0.62
2011-08-12,1793.31,-1.33
2011-08-16,1879.87,4.83
2011-08-17,1892.67,0.68
2011-08-18,1860.58,-1.7
2011-08-19,1744.88,-6.22
2011-08-22,1710.7,-1.96
2011-08-23,1776.68,3.86
2011-08-24,1754.78,-1.23
2011-08-25,1764.58,0.56
2011-08-26,1778.95,0.81
2011-08-29,1829.5,2.84
2011-08-30,1843.82,0.78
2011-08-31,1880.11,1.97
2011-09-01,1880.7,0.03
2011-09-02,1867.75,-0.69
2011-09-05,1785.83,-4.39
2011-09-06,1766.71,-1.07
2011-09-07,1833.46,3.78
2011-09-08,1846.64,0.72
2011-09-09,1812.93,-1.83
2011-09-14,1749.16,-3.52
2011-09-15,1774.08,1.42
2011-09-16,1840.1,3.72
2011-09-19,1820.94,-1.04
2011-09-20,1837.97,0.94
2011-09-21,1854.28,0.89
2011-09-22,1800.55,-2.9
2011-09-23,1697.44,-5.73
2011-09-26,1652.71,-2.64
2011-09-27,1735.71,5.02
2011-09-28,1723.09,-0.73
2011-09-29,1769.29,2.68
2011-09-30,1769.65,0.02
2011-10-04,1706.19,-3.59
2011-10-05,1666.52,-2.33
2011-10-06,1710.32,2.63
2011-10-07,1759.77,2.89
2011-10-10,1766.44,0.38
2011-10-11,1795.02,1.62
2011-10-12,1809.5,0.81
2011-10-13,1823.1,0.75
2011-10-14,1835.4,0.67
2011-10-17,1865.18,1.62
2011-10-18,1838.9,-1.41
2011-10-19,1855.92,0.93
2011-10-20,1805.09,-2.74
2011-10-21,1838.38,1.84
2011-10-24,1898.32,3.26
2011-10-25,1888.65,-0.51
2011-10-26,1894.31,0.3
2011-10-27,1922.04,1.46
2011-10-28,1929.48,0.39
2011-10-31,1909.03,-1.06
2011-11-01,1909.63,0.03
2011-11-02,1898.01,-0.61
2011-11-03,1869.96,-1.48
2011-11-04,1928.41,3.13
2011-11-07,1919.1,-0.48
2011-11-08,1903.14,-0.83
2011-11-09,1907.53,0.23
2011-11-10,1813.25,-4.94
2011-11-11,1863.45,2.77
2011-11-14,1902.81,2.11
2011-11-15,1886.12,-0.88
2011-11-16,1856.07,-1.59
2011-11-17,1876.67,1.11
2011-11-18,1839.17,-2
2011-11-21,1820.03,-1.04
2011-11-22,1826.28,0.34
2011-11-23,1783.1,-2.36
2011-11-24,1795.06,0.67
2011-11-25,1776.4,-1.04
2011-11-28,1815.28,2.19
2011-11-29,1856.52,2.27
2011-11-30,1847.51,-0.49
2011-12-01,1916.18,3.72
2011-12-02,1916.04,-0.01
2011-12-05,1922.9,0.36
2011-12-06,1902.82,-1.04
2011-12-07,1919.42,0.87
2011-12-08,1912.39,-0.37
2011-12-09,1874.75,-1.97
2011-12-12,1899.76,1.33
2011-12-13,1864.06,-1.88
2011-12-14,1857.75,-0.34
2011-12-15,1819.11,-2.08
2011-12-16,1839.96,1.15
2011-12-19,1776.93,-3.43
2011-12-20,1793.06,0.91
2011-12-21,1848.41,3.09
2011-12-22,1847.49,-0.05
2011-12-23,1867.22,1.07
2011-12-26,1856.7,-0.56
2011-12-27,1842.02,-0.79
2011-12-28,1825.12,-0.92
2011-12-29,1825.74,0.03
2012-01-02,1826.37,0.03
2012-01-03,1875.41,2.69
2012-01-04,1866.22,-0.49
2012-01-05,1863.74,-0.13
2012-01-06,1843.14,-1.11
2012-01-09,1826.49,-0.9
2012-01-10,1853.22,1.46
2012-01-11,1845.55,-0.41
2012-01-12,1864.57,1.03
2012-01-13,1875.68,0.6
2012-01-16,1859.27,-0.87
2012-01-17,1892.74,1.8
2012-01-18,1892.39,-0.02
2012-01-19,1914.97,1.19
2012-01-20,1949.89,1.82
2012-01-25,1952.23,0.12
2012-01-26,1957.18,0.25
2012-01-27,1964.83,0.39
2012-01-30,1940.55,-1.24
2012-01-31,1955.79,0.79
2012-02-01,1959.24,0.18
2012-02-02,1984.3,1.28
2012-02-03,1972.34,-0.6
2012-02-06,1973.13,0.04
2012-02-07,1981.59,0.43
2012-02-08,2003.73,1.12
2012-02-09,2014.62,0.54
2012-02-10,1993.71,-1.04
2012-02-13,2005.74,0.6
2012-02-14,2002.64,-0.15
2012-02-15,2025.32,1.13
2012-02-16,1997.45,-1.38
2012-02-17,2023.47,1.3
2012-02-20,2024.9,0.07
2012-02-21,2024.24,-0.03
2012-02-22,2028.65,0.22
2012-02-23,2007.8,-1.03
2012-02-24,2019.89,0.6
2012-02-27,1991.16,-1.42
2012-02-28,2003.69,0.63
2012-02-29,2030.25,1.33
2012-03-02,2034.63,0.22
2012-03-05,2016.06,-0.91
2012-03-06,2000.36,-0.78
2012-03-07,1982.15,-0.91
2012-03-08,2000.76,0.94
2012-03-09,2018.3,0.88
2012-03-12,2002.5,-0.78
2012-03-13,2025.04,1.13
2012-03-14,2045.08,0.99
2012-03-15,2043.76,-0.06
2012-03-16,2034.44,-0.46
2012-03-19,2047,0.62
2012-03-20,2042.15,-0.24
2012-03-21,2027.23,-0.73
2012-03-22,2026.12,-0.05
2012-03-23,2026.83,0.04
2012-03-26,2019.19,-0.38
2012-03-27,2039.76,1.02
2012-03-28,2031.74,-0.39
2012-03-29,2014.41,-0.85
2012-03-30,2014.04,-0.02
2012-04-02,2029.29,0.76
2012-04-03,2049.28,0.99
2012-04-04,2018.61,-1.5
2012-04-05,2028.77,0.5
2012-04-06,2029.03,0.01
2012-04-09,1997.08,-1.57
2012-04-10,1994.41,-0.13
2012-04-12,1986.63,-0.39
2012-04-13,2008.91,1.12
2012-04-16,1992.63,-0.81
2012-04-17,1985.3,-0.37
2012-04-18,2004.53,0.97
2012-04-19,1999.86,-0.23
2012-04-20,1974.65,-1.26
2012-04-23,1972.63,-0.1
2012-04-24,1963.42,-0.47
2012-04-25,1961.98,-0.07
2012-04-26,1964.04,0.1
2012-04-27,1975.35,0.58
2012-04-30,1981.99,0.34
2012-05-02,1999.07,0.86
2012-05-03,1995.11,-0.2
2012-05-04,1989.15,-0.3
2012-05-07,1956.44,-1.64
2012-05-08,1967.01,0.54
2012-05-09,1950.29,-0.85
2012-05-10,1944.93,-0.27
2012-05-11,1917.13,-1.43
2012-05-14,1913.73,-0.18
2012-05-15,1898.96,-0.77
2012-05-16,1840.53,-3.08
2012-05-17,1845.24,0.26
2012-05-18,1782.46,-3.4
2012-05-21,1799.13,0.94
2012-05-22,1828.69,1.64
2012-05-23,1808.62,-1.1
2012-05-24,1814.47,0.32
2012-05-25,1824.17,0.53
2012-05-29,1849.91,1.41
2012-05-30,1844.86,-0.27
2012-05-31,1843.47,-0.08
2012-06-01,1834.51,-0.49
2012-06-04,1783.13,-2.8
2012-06-05,1801.85,1.05
2012-06-07,1847.95,2.56
2012-06-08,1835.64,-0.67
2012-06-11,1867.04,1.71
2012-06-12,1854.74,-0.66
2012-06-13,1859.32,0.25
2012-06-14,1871.48,0.65
2012-06-15,1858.16,-0.71
2012-06-18,1891.71,1.81
2012-06-19,1891.77,0
2012-06-20,1904.12,0.65
2012-06-21,1889.15,-0.79
2012-06-22,1847.39,-2.21
2012-06-25,1825.38,-1.19
2012-06-26,1817.81,-0.41
2012-06-27,1817.65,-0.01
2012-06-28,1819.18,0.08
2012-06-29,1854.01,1.91
2012-07-02,1851.65,-0.13
2012-07-03,1867.82,0.87
2012-07-04,1874.45,0.35
2012-07-05,1875.49,0.06
2012-07-06,1858.2,-0.92
2012-07-09,1836.13,-1.19
2012-07-10,1829.45,-0.36
2012-07-11,1826.39,-0.17
2012-07-12,1785.39,-2.24
2012-07-13,1812.89,1.54
2012-07-16,1817.79,0.27
2012-07-17,1821.96,0.23
2012-07-18,1794.91,-1.48
2012-07-19,1822.96,1.56
2012-07-20,1822.93,0
2012-07-23,1789.44,-1.84
2012-07-24,1793.93,0.25
2012-07-25,1769.31,-1.37
2012-07-26,1782.47,0.74
2012-07-27,1829.16,2.62
2012-07-30,1843.79,0.8
2012-07-31,1881.99,2.07
2012-08-01,1879.93,-0.11
2012-08-02,1869.4,-0.56
2012-08-03,1848.68,-1.11
2012-08-06,1885.88,2.01
2012-08-07,1886.8,0.05
2012-08-08,1903.23,0.87
2012-08-09,1940.59,1.96
2012-08-10,1946.4,0.3
2012-08-13,1932.44,-0.72
2012-08-14,1956.96,1.27
2012-08-16,1957.91,0.05
2012-08-17,1946.54,-0.58
2012-08-20,1946.31,-0.01
2012-08-21,1943.22,-0.16
2012-08-22,1935.19,-0.41
2012-08-23,1942.54,0.38
2012-08-24,1919.81,-1.17
2012-08-27,1917.87,-0.1
2012-08-28,1916.33,-0.08
2012-08-29,1928.54,0.64
2012-08-30,1906.38,-1.15
2012-08-31,1905.12,-0.07
2012-09-03,1912.71,0.4
2012-09-04,1907.13,-0.29
2012-09-05,1874.03,-1.74
2012-09-06,1881.24,0.38
2012-09-07,1929.58,2.57
2012-09-10,1924.7,-0.25
2012-09-11,1920,-0.24
2012-09-12,1950.03,1.56
2012-09-13,1950.69,0.03
2012-09-14,2007.58,2.92
2012-09-17,2002.35,-0.26
2012-09-18,2004.96,0.13
2012-09-19,2007.88,0.15
2012-09-20,1990.33,-0.87
2012-09-21,2002.37,0.6
2012-09-24,2003.44,0.05
2012-09-25,1991.41,-0.6
2012-09-26,1980.44,-0.55
2012-09-27,1988.7,0.42
2012-09-28,1996.21,0.38
2012-10-02,1996.03,-0.01
2012-10-04,1992.68,-0.17
2012-10-05,1995.17,0.12
2012-10-08,1981.89,-0.67
2012-10-09,1979.04,-0.14
2012-10-10,1948.22,-1.56
2012-10-11,1933.09,-0.78
2012-10-12,1933.26,0.01
2012-10-15,1925.59,-0.4
2012-10-16,1941.54,0.83
2012-10-17,1955.15,0.7
2012-10-18,1959.12,0.2
2012-10-19,1943.84,-0.78
2012-10-22,1941.59,-0.12
2012-10-23,1926.81,-0.76
2012-10-24,1913.96,-0.67
2012-10-25,1924.5,0.55
2012-10-26,1891.43,-1.72
2012-10-29,1891.52,0
2012-10-30,1899.58,0.43
2012-10-31,1912.06,0.66
2012-11-01,1898.44,-0.71
2012-11-02,1918.72,1.07
2012-11-05,1908.22,-0.55
2012-11-06,1928.17,1.05
2012-11-07,1937.55,0.49
2012-11-08,1914.41,-1.19
2012-11-09,1904.41,-0.52
2012-11-12,1900.87,-0.19
2012-11-13,1889.7,-0.59
2012-11-14,1894.04,0.23
2012-11-15,1870.72,-1.23
2012-11-16,1860.83,-0.53
2012-11-19,1878.1,0.93
2012-11-20,1890.18,0.64
2012-11-21,1884.04,-0.32
2012-11-22,1899.5,0.82
2012-11-23,1911.33,0.62
2012-11-26,1908.51,-0.15
2012-11-27,1925.2,0.87
2012-11-28,1912.78,-0.65
2012-11-29,1934.85,1.15
2012-11-30,1932.9,-0.1
2012-12-03,1940.02,0.37
2012-12-04,1935.18,-0.25
2012-12-05,1947.04,0.61
2012-12-06,1949.62,0.13
2012-12-07,1957.45,0.4
2012-12-10,1957.42,0
2012-12-11,1964.62,0.37
2012-12-12,1975.44,0.55
2012-12-13,2002.77,1.38
2012-12-14,1995.04,-0.39
2012-12-17,1983.07,-0.6
2012-12-18,1993.09,0.51
2012-12-20,1999.5,0.32
2012-12-21,1980.42,-0.95
2012-12-24,1981.82,0.07
2012-12-26,1982.25,0.02
2012-12-27,1987.35,0.26
2012-12-28,1997.05,0.49
2013-01-02,2031.1,1.71
2013-01-03,2019.41,-0.58
2013-01-04,2011.94,-0.37
2013-01-07,2011.25,-0.03
2013-01-08,1997.94,-0.66
2013-01-09,1991.81,-0.31
2013-01-10,2006.8,0.75
2013-01-11,1996.67,-0.5
2013-01-14,2007.04,0.52
2013-01-15,1983.74,-1.16
2013-01-16,1977.45,-0.32
2013-01-17,1974.27,-0.16
2013-01-18,1987.85,0.69
2013-01-21,1986.86,-0.05
2013-01-22,1996.52,0.49
2013-01-23,1980.41,-0.81
2013-01-24,1964.48,-0.8
2013-01-25,1946.69,-0.91
2013-01-28,1939.71,-0.36
2013-01-29,1955.96,0.84
2013-01-30,1964.43,0.43
2013-01-31,1961.94,-0.13
2013-02-01,1957.79,-0.21
2013-02-04,1953.21,-0.23
2013-02-05,1938.18,-0.77
2013-02-06,1936.19,-0.1
2013-02-07,1931.77,-0.23
2013-02-08,1950.9,0.99
2013-02-12,1945.79,-0.26
2013-02-13,1976.07,1.56
2013-02-14,1979.61,0.18
2013-02-15,1981.18,0.08
2013-02-18,1981.91,0.04
2013-02-19,1985.83,0.2
2013-02-20,2024.64,1.95
2013-02-21,2015.22,-0.47
2013-02-22,2018.89,0.18
2013-02-25,2009.52,-0.46
2013-02-26,2000.01,-0.47
2013-02-27,2004.04,0.2
2013-02-28,2026.49,1.12
2013-03-04,2013.15,-0.66
2013-03-05,2016.61,0.17
2013-03-06,2020.74,0.2
2013-03-07,2004.4,-0.81
2013-03-08,2006.01,0.08
2013-03-11,2003.35,-0.13
2013-03-12,1993.34,-0.5
2013-03-13,1999.73,0.32
2013-03-14,2002.13,0.12
2013-03-15,1986.5,-0.78
2013-03-18,1968.18,-0.92
2013-03-19,1978.56,0.53
2013-03-20,1959.41,-0.97
2013-03-21,1950.82,-0.44
2013-03-22,1948.71,-0.11
2013-03-25,1977.67,1.49
2013-03-26,1983.7,0.3
2013-03-27,1993.44,0.49
2013-03-28,1993.52,0
2013-03-29,2004.89,0.57
2013-04-01,1995.99,-0.44
2013-04-02,1986.15,-0.49
2013-04-03,1983.22,-0.15
2013-04-04,1959.45,-1.2
2013-04-05,1927.23,-1.64
2013-04-08,1918.69,-0.44
2013-04-09,1920.74,0.11
2013-04-10,1935.58,0.77
2013-04-11,1949.8,0.73
2013-04-12,1924.23,-1.31
2013-04-15,1920.45,-0.2
2013-04-16,1922.21,0.09
2013-04-17,1923.84,0.08
2013-04-18,1900.06,-1.24
2013-04-19,1906.75,0.35
2013-04-22,1926.31,1.03
2013-04-23,1918.63,-0.4
2013-04-24,1935.31,0.87
2013-04-25,1951.6,0.84
2013-04-26,1944.56,-0.36
2013-04-29,1940.7,-0.2
2013-04-30,1963.95,1.2
2013-05-02,1957.21,-0.34
2013-05-03,1965.71,0.43
2013-05-06,1961.48,-0.22
2013-05-07,1954.35,-0.36
2013-05-08,1956.45,0.11
2013-05-09,1979.45,1.18
2013-05-10,1944.75,-1.75
2013-05-13,1948.7,0.2
2013-05-14,1968.83,1.03
2013-05-15,1971.26,0.12
2013-05-16,1986.81,0.79
2013-05-20,1982.43,-0.22
2013-05-21,1981.09,-0.07
2013-05-22,1993.83,0.64
2013-05-23,1969.19,-1.24
2013-05-24,1973.45,0.22
2013-05-27,1979.97,0.33
2013-05-28,1986.22,0.32
2013-05-29,2001.2,0.75
2013-05-30,2000.1,-0.05
2013-05-31,2001.05,0.05
2013-06-03,1989.57,-0.57
2013-06-04,1989.51,0
2013-06-05,1959.19,-1.52
2013-06-07,1923.85,-1.8
2013-06-10,1932.7,0.46
2013-06-11,1920.68,-0.62
2013-06-12,1909.91,-0.56
2013-06-13,1882.73,-1.42
2013-06-14,1889.24,0.35
2013-06-17,1883.1,-0.32
2013-06-18,1900.62,0.93
2013-06-19,1888.31,-0.65
2013-06-20,1850.49,-2
2013-06-21,1822.83,-1.49
2013-06-24,1799.01,-1.31
2013-06-25,1780.63,-1.02
2013-06-26,1783.45,0.16
2013-06-27,1834.7,2.87
2013-06-28,1863.32,1.56
2013-07-01,1855.73,-0.41
2013-07-02,1855.02,-0.04
2013-07-03,1824.66,-1.64
2013-07-04,1839.14,0.79
2013-07-05,1833.31,-0.32
2013-07-08,1816.85,-0.9
2013-07-09,1830.35,0.74
2013-07-10,1824.16,-0.34
2013-07-11,1877.6,2.93
2013-07-12,1869.98,-0.41
2013-07-15,1875.16,0.28
2013-07-16,1866.36,-0.47
2013-07-17,1887.49,1.13
2013-07-18,1875.48,-0.64
2013-07-19,1871.41,-0.22
2013-07-22,1880.35,0.48
2013-07-23,1904.15,1.27
2013-07-24,1912.08,0.42
2013-07-25,1909.61,-0.13
2013-07-26,1910.81,0.06
2013-07-29,1899.89,-0.57
2013-07-30,1917.05,0.9
2013-07-31,1914.03,-0.16
2013-08-01,1920.74,0.35
2013-08-02,1923.38,0.14
2013-08-05,1916.22,-0.37
2013-08-06,1906.62,-0.5
2013-08-07,1878.33,-1.48
2013-08-08,1883.97,0.3
2013-08-09,1880.71,-0.17
2013-08-12,1884.83,0.22
2013-08-13,1913.03,1.5
2013-08-14,1923.91,0.57
2013-08-16,1920.11,-0.2
2013-08-19,1917.64,-0.13
2013-08-20,1887.85,-1.55
2013-08-21,1867.46,-1.08
2013-08-22,1849.12,-0.98
2013-08-23,1870.16,1.14
2013-08-26,1887.86,0.95
2013-08-27,1885.84,-0.11
2013-08-28,1884.52,-0.07
2013-08-29,1907.54,1.22
2013-08-30,1926.36,0.99
2013-09-02,1924.81,-0.08
2013-09-03,1933.74,0.46
2013-09-04,1933.03,-0.04
2013-09-05,1951.65,0.96
2013-09-06,1955.31,0.19
2013-09-09,1974.67,0.99
2013-09-10,1994.06,0.98
2013-09-11,2003.85,0.49
2013-09-12,2004.06,0.01
2013-09-13,1994.32,-0.49
2013-09-16,2013.37,0.96
2013-09-17,2005.58,-0.39
2013-09-23,2009.41,0.19
2013-09-24,2007.1,-0.11
2013-09-25,1998.06,-0.45
2013-09-26,2007.32,0.46
2013-09-27,2011.8,0.22
2013-09-30,1996.96,-0.74
2013-10-01,1998.87,0.1
2013-10-02,1999.47,0.03
2013-10-04,1996.98,-0.12
2013-10-07,1994.42,-0.13
2013-10-08,2002.76,0.42
2013-10-10,2001.4,-0.07
2013-10-11,2024.9,1.17
2013-10-14,2020.27,-0.23
2013-10-15,2040.96,1.02
2013-10-16,2034.61,-0.31
2013-10-17,2040.61,0.29
2013-10-18,2052.4,0.58
2013-10-21,2053.01,0.03
2013-10-22,2056.12,0.15
2013-10-23,2035.75,-0.99
2013-10-24,2046.69,0.54
2013-10-25,2034.39,-0.6
2013-10-28,2048.14,0.68
2013-10-29,2051.76,0.18
2013-10-30,2059.58,0.38
2013-10-31,2030.09,-1.43
2013-11-01,2039.42,0.46
2013-11-04,2025.17,-0.7
2013-11-05,2013.93,-0.56
2013-11-06,2013.67,-0.01
2013-11-07,2004.04,-0.48
2013-11-08,1984.87,-0.96
2013-11-11,1977.3,-0.38
2013-11-12,1995.48,0.92
2013-11-13,1963.56,-1.6
2013-11-14,1967.56,0.2
2013-11-15,2005.64,1.94
2013-11-18,2010.81,0.26
2013-11-19,2031.64,1.04
2013-11-20,2017.24,-0.71
2013-11-21,1993.78,-1.16
2013-11-22,2006.23,0.62
2013-11-25,2015.98,0.49
2013-11-26,2022.64,0.33
2013-11-27,2028.81,0.31
2013-11-28,2045.77,0.84
2013-11-29,2044.87,-0.04
2013-12-02,2030.78,-0.69
2013-12-03,2009.36,-1.05
2013-12-04,1986.8,-1.12
2013-12-05,1984.77,-0.1
2013-12-06,1980.41,-0.22
2013-12-09,2000.38,1.01
2013-12-10,1993.45,-0.35
2013-12-11,1977.97,-0.78
2013-12-12,1967.93,-0.51
2013-12-13,1962.91,-0.26
2013-12-16,1961.15,-0.09
2013-12-17,1965.74,0.23
2013-12-18,1974.63,0.45
2013-12-19,1975.65,0.05
2013-12-20,1983.35,0.39
2013-12-23,1996.89,0.68
2013-12-24,2001.59,0.24
2013-12-26,1999.3,-0.11
2013-12-27,2002.28,0.15
2013-12-30,2011.34,0.45
2014-01-02,1967.19,-2.2
2014-01-03,1946.14,-1.07
2014-01-06,1953.28,0.37
2014-01-07,1959.44,0.32
2014-01-08,1958.96,-0.02
2014-01-09,1946.11,-0.66
2014-01-10,1938.54,-0.39
2014-01-13,1948.92,0.54
2014-01-14,1946.07,-0.15
2014-01-15,1953.28,0.37
2014-01-16,1957.32,0.21
2014-01-17,1944.48,-0.66
2014-01-20,1953.78,0.48
2014-01-21,1963.89,0.52
2014-01-22,1970.42,0.33
2014-01-23,1947.59,-1.16
2014-01-24,1940.56,-0.36
2014-01-27,1910.34,-1.56
2014-01-28,1916.93,0.34
2014-01-29,1941.15,1.26
2014-02-03,1919.96,-1.09
2014-02-04,1886.85,-1.72
2014-02-05,1891.32,0.24
2014-02-06,1907.89,0.88
2014-02-07,1922.5,0.77
2014-02-10,1923.3,0.04
2014-02-11,1932.06,0.46
2014-02-12,1935.84,0.2
2014-02-13,1926.96,-0.46
2014-02-14,1940.28,0.69
2014-02-17,1946.36,0.31
2014-02-18,1946.91,0.03
2014-02-19,1942.93,-0.2
2014-02-20,1930.57,-0.64
2014-02-21,1957.83,1.41
2014-02-24,1949.05,-0.45
2014-02-25,1964.86,0.81
2014-02-26,1970.77,0.3
2014-02-27,1978.43,0.39
2014-02-28,1979.99,0.08
2014-03-03,1964.69,-0.77
2014-03-04,1954.11,-0.54
2014-03-05,1971.24,0.88
2014-03-06,1975.62,0.22
2014-03-07,1974.68,-0.05
2014-03-10,1954.42,-1.03
2014-03-11,1963.87,0.48
2014-03-12,1932.54,-1.6
2014-03-13,1934.38,0.1
2014-03-14,1919.9,-0.75
2014-03-17,1927.53,0.4
2014-03-18,1940.21,0.66
2014-03-19,1937.68,-0.13
2014-03-20,1919.52,-0.94
2014-03-21,1934.94,0.8
2014-03-24,1945.55,0.55
2014-03-25,1941.25,-0.22
2014-03-26,1964.31,1.19
2014-03-27,1977.97,0.7
2014-03-28,1981,0.15
2014-03-31,1985.61,0.23
2014-04-01,1991.98,0.32
2014-04-02,1997.25,0.26
2014-04-03,1993.7,-0.18
2014-04-04,1988.09,-0.28
2014-04-07,1989.7,0.08
2014-04-08,1993.03,0.17
2014-04-09,1998.95,0.3
2014-04-10,2008.61,0.48
2014-04-11,1997.44,-0.56
2014-04-14,1997.02,-0.02
2014-04-15,1992.27,-0.24
2014-04-16,1992.21,0
2014-04-17,1992.05,-0.01
2014-04-18,2004.28,0.61
2014-04-21,1999.22,-0.25
2014-04-22,2004.22,0.25
2014-04-23,2000.37,-0.19
2014-04-24,1998.34,-0.1
2014-04-25,1971.66,-1.34
2014-04-28,1969.26,-0.12
2014-04-29,1964.77,-0.23
2014-04-30,1961.79,-0.15
2014-05-02,1959.44,-0.12
2014-05-07,1939.88,-1
2014-05-08,1950.6,0.55
2014-05-09,1956.55,0.31
2014-05-12,1964.94,0.43
2014-05-13,1982.93,0.92
2014-05-14,2010.83,1.41
2014-05-15,2010.2,-0.03
2014-05-16,2013.44,0.16
2014-05-19,2015.14,0.08
2014-05-20,2011.26,-0.19
2014-05-21,2008.33,-0.15
2014-05-22,2015.59,0.36
2014-05-23,2017.17,0.08
2014-05-26,2010.35,-0.34
2014-05-27,1997.63,-0.63
2014-05-28,2017.06,0.97
2014-05-29,2012.26,-0.24
2014-05-30,1994.96,-0.86
2014-06-02,2002,0.35
2014-06-03,2008.56,0.33
2014-06-05,1995.48,-0.65
2014-06-09,1990.04,-0.27
2014-06-10,2011.8,1.09
2014-06-11,2014.67,0.14
2014-06-12,2011.65,-0.15
2014-06-13,1990.85,-1.03
2014-06-16,1993.59,0.14
2014-06-17,2001.55,0.4
2014-06-18,1989.49,-0.6
2014-06-19,1992.03,0.13
2014-06-20,1968.07,-1.2
2014-06-23,1974.92,0.35
2014-06-24,1994.35,0.98
2014-06-25,1981.77,-0.63
2014-06-26,1995.05,0.67
2014-06-27,1988.51,-0.33
2014-06-30,2002.21,0.69
2014-07-01,1999,-0.16
2014-07-02,2015.28,0.81
2014-07-03,2010.97,-0.21
2014-07-04,2009.66,-0.07
2014-07-07,2005.12,-0.23
2014-07-08,2006.66,0.08
2014-07-09,2000.5,-0.31
2014-07-10,2002.84,0.12
2014-07-11,1988.74,-0.7
2014-07-14,1993.88,0.26
2014-07-15,2012.72,0.94
2014-07-16,2013.48,0.04
2014-07-17,2020.9,0.37
2014-07-18,2019.42,-0.07
2014-07-21,2018.5,-0.05
2014-07-22,2028.93,0.52
2014-07-23,2028.32,-0.03
2014-07-24,2026.62,-0.08
2014-07-25,2033.85,0.36
2014-07-28,2048.81,0.74
2014-07-29,2061.97,0.64
2014-07-30,2082.61,1
2014-07-31,2076.12,-0.31
2014-08-01,2073.1,-0.15
2014-08-04,2080.42,0.35
2014-08-05,2066.26,-0.68
2014-08-06,2060.73,-0.27
2014-08-07,2054.51,-0.3
2014-08-08,2031.1,-1.14
2014-08-11,2039.37,0.41
2014-08-12,2041.47,0.1
2014-08-13,2062.36,1.02
2014-08-14,2063.22,0.04
2014-08-18,2053.13,-0.49
2014-08-19,2071.14,0.88
2014-08-20,2072.78,0.08
2014-08-21,2044.21,-1.38
2014-08-22,2056.7,0.61
2014-08-25,2060.89,0.2
2014-08-26,2068.05,0.35
2014-08-27,2074.93,0.33
2014-08-28,2075.76,0.04
2014-08-29,2068.54,-0.35
2014-09-01,2067.86,-0.03
2014-09-02,2051.58,-0.79
2014-09-03,2051.2,-0.02
2014-09-04,2056.26,0.25
2014-09-05,2049.41,-0.33
2014-09-11,2034.16,-0.74
2014-09-12,2041.86,0.38
2014-09-15,2035.82,-0.3
2014-09-16,2042.92,0.35
2014-09-17,2062.61,0.96
2014-09-18,2047.74,-0.72
2014-09-19,2053.82,0.3
2014-09-22,2039.27,-0.71
2014-09-23,2028.91,-0.51
2014-09-24,2035.64,0.33
2014-09-25,2034.11,-0.08
2014-09-26,2031.64,-0.12
2014-09-29,2026.6,-0.25
2014-09-30,2020.09,-0.32
2014-10-01,1991.54,-1.41
2014-10-02,1976.16,-0.77
2014-10-06,1968.39,-0.39
2014-10-07,1972.91,0.23
2014-10-08,1965.25,-0.39
2014-10-10,1940.92,-1.24
2014-10-13,1927.21,-0.71
2014-10-14,1929.25,0.11
2014-10-15,1925.91,-0.17
2014-10-16,1918.83,-0.37
2014-10-17,1900.66,-0.95
2014-10-20,1930.06,1.55
2014-10-21,1915.28,-0.77
2014-10-22,1936.97,1.13
2014-10-23,1931.65,-0.27
2014-10-24,1925.69,-0.31
2014-10-27,1931.97,0.33
2014-10-28,1925.68,-0.33
2014-10-29,1961.17,1.84
2014-10-30,1958.93,-0.11
2014-10-31,1964.43,0.28
2014-11-03,1952.97,-0.58
2014-11-04,1935.19,-0.91
2014-11-05,1931.43,-0.19
2014-11-06,1936.48,0.26
2014-11-07,1939.87,0.18
2014-11-10,1958.23,0.95
2014-11-11,1963,0.24
2014-11-12,1967.27,0.22
2014-11-13,1960.51,-0.34
2014-11-14,1945.14,-0.78
2014-11-17,1943.63,-0.08
2014-11-18,1967.01,1.2
2014-11-19,1966.87,-0.01
2014-11-20,1958.04,-0.45
2014-11-21,1964.84,0.35
2014-11-24,1978.54,0.7
2014-11-25,1980.21,0.08
2014-11-26,1980.84,0.03
2014-11-27,1982.09,0.06
2014-11-28,1980.78,-0.07
2014-12-01,1965.22,-0.79
2014-12-02,1965.83,0.03
2014-12-03,1969.91,0.21
2014-12-04,1986.61,0.85
2014-12-05,1986.62,0
2014-12-08,1978.95,-0.39
2014-12-09,1970.95,-0.4
2014-12-10,1945.56,-1.29
2014-12-11,1916.59,-1.49
2014-12-12,1921.71,0.27
2014-12-15,1920.36,-0.07
2014-12-16,1904.13,-0.85
2014-12-17,1900.16,-0.21
2014-12-18,1897.5,-0.14
2014-12-19,1929.98,1.71
2014-12-22,1943.12,0.68
2014-12-23,1939.02,-0.21
2014-12-24,1946.61,0.39
2014-12-26,1948.16,0.08
2014-12-29,1927.86,-1.04
2014-12-30,1915.59,-0.64
2015-01-02,1926.44,0.57
2015-01-05,1915.75,-0.55
2015-01-06,1882.45,-1.74
2015-01-07,1883.83,0.07
2015-01-08,1904.65,1.11
2015-01-09,1924.7,1.05
2015-01-12,1920.95,-0.19
2015-01-13,1917.14,-0.2
2015-01-14,1913.66,-0.18
2015-01-15,1914.14,0.03
2015-01-16,1888.13,-1.36
2015-01-19,1902.62,0.77
2015-01-20,1918.31,0.82
2015-01-21,1921.23,0.15
2015-01-22,1920.82,-0.02
2015-01-23,1936.09,0.79
2015-01-26,1935.68,-0.02
2015-01-27,1952.4,0.86
2015-01-28,1961.58,0.47
2015-01-29,1951.02,-0.54
2015-01-30,1949.26,-0.09
2015-02-02,1952.68,0.18
2015-02-03,1951.96,-0.04
2015-02-04,1962.79,0.55
2015-02-05,1952.84,-0.51
2015-02-06,1955.52,0.14
2015-02-09,1947,-0.44
2015-02-10,1935.86,-0.57
2015-02-11,1945.7,0.51
2015-02-12,1941.63,-0.21
2015-02-13,1957.5,0.82
2015-02-16,1958.23,0.04
2015-02-17,1961.45,0.16
2015-02-23,1968.39,0.35
2015-02-24,1976.12,0.39
2015-02-25,1990.47,0.73
2015-02-26,1993.08,0.13
2015-02-27,1985.8,-0.37
2015-03-02,1996.81,0.55
2015-03-03,2001.38,0.23
2015-03-04,1998.29,-0.15
2015-03-05,1998.38,0
2015-03-06,2012.94,0.73
2015-03-09,1992.82,-1
2015-03-10,1984.77,-0.4
2015-03-11,1980.83,-0.2
2015-03-12,1970.59,-0.52
2015-03-13,1985.79,0.77
2015-03-16,1987.33,0.08
2015-03-17,2029.91,2.14
2015-03-18,2028.45,-0.07
2015-03-19,2037.89,0.47
2015-03-20,2037.24,-0.03
2015-03-23,2036.59,-0.03
2015-03-24,2041.37,0.23
2015-03-25,2042.81,0.07
2015-03-26,2022.56,-0.99
2015-03-27,2019.8,-0.14
2015-03-30,2030.04,0.51
2015-03-31,2041.03,0.54
2015-04-01,2028.45,-0.62
2015-04-02,2029.07,0.03
2015-04-03,2045.42,0.81
2015-04-06,2046.43,0.05
2015-04-07,2047.03,0.03
2015-04-08,2059.26,0.6
2015-04-09,2058.87,-0.02
2015-04-10,2087.76,1.4
2015-04-13,2098.92,0.53
2015-04-14,2111.72,0.61
2015-04-15,2119.96,0.39
2015-04-16,2139.9,0.94
2015-04-17,2143.5,0.17
2015-04-20,2146.71,0.15
2015-04-21,2144.79,-0.09
2015-04-22,2143.89,-0.04
2015-04-23,2173.41,1.38
2015-04-24,2159.8,-0.63
2015-04-27,2157.54,-0.1
2015-04-28,2147.67,-0.46
2015-04-29,2142.63,-0.23
2015-04-30,2127.17,-0.72
2015-05-04,2132.23,0.24
2015-05-06,2104.58,-1.3
2015-05-07,2091,-0.65
2015-05-08,2085.52,-0.26
2015-05-11,2097.38,0.57
2015-05-12,2096.77,-0.03
2015-05-13,2114.16,0.83
2015-05-14,2120.33,0.29
2015-05-15,2106.5,-0.65
2015-05-18,2113.72,0.34
2015-05-19,2120.85,0.34
2015-05-20,2139.54,0.88
2015-05-21,2122.81,-0.78
2015-05-22,2146.1,1.1
2015-05-26,2143.5,-0.12
2015-05-27,2107.5,-1.68
2015-05-28,2110.89,0.16
2015-05-29,2114.8,0.19
2015-06-01,2102.37,-0.59
2015-06-02,2078.64,-1.13
2015-06-03,2063.16,-0.74
2015-06-04,2072.86,0.47
2015-06-05,2068.1,-0.23
2015-06-08,2065.19,-0.14
2015-06-09,2064.03,-0.06
2015-06-10,2051.32,-0.62
2015-06-11,2056.61,0.26
2015-06-12,2052.17,-0.22
2015-06-15,2042.32,-0.48
2015-06-16,2028.72,-0.67
2015-06-17,2034.86,0.3
2015-06-18,2041.88,0.34
2015-06-19,2046.96,0.25
2015-06-22,2055.16,0.4
2015-06-23,2081.2,1.27
2015-06-24,2085.53,0.21
2015-06-25,2085.06,-0.02
2015-06-26,2090.26,0.25
2015-06-29,2060.49,-1.42
2015-06-30,2074.2,0.67
2015-07-01,2097.89,1.14
2015-07-02,2107.33,0.45
2015-07-03,2104.41,-0.14
2015-07-06,2053.93,-2.4
2015-07-07,2040.29,-0.66
2015-07-08,2016.21,-1.18
2015-07-09,2027.81,0.58
2015-07-10,2031.17,0.17
2015-07-13,2061.52,1.49
2015-07-14,2059.23,-0.11
2015-07-15,2072.91,0.66
2015-07-16,2087.89,0.72
2015-07-17,2076.79,-0.53
2015-07-20,2073.31,-0.17
2015-07-21,2083.62,0.5
2015-07-22,2064.73,-0.91
2015-07-23,2065.07,0.02
2015-07-24,2045.96,-0.93
2015-07-27,2038.81,-0.35
2015-07-28,2039.1,0.01
2015-07-29,2037.62,-0.07
2015-07-30,2019.03,-0.91
2015-07-31,2030.16,0.55
2015-08-03,2008.49,-1.07
2015-08-04,2027.99,0.97
2015-08-05,2029.76,0.09
2015-08-06,2013.29,-0.81
2015-08-07,2010.23,-0.15
2015-08-10,2003.17,-0.35
2015-08-11,1986.65,-0.82
2015-08-12,1975.47,-0.56
2015-08-13,1983.46,0.4
2015-08-17,1968.52,-0.75
2015-08-18,1956.26,-0.62
2015-08-19,1939.38,-0.86
2015-08-20,1914.55,-1.28
2015-08-21,1876.07,-2.01
2015-08-24,1829.81,-2.47
2015-08-25,1846.63,0.92
2015-08-26,1894.09,2.57
2015-08-27,1908,0.73
2015-08-28,1937.67,1.56
2015-08-31,1941.49,0.2
2015-09-01,1914.23,-1.4
2015-09-02,1915.22,0.05
2015-09-03,1915.53,0.02
2015-09-04,1886.04,-1.54
2015-09-07,1883.22,-0.15
2015-09-08,1878.68,-0.24
2015-09-09,1934.2,2.96
2015-09-10,1962.11,1.44
2015-09-11,1941.37,-1.06
2015-09-14,1931.46,-0.51
2015-09-15,1937.56,0.32
2015-09-16,1975.45,1.96
2015-09-17,1976.49,0.05
2015-09-18,1995.95,0.98
2015-09-21,1964.68,-1.57
2015-09-22,1982.06,0.88
2015-09-23,1944.64,-1.89
2015-09-24,1947.1,0.13
2015-09-25,1942.85,-0.22
2015-09-30,1962.81,1.03
2015-10-01,1979.32,0.84
2015-10-02,1969.68,-0.49
2015-10-05,1978.25,0.44
2015-10-06,1990.65,0.63
2015-10-07,2005.84,0.76
2015-10-08,2019.53,0.68
2015-10-12,2021.63,0.1
2015-10-13,2019.05,-0.13
2015-10-14,2009.55,-0.47
2015-10-15,2033.27,1.18
2015-10-16,2030.26,-0.15
2015-10-19,2030.27,0
2015-10-20,2039.36,0.45
2015-10-21,2042.98,0.18
2015-10-22,2023,-0.98
2015-10-23,2040.4,0.86
2015-10-26,2048.08,0.38
2015-10-27,2044.65,-0.17
2015-10-28,2042.51,-0.1
2015-10-29,2034.16,-0.41
2015-10-30,2029.47,-0.23
2015-11-02,2035.24,0.28
2015-11-03,2048.4,0.65
2015-11-04,2052.77,0.21
2015-11-05,2049.41,-0.16
2015-11-06,2041.07,-0.41
2015-11-09,2025.7,-0.75
2015-11-10,1996.59,-1.44
2015-11-11,1997.27,0.03
2015-11-12,1993.36,-0.2
2015-11-13,1973.29,-1.01
2015-11-16,1943.02,-1.53
2015-11-17,1963.58,1.06
2015-11-18,1962.88,-0.04
2015-11-19,1988.91,1.33
2015-11-20,1989.86,0.05
2015-11-23,2003.7,0.7
2015-11-24,2016.29,0.63
2015-11-25,2009.42,-0.34
2015-11-26,2030.68,1.06
2015-11-27,2028.99,-0.08
2015-11-30,1991.97,-1.82
2015-12-01,2023.93,1.6
2015-12-02,2009.29,-0.72
2015-12-03,1994.07,-0.76
2015-12-04,1974.4,-0.99
2015-12-07,1963.67,-0.54
2015-12-08,1949.04,-0.75
2015-12-09,1948.24,-0.04
2015-12-10,1952.07,0.2
2015-12-11,1948.62,-0.18
2015-12-14,1927.82,-1.07
2015-12-15,1932.97,0.27
2015-12-16,1969.4,1.88
2015-12-17,1977.96,0.43
2015-12-18,1975.32,-0.13
2015-12-21,1981.19,0.3
2015-12-22,1992.56,0.57
2015-12-23,1999.22,0.33
2015-12-24,1990.65,-0.43
2015-12-28,1964.06,-1.34
2015-12-29,1966.31,0.11
2015-12-30,1961.31,-0.25
2016-01-04,1918.76,-2.17
2016-01-05,1930.53,0.61
2016-01-06,1925.43,-0.26
2016-01-07,1904.33,-1.1
2016-01-08,1917.62,0.7
2016-01-11,1894.84,-1.19
2016-01-12,1890.86,-0.21
2016-01-13,1916.28,1.34
2016-01-14,1900.01,-0.85
2016-01-15,1878.87,-1.11
2016-01-18,1878.45,-0.02
2016-01-19,1889.64,0.6
2016-01-20,1845.45,-2.34
2016-01-21,1840.53,-0.27
2016-01-22,1879.43,2.11
2016-01-25,1893.43,0.74
2016-01-26,1871.69,-1.15
2016-01-27,1897.87,1.4
2016-01-28,1906.94,0.48
2016-01-29,1912.06,0.27
2016-02-01,1924.82,0.67
2016-02-02,1906.6,-0.95
2016-02-03,1890.67,-0.84
2016-02-04,1916.26,1.35
2016-02-05,1917.79,0.08
2016-02-11,1861.54,-2.93
2016-02-12,1835.28,-1.41
2016-02-15,1862.2,1.47
2016-02-16,1888.3,1.4
2016-02-17,1883.94,-0.23
2016-02-18,1908.84,1.32
2016-02-19,1916.24,0.39
2016-02-22,1916.36,0.01
2016-02-23,1914.22,-0.11
2016-02-24,1912.53,-0.09
2016-02-25,1918.57,0.32
2016-02-26,1920.16,0.08
2016-02-29,1916.66,-0.18
2016-03-02,1947.42,1.6
2016-03-03,1958.17,0.55
2016-03-04,1955.63,-0.13
2016-03-07,1957.87,0.11
2016-03-08,1946.12,-0.6
2016-03-09,1952.95,0.35
2016-03-10,1969.33,0.84
2016-03-11,1971.41,0.11
2016-03-14,1972.27,0.04
2016-03-15,1969.97,-0.12
2016-03-16,1974.9,0.25
2016-03-17,1987.99,0.66
2016-03-18,1992.12,0.21
2016-03-21,1989.76,-0.12
2016-03-22,1996.81,0.35
2016-03-23,1995.12,-0.08
2016-03-24,1985.97,-0.46
2016-03-25,1983.81,-0.11
2016-03-28,1982.54,-0.06
2016-03-29,1994.91,0.62
2016-03-30,2002.14,0.36
2016-03-31,1995.85,-0.31
2016-04-01,1973.57,-1.12
2016-04-04,1978.97,0.27
2016-04-05,1962.74,-0.82
2016-04-06,1971.32,0.44
2016-04-07,1973.89,0.13
2016-04-08,1972.05,-0.09
2016-04-11,1970.37,-0.09
2016-04-12,1981.32,0.56
2016-04-14,2015.93,1.75
2016-04-15,2014.71,-0.06
2016-04-18,2009.1,-0.28
2016-04-19,2011.36,0.11
2016-04-20,2005.83,-0.27
2016-04-21,2022.1,0.81
2016-04-22,2015.49,-0.33
2016-04-25,2014.55,-0.05
2016-04-26,2019.63,0.25
2016-04-27,2015.4,-0.21
2016-04-28,2000.93,-0.72
2016-04-29,1994.15,-0.34
2016-05-02,1978.15,-0.8
2016-05-03,1986.41,0.42
2016-05-04,1976.71,-0.49
2016-05-09,1967.81,-0.45
2016-05-10,1982.5,0.75
2016-05-11,1980.1,-0.12
2016-05-12,1977.49,-0.13
2016-05-13,1966.99,-0.53
2016-05-16,1967.91,0.05
2016-05-17,1968.06,0.01
2016-05-18,1956.73,-0.58
2016-05-19,1946.78,-0.51
2016-05-20,1947.67,0.05
2016-05-23,1955.25,0.39
2016-05-24,1937.68,-0.9
2016-05-25,1960.51,1.18
2016-05-26,1957.06,-0.18
2016-05-27,1969.17,0.62
2016-05-30,1967.13,-0.1
2016-05-31,1983.4,0.83
2016-06-01,1982.72,-0.03
2016-06-02,1985.11,0.12
2016-06-03,1985.84,0.04
2016-06-07,2011.63,1.3
2016-06-08,2027.08,0.77
2016-06-09,2024.17,-0.14
2016-06-10,2017.63,-0.32
2016-06-13,1979.06,-1.91
2016-06-14,1972.03,-0.36
2016-06-15,1968.83,-0.16
2016-06-16,1951.99,-0.86
2016-06-17,1953.4,0.07
2016-06-20,1981.12,1.42
2016-06-21,1982.7,0.08
2016-06-22,1992.58,0.5
2016-06-23,1986.71,-0.29
2016-06-24,1925.24,-3.09
2016-06-27,1926.85,0.08
2016-06-28,1936.22,0.49
2016-06-29,1956.36,1.04
2016-06-30,1970.35,0.72
2016-07-01,1987.32,0.86
2016-07-04,1995.3,0.4
2016-07-05,1989.85,-0.27
2016-07-06,1953.12,-1.85
2016-07-07,1974.08,1.07
2016-07-08,1963.1,-0.56
2016-07-11,1988.54,1.3
2016-07-12,1991.23,0.14
2016-07-13,2005.55,0.72
2016-07-14,2008.77,0.16
2016-07-15,2017.26,0.42
2016-07-18,2021.11,0.19
2016-07-19,2016.89,-0.21
2016-07-20,2015.46,-0.07
2016-07-21,2012.22,-0.16
2016-07-22,2010.34,-0.09
2016-07-25,2012.32,0.1
2016-07-26,2027.34,0.75
2016-07-27,2025.05,-0.11
2016-07-28,2021.1,-0.2
2016-07-29,2016.19,-0.24
2016-08-01,2029.61,0.67
2016-08-02,2019.03,-0.52
2016-08-03,1994.79,-1.2
2016-08-04,2000.03,0.26
2016-08-05,2017.94,0.9
2016-08-08,2031.12,0.65
2016-08-09,2043.78,0.62
2016-08-10,2044.64,0.04
2016-08-11,2048.8,0.2
2016-08-12,2050.47,0.08
2016-08-16,2047.76,-0.13
2016-08-17,2043.75,-0.2
2016-08-18,2055.47,0.57
2016-08-19,2056.24,0.04
2016-08-22,2042.16,-0.68
2016-08-23,2049.93,0.38
2016-08-24,2043.76,-0.3
2016-08-25,2042.92,-0.04
2016-08-26,2037.5,-0.27
2016-08-29,2032.35,-0.25
2016-08-30,2039.74,0.36
2016-08-31,2034.65,-0.25
2016-09-01,2032.72,-0.09
2016-09-02,2038.31,0.28
2016-09-05,2060.08,1.07
2016-09-06,2066.53,0.31
2016-09-07,2061.88,-0.23
2016-09-08,2063.73,0.09
2016-09-09,2037.87,-1.25
2016-09-12,1991.48,-2.28
2016-09-13,1999.36,0.4
2016-09-19,2015.78,0.82
2016-09-20,2025.71,0.49
2016-09-21,2035.99,0.51
2016-09-22,2049.7,0.67
2016-09-23,2054.07,0.21
2016-09-26,2047.11,-0.34
2016-09-27,2062.82,0.77
2016-09-28,2053.06,-0.47
2016-09-29,2068.72,0.76
2016-09-30,2043.63,-1.21
2016-10-04,2054.86,0.55
2016-10-05,2053,-0.09
2016-10-06,2065.3,0.6
2016-10-07,2053.8,-0.56
2016-10-10,2056.82,0.15
2016-10-11,2031.93,-1.21
2016-10-12,2033.73,0.09
2016-10-13,2015.44,-0.9
2016-10-14,2022.66,0.36
2016-10-17,2027.61,0.24
2016-10-18,2040.43,0.63
2016-10-19,2040.94,0.02
2016-10-20,2040.6,-0.02
2016-10-21,2033,-0.37
2016-10-24,2047.74,0.73
2016-10-25,2037.17,-0.52
2016-10-26,2013.89,-1.14
2016-10-27,2024.12,0.51
2016-10-28,2019.42,-0.23
2016-10-31,2008.19,-0.56
2016-11-01,2007.39,-0.04
2016-11-02,1978.94,-1.42
2016-11-03,1983.8,0.25
2016-11-04,1982.02,-0.09
2016-11-07,1997.58,0.79
2016-11-08,2003.38,0.29
2016-11-09,1958.38,-2.25
2016-11-10,2002.6,2.26
2016-11-11,1984.43,-0.91
2016-11-14,1974.4,-0.51
2016-11-15,1967.53,-0.35
2016-11-16,1979.65,0.62
2016-11-17,1980.55,0.05
2016-11-18,1974.58,-0.3
2016-11-21,1966.05,-0.43
2016-11-22,1983.47,0.89
2016-11-23,1987.95,0.23
2016-11-24,1971.26,-0.84
2016-11-25,1974.46,0.16
2016-11-28,1978.13,0.19
2016-11-29,1978.39,0.01
2016-11-30,1983.48,0.26
2016-12-01,1983.75,0.01
2016-12-02,1970.61,-0.66
2016-12-05,1963.36,-0.37
2016-12-06,1989.86,1.35
2016-12-07,1991.89,0.1
2016-12-08,2031.07,1.97
2016-12-09,2024.69,-0.31
2016-12-12,2027.24,0.13
2016-12-13,2035.98,0.43
2016-12-14,2036.87,0.04
2016-12-15,2036.65,-0.01
2016-12-16,2042.24,0.27
2016-12-19,2038.39,-0.19
2016-12-20,2041.94,0.17
2016-12-21,2037.96,-0.19
2016-12-22,2035.73,-0.11
2016-12-23,2035.9,0.01
2016-12-26,2037.75,0.09
2016-12-27,2042.17,0.22
2016-12-28,2024.49,-0.87
2016-12-29,2026.46,0.1
2017-01-02,2026.16,-0.01
2017-01-03,2043.97,0.88
2017-01-04,2045.64,0.08
2017-01-05,2041.95,-0.18
2017-01-06,2049.12,0.35
2017-01-09,2048.78,-0.02
2017-01-10,2045.12,-0.18
2017-01-11,2075.17,1.47
2017-01-12,2087.14,0.58
2017-01-13,2076.79,-0.5
2017-01-16,2064.17,-0.61
2017-01-17,2071.87,0.37
2017-01-18,2070.54,-0.06
2017-01-19,2072.79,0.11
2017-01-20,2065.61,-0.35
2017-01-23,2065.99,0.02
2017-01-24,2065.76,-0.01
2017-01-25,2066.94,0.06
2017-01-26,2083.59,0.81
2017-01-31,2067.57,-0.77
2017-02-01,2080.48,0.62
2017-02-02,2071.01,-0.46
2017-02-03,2073.16,0.1
2017-02-06,2077.66,0.22
2017-02-07,2075.21,-0.12
2017-02-08,2065.08,-0.49
2017-02-09,2065.88,0.04
2017-02-10,2075.08,0.45
2017-02-13,2078.65,0.17
2017-02-14,2074.57,-0.2
2017-02-15,2083.86,0.45
2017-02-16,2081.84,-0.1
2017-02-17,2080.58,-0.06
2017-02-20,2084.39,0.18
2017-02-21,2102.93,0.89
2017-02-22,2106.61,0.17
2017-02-23,2107.63,0.05
2017-02-24,2094.12,-0.64
2017-02-27,2085.52,-0.41
2017-02-28,2091.64,0.29
2017-03-02,2102.65,0.53
2017-03-03,2078.75,-1.14
2017-03-06,2081.36,0.13
2017-03-07,2094.05,0.61
2017-03-08,2095.41,0.06
2017-03-09,2091.06,-0.21
2017-03-10,2097.35,0.3
2017-03-13,2117.59,0.97
2017-03-14,2133.78,0.76
2017-03-15,2133,-0.04
2017-03-16,2150.08,0.8
2017-03-17,2164.58,0.67
2017-03-20,2157.01,-0.35
2017-03-21,2178.38,0.99
2017-03-22,2168.3,-0.46
2017-03-23,2172.72,0.2
2017-03-24,2168.95,-0.17
2017-03-27,2155.66,-0.61
2017-03-28,2163.31,0.35
2017-03-29,2166.98,0.17
2017-03-30,2164.64,-0.11
2017-03-31,2160.23,-0.2
2017-04-03,2167.51,0.34
2017-04-04,2161.1,-0.3
2017-04-05,2160.85,-0.01
2017-04-06,2152.75,-0.37
2017-04-07,2151.73,-0.05
2017-04-10,2133.32,-0.86
2017-04-11,2123.85,-0.44
2017-04-12,2128.91,0.24
2017-04-13,2148.61,0.93
2017-04-14,2134.88,-0.64
2017-04-17,2145.76,0.51
2017-04-18,2148.46,0.13
2017-04-19,2138.4,-0.47
2017-04-20,2149.15,0.5
2017-04-21,2165.04,0.74
2017-04-24,2173.74,0.4
2017-04-25,2196.85,1.06
2017-04-26,2207.84,0.5
2017-04-27,2209.46,0.07
2017-04-28,2205.44,-0.18
2017-05-02,2219.67,0.65
2017-05-04,2241.24,0.97
2017-05-08,2292.76,2.3
2017-05-10,2270.12,-0.99
2017-05-11,2296.37,1.16
2017-05-12,2286.02,-0.45
2017-05-15,2290.65,0.2
2017-05-16,2295.33,0.2
2017-05-17,2293.08,-0.1
2017-05-18,2286.82,-0.27
2017-05-19,2288.48,0.07
2017-05-22,2304.03,0.68
2017-05-23,2311.74,0.33
2017-05-24,2317.34,0.24
2017-05-25,2342.93,1.1
2017-05-26,2355.3,0.53
2017-05-29,2352.97,-0.1
2017-05-30,2343.68,-0.39
2017-05-31,2347.38,0.16
2017-06-01,2344.61,-0.12
2017-06-02,2371.72,1.16
2017-06-05,2368.62,-0.13
2017-06-07,2360.14,-0.36
2017-06-08,2363.57,0.15
2017-06-09,2381.69,0.77
2017-06-12,2357.87,-1
2017-06-13,2374.7,0.71
2017-06-14,2372.64,-0.09
2017-06-15,2361.65,-0.46
2017-06-16,2361.83,0.01
2017-06-19,2370.9,0.38
2017-06-20,2369.23,-0.07
2017-06-21,2357.53,-0.49
2017-06-22,2370.37,0.54
2017-06-23,2378.6,0.35
2017-06-26,2388.66,0.42
2017-06-27,2391.95,0.14
2017-06-28,2382.56,-0.39
2017-06-29,2395.66,0.55
2017-06-30,2391.79,-0.16
2017-07-03,2394.48,0.11
2017-07-04,2380.52,-0.58
2017-07-05,2388.35,0.33
2017-07-06,2387.81,-0.02
2017-07-07,2379.87,-0.33
2017-07-10,2382.1,0.09
2017-07-11,2396,0.58
2017-07-12,2391.77,-0.18
2017-07-13,2409.49,0.74
2017-07-14,2414.63,0.21
2017-07-17,2425.1,0.43
2017-07-18,2426.04,0.04
2017-07-19,2429.94,0.16
2017-07-20,2441.84,0.49
2017-07-21,2450.06,0.34
2017-07-24,2451.53,0.06
2017-07-25,2439.9,-0.47
2017-07-26,2434.51,-0.22
2017-07-27,2443.24,0.36
2017-07-28,2400.99,-1.73
2017-07-31,2402.71,0.07
2017-08-01,2422.96,0.84
2017-08-02,2427.63,0.19
2017-08-03,2386.85,-1.68
2017-08-04,2395.45,0.36
2017-08-07,2398.75,0.14
2017-08-08,2394.73,-0.17
2017-08-09,2368.39,-1.1
2017-08-10,2359.47,-0.38
2017-08-11,2319.71,-1.69
2017-08-14,2334.22,0.63
2017-08-16,2348.26,0.6
2017-08-17,2361.67,0.57
2017-08-18,2358.37,-0.14
2017-08-21,2355,-0.14
2017-08-22,2365.33,0.44
2017-08-23,2366.4,0.05
2017-08-24,2375.84,0.4
2017-08-25,2378.51,0.11
2017-08-28,2370.3,-0.35
2017-08-29,2364.74,-0.23
2017-08-30,2372.29,0.32
2017-08-31,2363.19,-0.38
2017-09-01,2357.69,-0.23
2017-09-04,2329.65,-1.19
2017-09-05,2326.62,-0.13
2017-09-06,2319.82,-0.29
2017-09-07,2346.19,1.14
2017-09-08,2343.72,-0.11
2017-09-11,2359.08,0.66
2017-09-12,2365.47,0.27
2017-09-13,2360.18,-0.22
2017-09-14,2377.66,0.74
2017-09-15,2386.07,0.35
2017-09-18,2418.21,1.35
2017-09-19,2416.05,-0.09
2017-09-20,2412.2,-0.16
2017-09-21,2406.5,-0.24
2017-09-22,2388.71,-0.74
2017-09-25,2380.4,-0.35
2017-09-26,2374.32,-0.26
2017-09-27,2372.57,-0.07
2017-09-28,2373.14,0.02
2017-09-29,2394.47,0.9
2017-10-10,2433.81,1.64
2017-10-11,2458.16,1
2017-10-12,2474.76,0.68
2017-10-13,2473.62,-0.05
2017-10-16,2480.05,0.26
2017-10-17,2484.37,0.17
2017-10-18,2482.91,-0.06
2017-10-19,2473.06,-0.4
2017-10-20,2489.54,0.67
2017-10-23,2490.05,0.02
2017-10-24,2490.49,0.02
2017-10-25,2492.5,0.08
2017-10-26,2480.63,-0.48
2017-10-27,2496.63,0.64
2017-10-30,2501.93,0.21
2017-10-31,2523.43,0.86
2017-11-01,2556.47,1.31
2017-11-02,2546.36,-0.4
2017-11-03,2557.97,0.46
2017-11-06,2549.41,-0.33
2017-11-07,2545.44,-0.16
2017-11-08,2552.4,0.27
2017-11-09,2550.57,-0.07
2017-11-10,2542.95,-0.3
2017-11-13,2530.35,-0.5
2017-11-14,2526.64,-0.15
2017-11-15,2518.25,-0.33
2017-11-16,2534.79,0.66
2017-11-17,2533.99,-0.03
2017-11-20,2527.67,-0.25
2017-11-21,2530.7,0.12
2017-11-22,2540.51,0.39
2017-11-23,2537.15,-0.13
2017-11-24,2544.33,0.28
2017-11-27,2507.81,-1.44
2017-11-28,2514.19,0.25
2017-11-29,2512.9,-0.05
2017-11-30,2476.37,-1.45
2017-12-01,2475.41,-0.04
2017-12-04,2501.67,1.06
2017-12-05,2510.12,0.34
2017-12-06,2474.37,-1.42
2017-12-07,2461.98,-0.5
2017-12-08,2464,0.08
2017-12-11,2471.49,0.3
2017-12-12,2461,-0.42
2017-12-13,2480.55,0.79
2017-12-14,2469.48,-0.45
2017-12-15,2482.07,0.51
2017-12-18,2481.88,-0.01
2017-12-19,2478.53,-0.13
2017-12-20,2472.37,-0.25
2017-12-21,2429.83,-1.72
2017-12-22,2440.54,0.44
2017-12-26,2427.34,-0.54
2017-12-27,2436.67,0.38
2017-12-28,2467.49,1.26
2018-01-02,2479.65,0.49
2018-01-03,2486.35,0.27
2018-01-04,2466.46,-0.8
2018-01-05,2497.52,1.26
2018-01-08,2513.28,0.63
2018-01-09,2510.23,-0.12
2018-01-10,2499.75,-0.42
2018-01-11,2487.91,-0.47
2018-01-12,2496.42,0.34
2018-01-15,2503.73,0.29
2018-01-16,2521.74,0.72
2018-01-17,2515.43,-0.25
2018-01-18,2515.81,0.02
2018-01-19,2520.26,0.18
2018-01-22,2502.11,-0.72
2018-01-23,2536.6,1.38
2018-01-24,2538,0.06
2018-01-25,2562.23,0.95
2018-01-26,2574.76,0.49
2018-01-29,2598.19,0.91
2018-01-30,2567.74,-1.17
2018-01-31,2566.46,-0.05
2018-02-01,2568.54,0.08
2018-02-02,2525.39,-1.68
2018-02-05,2491.75,-1.33
2018-02-06,2453.31,-1.54
2018-02-07,2396.56,-2.31
2018-02-08,2407.62,0.46
2018-02-09,2363.77,-1.82
2018-02-12,2385.38,0.91
2018-02-13,2395.19,0.41
2018-02-14,2421.83,1.11
2018-02-19,2442.82,0.87
2018-02-20,2415.12,-1.13
2018-02-21,2429.65,0.6
2018-02-22,2414.28,-0.63
2018-02-23,2451.52,1.54
2018-02-26,2457.65,0.25
2018-02-27,2456.14,-0.06
2018-02-28,2427.36,-1.17
2018-03-02,2402.16,-1.04
2018-03-05,2375.06,-1.13
2018-03-06,2411.41,1.53
2018-03-07,2401.82,-0.4
2018-03-08,2433.08,1.3
2018-03-09,2459.45,1.08
2018-03-12,2484.12,1
2018-03-13,2494.49,0.42
2018-03-14,2486.08,-0.34
2018-03-15,2492.38,0.25
2018-03-16,2493.97,0.06
2018-03-19,2475.03,-0.76
2018-03-20,2485.52,0.42
2018-03-21,2484.97,-0.02
2018-03-22,2496.02,0.44
2018-03-23,2416.76,-3.18
2018-03-26,2437.08,0.84
2018-03-27,2452.06,0.61
2018-03-28,2419.29,-1.34
2018-03-29,2436.37,0.71
2018-03-30,2445.85,0.39
2018-04-02,2444.16,-0.07
2018-04-03,2442.43,-0.07
2018-04-04,2408.06,-1.41
2018-04-05,2437.52,1.22
2018-04-06,2429.58,-0.33
2018-04-09,2444.08,0.6
2018-04-10,2450.74,0.27
2018-04-11,2444.22,-0.27
2018-04-12,2442.71,-0.06
2018-04-13,2455.07,0.51
2018-04-16,2457.49,0.1
2018-04-17,2453.77,-0.15
2018-04-18,2479.98,1.07
2018-04-19,2486.1,0.25
2018-04-20,2476.33,-0.39
2018-04-23,2474.11,-0.09
2018-04-24,2464.14,-0.4
2018-04-25,2448.81,-0.62
2018-04-26,2475.64,1.1
2018-04-27,2492.4,0.68
2018-04-30,2515.38,0.92
2018-05-02,2505.61,-0.39
2018-05-03,2487.25,-0.73
2018-05-04,2461.38,-1.04
2018-05-08,2449.81,-0.47
2018-05-09,2443.98,-0.24
2018-05-10,2464.16,0.83
2018-05-11,2477.71,0.55
2018-05-14,2476.11,-0.06
2018-05-15,2458.54,-0.71
2018-05-16,2459.82,0.05
2018-05-17,2448.45,-0.46
2018-05-18,2460.65,0.5
2018-05-21,2465.57,0.2
2018-05-23,2471.91,0.26
2018-05-24,2466.01,-0.24
2018-05-25,2460.8,-0.21
2018-05-28,2478.96,0.74
2018-05-29,2457.25,-0.88
2018-05-30,2409.03,-1.96
2018-05-31,2423.01,0.58
2018-06-01,2438.96,0.66
2018-06-04,2447.76,0.36
2018-06-05,2453.76,0.25
2018-06-07,2470.58,0.69
2018-06-08,2451.58,-0.77
2018-06-11,2470.15,0.76
2018-06-12,2468.83,-0.05
2018-06-14,2423.48,-1.84
2018-06-15,2404.04,-0.8
2018-06-18,2376.24,-1.16
2018-06-19,2340.11,-1.52
2018-06-20,2363.91,1.02
2018-06-21,2337.83,-1.1
2018-06-22,2357.22,0.83
2018-06-25,2357.88,0.03
2018-06-26,2350.92,-0.3
2018-06-27,2342.03,-0.38
2018-06-28,2314.24,-1.19
2018-06-29,2326.13,0.51
2018-07-02,2271.54,-2.35
2018-07-03,2272.76,0.05
2018-07-04,2265.46,-0.32
2018-07-05,2257.55,-0.35
2018-07-06,2272.87,0.68
2018-07-09,2285.8,0.57
2018-07-10,2294.16,0.37
2018-07-11,2280.62,-0.59
2018-07-12,2285.06,0.19
2018-07-13,2310.9,1.13
2018-07-16,2301.99,-0.39
2018-07-17,2297.92,-0.18
2018-07-18,2290.11,-0.34
2018-07-19,2282.29,-0.34
2018-07-20,2289.19,0.3
2018-07-23,2269.31,-0.87
2018-07-24,2280.2,0.48
2018-07-25,2273.03,-0.31
2018-07-26,2289.06,0.71
2018-07-27,2294.99,0.26
2018-07-30,2293.51,-0.06
2018-07-31,2295.26,0.08
2018-08-01,2307.07,0.51
2018-08-02,2270.2,-1.6
2018-08-03,2287.68,0.77
2018-08-06,2286.5,-0.05
2018-08-07,2300.16,0.6
2018-08-08,2301.45,0.06
2018-08-09,2303.71,0.1
2018-08-10,2282.79,-0.91
2018-08-13,2248.45,-1.5
2018-08-14,2258.91,0.47
2018-08-16,2240.8,-0.8
2018-08-17,2247.05,0.28
2018-08-20,2247.88,0.04
2018-08-21,2270.06,0.99
2018-08-22,2273.33,0.14
2018-08-23,2282.6,0.41
2018-08-24,2293.21,0.46
2018-08-27,2299.3,0.27
2018-08-28,2303.12,0.17
2018-08-29,2309.03,0.26
2018-08-30,2307.35,-0.07
2018-08-31,2322.88,0.67
2018-09-03,2307.03,-0.68
2018-09-04,2315.72,0.38
2018-09-05,2291.77,-1.03
2018-09-06,2287.61,-0.18
2018-09-07,2281.58,-0.26
2018-09-10,2288.66,0.31
2018-09-11,2283.2,-0.24
2018-09-12,2282.92,-0.01
2018-09-13,2286.23,0.14
2018-09-14,2318.25,1.4
2018-09-17,2303.01,-0.66
2018-09-18,2308.98,0.26
2018-09-19,2308.46,-0.02
2018-09-20,2323.45,0.65
2018-09-21,2339.17,0.68
2018-09-27,2355.43,0.7
2018-09-28,2343.07,-0.52
2018-10-01,2338.88,-0.18
2018-10-02,2309.57,-1.25
2018-10-04,2274.49,-1.52
2018-10-05,2267.52,-0.31
2018-10-08,2253.83,-0.6
2018-10-10,2228.61,-1.12
2018-10-11,2129.67,-4.44
2018-10-12,2161.85,1.51
2018-10-15,2145.12,-0.77
2018-10-16,2145.12,0
2018-10-17,2167.51,1.04
2018-10-18,2148.31,-0.89
2018-10-19,2156.26,0.37
2018-10-22,2161.71,0.25
2018-10-23,2106.1,-2.57
2018-10-24,2097.58,-0.4
2018-10-25,2063.3,-1.63
2018-10-26,2027.15,-1.75
2018-10-29,1996.05,-1.53
2018-10-30,2014.69,0.93
2018-10-31,2029.69,0.74
2018-11-01,2024.46,-0.26
2018-11-02,2096,3.53
