권역,업종,환경1순위,환경2순위,동기1순위,동기2순위,대표자소득
1,10,3,3,4,1,10
1,10,3,4,1,,10
1,10,3,4,1,2,100
1,10,3,4,1,2,100
1,10,4,2,1,2,100
1,10,4,2,2,1,100
1,10,4,2,2,1,150
1,10,4,3,1,2,150
1,10,4,3,2,4,150
1,10,4,4,1,2,20
1,10,4,4,1,2,200
1,10,4,4,1,2,200
1,10,4,4,1,2,200
1,10,4,4,1,2,200
1,10,4,4,1,2,200
1,10,4,4,1,2,200
1,10,4,4,1,4,200
1,10,4,4,1,4,200
1,10,4,4,2,,220
1,10,4,4,2,4,250
1,10,4,4,4,,250
1,10,4,4,4,2,300
1,10,4,5,1,2,300
1,10,5,2,2,1,300
1,10,5,2,2,1,300
1,10,5,2,4,1,300
1,10,5,3,2,1,300
1,10,5,4,1,2,40
1,10,5,4,1,2,40
1,10,5,4,1,4,400
1,10,5,4,1,4,400
1,10,5,5,1,2,50
1,10,5,5,1,2,80
1,2,1,1,1,,0
1,2,2,2,1,,0
1,2,2,2,1,,0
1,2,2,2,1,,0
1,2,2,2,1,3,0
1,2,2,3,4,,0
1,2,2,4,4,,0
1,2,3,1,4,,10
1,2,3,2,1,,100
1,2,3,2,1,2,100
1,2,3,2,1,3,100
1,2,3,2,1,4,100
1,2,3,2,2,,100
1,2,3,2,2,1,100
1,2,3,2,2,1,100
1,2,3,2,2,1,100
1,2,3,2,3,1,100
1,2,3,2,4,,100
1,2,3,2,4,,100
1,2,3,2,4,,100
1,2,3,2,4,,100
1,2,3,2,4,,100
1,2,3,2,4,1,100
1,2,3,3,1,,100
1,2,3,3,1,,100
1,2,3,3,1,,100
1,2,3,3,1,2,100
1,2,3,3,1,5,100
1,2,3,3,2,,100
1,2,3,3,2,,100
1,2,3,3,2,,100
1,2,3,3,2,,100
1,2,3,3,2,,100
1,2,3,3,2,,100
1,2,3,3,2,1,100
1,2,3,3,2,1,100
1,2,3,3,2,1,100
1,2,3,3,2,1,100
1,2,3,3,4,,100
1,2,3,3,4,,112.5
1,2,3,3,4,,120
1,2,3,3,4,,120
1,2,3,3,4,,120
1,2,3,3,4,,125
1,2,3,3,4,,130
1,2,3,3,4,1,130
1,2,3,3,4,1,140
1,2,3,4,1,2,150
1,2,3,4,1,4,150
1,2,3,4,2,3,150
1,2,3,4,4,,150
1,2,3,4,4,,150
1,2,3,4,4,,150
1,2,3,5,2,,150
1,2,3,6,2,3,150
1,2,4,2,1,,150
1,2,4,2,1,2,150
1,2,4,2,1,2,150
1,2,4,2,1,4,150
1,2,4,2,2,,150
1,2,4,2,4,,150
1,2,4,2,4,,1500
1,2,4,3,1,,160
1,2,4,3,1,,180
1,2,4,3,1,,180
1,2,4,3,1,,180
1,2,4,3,1,2,190
1,2,4,3,1,2,191.7
1,2,4,3,1,2,200
1,2,4,3,1,4,200
1,2,4,3,1,4,200
1,2,4,3,1,4,200
1,2,4,3,1,4,200
1,2,4,3,2,,200
1,2,4,3,2,,200
1,2,4,3,2,1,200
1,2,4,3,2,1,200
1,2,4,3,2,1,200
1,2,4,3,2,1,200
1,2,4,3,3,1,200
1,2,4,3,4,,200
1,2,4,3,4,,200
1,2,4,3,4,,200
1,2,4,3,4,,200
1,2,4,3,4,,200
1,2,4,3,4,,200
1,2,4,3,4,,200
1,2,4,3,4,1,200
1,2,4,4,1,,200
1,2,4,4,1,,200
1,2,4,4,1,,200
1,2,4,4,1,,200
1,2,4,4,1,,200
1,2,4,4,1,,200
1,2,4,4,1,2,200
1,2,4,4,1,2,200
1,2,4,4,1,2,200
1,2,4,4,1,2,200
1,2,4,4,1,2,200
1,2,4,4,1,2,200
1,2,4,4,1,2,200
1,2,4,4,1,2,200
1,2,4,4,1,2,200
1,2,4,4,1,2,220
1,2,4,4,1,2,240
1,2,4,4,1,2,250
1,2,4,4,1,2,250
1,2,4,4,1,2,250
1,2,4,4,1,2,250
1,2,4,4,1,2,250
1,2,4,4,1,3,250
1,2,4,4,1,4,250
1,2,4,4,1,4,250
1,2,4,4,1,4,250
1,2,4,4,1,4,250
1,2,4,4,1,4,250
1,2,4,4,2,,250
1,2,4,4,2,,250
1,2,4,4,2,,250
1,2,4,4,2,,250
1,2,4,4,2,1,250
1,2,4,4,2,1,250
1,2,4,4,2,1,263.8
1,2,4,4,2,1,270
1,2,4,4,2,4,30
1,2,4,4,2,4,300
1,2,4,4,4,,300
1,2,4,4,4,,300
1,2,4,4,4,,300
1,2,4,4,4,,300
1,2,4,4,4,,300
1,2,4,4,4,,300
1,2,4,4,4,,300
1,2,4,4,4,,300
1,2,4,4,4,1,300
1,2,4,4,4,2,300
1,2,4,4,4,2,300
1,2,4,4,4,2,300
1,2,4,4,4,2,300
1,2,4,4,4,2,300
1,2,4,5,2,,300
1,2,4,5,2,4,300
1,2,4,5,2,4,300
1,2,4,6,1,2,300
1,2,4,6,1,4,300
1,2,4,6,4,,300
1,2,5,2,2,1,300
1,2,5,3,1,,300
1,2,5,3,1,4,300
1,2,5,3,2,1,337.5
1,2,5,3,2,1,340
1,2,5,3,2,4,340
1,2,5,3,3,4,350
1,2,5,3,4,,350
1,2,5,4,1,,350
1,2,5,4,1,,40
1,2,5,4,1,,400
1,2,5,4,1,,400
1,2,5,4,1,,400
1,2,5,4,1,,400
1,2,5,4,1,2,400
1,2,5,4,1,2,400
1,2,5,4,1,2,400
1,2,5,4,1,3,400
1,2,5,4,1,4,400
1,2,5,4,1,5,400
1,2,5,4,2,,400
1,2,5,4,2,1,450
1,2,5,4,2,1,450
1,2,5,4,2,1,450
1,2,5,4,2,1,5
1,2,5,4,2,1,50
1,2,5,4,2,1,50
1,2,5,4,4,,50
1,2,5,5,1,,50
1,2,5,5,1,,50
1,2,5,5,1,2,50
1,2,5,5,1,2,50
1,2,5,5,1,2,50
1,2,5,5,1,2,50
1,2,5,5,1,2,50
1,2,5,5,1,2,500
1,2,5,5,1,2,500
1,2,5,5,1,2,500
1,2,5,5,1,3,500
1,2,5,5,1,4,500
1,2,5,5,1,4,500
1,2,5,5,1,4,500
1,2,5,5,2,1,530
1,2,5,5,3,1,60
1,2,5,6,1,3,60
1,2,5,7,1,2,60
1,2,6,4,2,1,600
1,2,6,5,4,,600
1,2,6,6,1,4,600
1,2,6,6,1,4,70
1,2,6,6,2,1,75
1,2,6,6,4,,80
1,2,6,6,4,,800
1,2,7,6,1,2,800
1,2,7,7,1,2,90
1,2,7,7,2,1,900
1,3,3,4,2,1,0
1,3,4,3,1,4,100
1,3,4,3,2,1,150
1,3,4,4,1,,150
1,3,4,4,1,,200
1,3,4,4,1,,250
1,3,4,4,1,2,300
1,3,4,4,1,3,300
1,3,4,4,2,,300
1,3,4,4,2,,300
1,3,4,4,4,,300
1,3,4,4,4,1,400
1,3,5,3,2,1,400
1,3,5,4,2,1,400
1,3,5,4,4,,50
1,3,5,5,1,2,500
1,3,5,5,1,2,500
1,3,5,6,1,2,500
1,3,6,6,1,,70
1,4,2,2,1,,0
1,4,2,2,4,1,0
1,4,3,2,1,,0
1,4,3,2,1,,100
1,4,3,2,4,,100
1,4,3,3,1,2,100
1,4,3,3,1,2,100
1,4,3,3,1,2,100
1,4,3,3,1,3,100
1,4,3,3,1,4,100
1,4,3,3,2,,120
1,4,3,3,2,1,120
1,4,3,3,2,4,130
1,4,3,3,4,,150
1,4,3,3,4,,150
1,4,3,4,1,2,180
1,4,3,4,3,,180
1,4,3,5,1,,190
1,4,3,5,1,2,200
1,4,4,2,1,2,200
1,4,4,2,4,,200
1,4,4,3,1,,200
1,4,4,3,1,,200
1,4,4,3,1,,210
1,4,4,3,1,,220
1,4,4,3,1,,240
1,4,4,3,1,2,250
1,4,4,3,1,2,250
1,4,4,4,1,,250
1,4,4,4,1,,300
1,4,4,4,1,,300
1,4,4,4,1,,300
1,4,4,4,1,,300
1,4,4,4,1,,300
1,4,4,4,1,,300
1,4,4,4,1,,300
1,4,4,4,1,,300
1,4,4,4,1,2,300
1,4,4,4,1,2,300
1,4,4,4,1,2,300
1,4,4,4,1,2,31
1,4,4,4,1,3,330
1,4,4,4,2,,330
1,4,4,4,4,,350
1,4,4,4,4,,350
1,4,4,4,4,,350
1,4,4,5,1,2,350
1,4,4,5,1,2,40
1,4,4,5,1,2,400
1,4,4,6,1,3,400
1,4,5,3,1,,400
1,4,5,4,1,,400
1,4,5,4,1,2,450
1,4,5,4,2,1,450
1,4,5,5,1,2,500
1,4,5,5,1,2,500
1,4,5,5,1,2,500
1,4,5,5,1,2,500
1,4,5,5,3,1,500
1,4,6,2,1,,500
1,4,6,4,1,,500
1,4,6,4,1,2,500
1,4,6,4,2,,700
1,4,6,6,4,,75
1,4,7,7,1,3,90
1,5,2,2,4,,100
1,5,3,1,4,,100
1,5,3,3,1,,110
1,5,3,3,4,,120
1,5,3,3,4,,130
1,5,3,3,4,,150
1,5,3,3,4,,20
1,5,3,3,4,,200
1,5,4,2,1,2,200
1,5,4,3,2,,200
1,5,4,3,2,,200
1,5,4,3,2,,200
1,5,4,3,4,,200
1,5,4,3,4,,250
1,5,4,3,4,,250
1,5,4,3,4,,30
1,5,4,3,5,,300
1,5,4,3,5,,300
1,5,4,4,2,,300
1,5,4,4,2,,350
1,5,4,4,2,,40
1,5,4,4,4,,40
1,5,4,4,4,,400
1,5,4,4,4,,50
1,5,5,3,2,1,70
1,5,5,3,2,1,70
1,5,5,4,4,,70
1,5,5,5,4,,700
1,5,6,3,2,,700
1,5,7,6,1,2,80
1,6,2,4,1,2,0
1,6,2,5,2,1,0
1,6,3,2,1,4,0
1,6,3,3,1,,0
1,6,3,3,1,,0
1,6,3,3,1,2,10
1,6,3,3,1,4,100
1,6,3,3,2,4,100
1,6,3,3,4,,100
1,6,3,3,4,,100
1,6,3,3,4,,100
1,6,3,3,4,1,100
1,6,3,4,1,2,1000
1,6,3,4,2,1,1000
1,6,3,5,1,,120
1,6,4,2,2,,150
1,6,4,3,1,,150
1,6,4,3,1,,150
1,6,4,3,1,2,150
1,6,4,3,1,2,150
1,6,4,3,1,2,190
1,6,4,3,1,2,190
1,6,4,3,2,,190
1,6,4,3,4,,200
1,6,4,3,4,1,200
1,6,4,4,1,,200
1,6,4,4,1,,200
1,6,4,4,1,,200
1,6,4,4,1,,200
1,6,4,4,1,,200
1,6,4,4,1,,200
1,6,4,4,1,,200
1,6,4,4,1,2,250
1,6,4,4,1,2,250
1,6,4,4,1,2,250
1,6,4,4,1,2,300
1,6,4,4,1,2,300
1,6,4,4,1,2,300
1,6,4,4,1,3,300
1,6,4,4,4,1,300
1,6,4,5,4,1,300
1,6,4,6,1,,300
1,6,5,2,1,,300
1,6,5,3,1,3,350
1,6,5,3,2,1,350
1,6,5,4,1,,350
1,6,5,4,1,,350
1,6,5,4,1,2,400
1,6,5,4,1,2,400
1,6,5,4,1,2,400
1,6,5,4,1,2,400
1,6,5,4,1,2,400
1,6,5,4,1,3,400
1,6,5,4,1,3,400
1,6,5,4,4,1,450
1,6,5,5,1,2,50
1,6,5,5,1,2,50
1,6,5,5,1,2,500
1,6,5,5,1,2,500
1,6,5,5,1,4,500
1,6,6,4,1,,60
1,6,6,4,1,2,600
1,6,7,7,2,1,800
1,7,2,2,4,,100
1,7,3,3,1,,100
1,7,4,2,1,3,100
1,7,4,2,4,3,100
1,7,4,3,1,2,150
1,7,4,3,1,4,150
1,7,4,3,2,1,150
1,7,4,3,2,1,150
1,7,4,3,4,1,200
1,7,4,3,4,1,200
1,7,4,4,1,2,200
1,7,4,4,2,1,230
1,7,4,4,2,4,230
1,7,4,4,4,,250
1,7,4,4,4,2,300
1,7,5,3,2,1,300
1,7,5,3,4,,300
1,7,5,4,1,2,300
1,7,5,4,1,2,300
1,7,5,4,1,4,350
1,7,5,4,4,,400
1,7,5,4,4,,50
1,7,5,4,4,,500
1,7,5,5,1,,60
1,7,5,5,2,1,70
1,8,3,2,1,4,0
1,8,3,2,1,4,100
1,8,3,3,1,,100
1,8,3,3,1,,100
1,8,3,3,1,2,100
1,8,3,3,1,2,100
1,8,3,3,4,,100
1,8,3,4,1,2,100
1,8,3,4,1,2,100
1,8,3,4,1,2,130
1,8,3,5,4,,150
1,8,4,2,1,2,150
1,8,4,2,1,2,150
1,8,4,2,1,4,150
1,8,4,3,1,2,185
1,8,4,3,1,2,185
1,8,4,3,1,2,185
1,8,4,3,1,2,20
1,8,4,3,2,1,200
1,8,4,4,1,,200
1,8,4,4,1,2,200
1,8,4,4,1,2,200
1,8,4,4,2,1,200
1,8,4,4,4,,230
1,8,4,5,1,,250
1,8,4,5,1,2,300
1,8,5,3,1,4,300
1,8,5,3,3,1,300
1,8,5,3,4,1,300
1,8,5,4,1,2,400
1,8,5,4,1,2,50
1,8,5,4,1,2,500
1,8,5,5,1,2,500
1,8,5,5,1,2,60
1,8,5,6,1,2,600
1,8,6,5,1,,80
1,9,3,2,1,4,0
1,9,3,3,1,4,0
1,9,3,3,4,,0
1,9,3,3,4,,100
1,9,4,3,1,,100
1,9,4,3,1,2,100
1,9,4,3,4,,150
1,9,4,4,1,,180
1,9,4,4,1,,200
1,9,4,4,1,2,200
1,9,4,4,1,2,200
1,9,4,4,4,,200
1,9,4,5,1,2,250
1,9,4,7,1,4,300
1,9,5,4,1,,300
1,9,5,4,1,,300
1,9,5,4,4,,300
1,9,5,5,1,2,400
1,9,5,5,1,2,400
1,9,5,5,1,2,500
1,9,6,4,1,,500
2,1,3,3,1,3,0
2,1,3,3,1,3,100
2,1,4,4,1,2,120
2,1,4,4,1,2,206
2,1,4,4,1,2,250
2,1,5,3,2,1,250
2,1,5,5,2,,400
2,1,5,5,2,1,400
2,1,5,5,3,,800
2,10,1,2,1,,0
2,10,3,2,4,,100
2,10,3,2,4,1,100
2,10,3,3,1,,100
2,10,3,3,2,1,100
2,10,3,3,2,1,100
2,10,3,3,4,,100
2,10,3,4,4,,100
2,10,3,5,1,,120
2,10,3,5,1,4,130
2,10,4,2,1,2,130
2,10,4,2,2,,150
2,10,4,2,4,,150
2,10,4,2,4,,150
2,10,4,3,1,2,150
2,10,4,3,1,2,150
2,10,4,3,1,2,170
2,10,4,3,1,4,20
2,10,4,3,1,4,200
2,10,4,3,1,4,200
2,10,4,3,2,1,200
2,10,4,3,2,1,200
2,10,4,3,2,1,200
2,10,4,3,4,,200
2,10,4,3,4,,200
2,10,4,3,4,,200
2,10,4,4,1,,200
2,10,4,4,1,2,250
2,10,4,4,1,2,250
2,10,4,4,1,2,250
2,10,4,4,2,,300
2,10,4,4,2,,300
2,10,4,4,2,4,300
2,10,4,4,2,4,300
2,10,4,4,2,4,300
2,10,4,4,4,,300
2,10,4,4,4,1,300
2,10,4,4,4,1,350
2,10,4,5,1,2,350
2,10,4,5,2,,350
2,10,4,6,4,,350
2,10,4,6,4,,350
2,10,5,3,4,1,400
2,10,5,3,4,1,450
2,10,5,4,1,2,50
2,10,5,4,1,2,50
2,10,5,4,1,4,500
2,10,5,4,2,4,60
2,10,5,4,4,,70
2,10,5,5,1,2,80
2,10,5,5,1,2,80
2,10,5,6,1,2,80
2,10,5,6,4,,80
2,2,1,4,4,,0
2,2,2,1,1,4,0
2,2,2,1,4,,0
2,2,2,1,4,,0
2,2,2,2,2,1,0
2,2,2,2,2,4,0
2,2,2,2,2,4,0
2,2,2,2,4,,0
2,2,2,2,4,,0
2,2,2,2,4,,0
2,2,2,2,4,1,0
2,2,2,3,1,2,0
2,2,2,4,2,4,0
2,2,3,1,1,4,0
2,2,3,1,2,,0
2,2,3,1,4,,10
2,2,3,2,1,,100
2,2,3,2,1,,100
2,2,3,2,1,,100
2,2,3,2,1,,100
2,2,3,2,1,4,100
2,2,3,2,1,4,100
2,2,3,2,1,4,100
2,2,3,2,1,4,100
2,2,3,2,1,4,100
2,2,3,2,2,4,100
2,2,3,2,4,,100
2,2,3,2,4,,100
2,2,3,2,4,,100
2,2,3,2,4,,100
2,2,3,2,4,,100
2,2,3,2,4,,100
2,2,3,2,4,,100
2,2,3,2,4,1,100
2,2,3,2,4,2,100
2,2,3,3,1,,100
2,2,3,3,1,,100
2,2,3,3,1,,100
2,2,3,3,1,,100
2,2,3,3,1,,100
2,2,3,3,1,,100
2,2,3,3,1,2,100
2,2,3,3,1,2,100
2,2,3,3,1,4,100
2,2,3,3,1,4,100
2,2,3,3,1,4,100
2,2,3,3,2,,100
2,2,3,3,2,,100
2,2,3,3,2,,100
2,2,3,3,2,,100
2,2,3,3,2,,100
2,2,3,3,2,,100
2,2,3,3,2,1,100
2,2,3,3,2,1,100
2,2,3,3,2,1,100
2,2,3,3,2,1,1000
2,2,3,3,4,,1000
2,2,3,3,4,,1000
2,2,3,3,4,,1000
2,2,3,3,4,,1000
2,2,3,3,4,,1000
2,2,3,3,4,,112.5
2,2,3,3,4,,120
2,2,3,3,4,,120
2,2,3,3,4,,120
2,2,3,3,4,,130
2,2,3,3,4,1,140
2,2,3,3,4,1,140
2,2,3,3,4,1,150
2,2,3,3,4,1,150
2,2,3,3,4,2,150
2,2,3,4,1,,150
2,2,3,4,1,,150
2,2,3,4,1,2,150
2,2,3,4,1,2,150
2,2,3,4,1,4,150
2,2,3,4,1,4,150
2,2,3,4,1,4,150
2,2,3,4,2,,150
2,2,3,4,2,1,150
2,2,3,4,3,4,150
2,2,3,4,4,,150
2,2,3,4,4,,150
2,2,3,4,4,,150
2,2,3,5,4,,150
2,2,3,6,4,,150
2,2,4,2,1,,150
2,2,4,2,1,,150
2,2,4,2,1,,150
2,2,4,2,1,3,150
2,2,4,2,2,1,150
2,2,4,2,2,4,150
2,2,4,2,3,,150
2,2,4,2,4,,1500
2,2,4,2,4,,160
2,2,4,2,4,1,160
2,2,4,3,1,,180
2,2,4,3,1,,183.3
2,2,4,3,1,,185
2,2,4,3,1,,20
2,2,4,3,1,,20
2,2,4,3,1,,200
2,2,4,3,1,2,200
2,2,4,3,1,2,200
2,2,4,3,1,2,200
2,2,4,3,1,2,200
2,2,4,3,1,2,200
2,2,4,3,1,4,200
2,2,4,3,1,4,200
2,2,4,3,1,4,200
2,2,4,3,1,4,200
2,2,4,3,1,4,200
2,2,4,3,2,,200
2,2,4,3,2,,200
2,2,4,3,2,1,200
2,2,4,3,2,1,200
2,2,4,3,2,1,200
2,2,4,3,2,1,200
2,2,4,3,2,1,200
2,2,4,3,2,1,200
2,2,4,3,3,,200
2,2,4,3,4,,200
2,2,4,3,4,,200
2,2,4,3,4,,200
2,2,4,3,4,,200
2,2,4,3,4,,200
2,2,4,3,4,,200
2,2,4,3,4,,200
2,2,4,3,4,,200
2,2,4,3,4,,200
2,2,4,3,4,1,200
2,2,4,4,1,,200
2,2,4,4,1,,200
2,2,4,4,1,,200
2,2,4,4,1,,200
2,2,4,4,1,,200
2,2,4,4,1,,200
2,2,4,4,1,,200
2,2,4,4,1,,200
2,2,4,4,1,,200
2,2,4,4,1,,200
2,2,4,4,1,,200
2,2,4,4,1,,200
2,2,4,4,1,,200
2,2,4,4,1,,200
2,2,4,4,1,,200
2,2,4,4,1,,200
2,2,4,4,1,,200
2,2,4,4,1,,200
2,2,4,4,1,,206.3
2,2,4,4,1,,210
2,2,4,4,1,2,221.4
2,2,4,4,1,2,240
2,2,4,4,1,2,250
2,2,4,4,1,2,250
2,2,4,4,1,2,250
2,2,4,4,1,2,250
2,2,4,4,1,2,250
2,2,4,4,1,2,250
2,2,4,4,1,2,250
2,2,4,4,1,2,250
2,2,4,4,1,2,250
2,2,4,4,1,2,250
2,2,4,4,1,2,250
2,2,4,4,1,2,250
2,2,4,4,1,2,250
2,2,4,4,1,2,250
2,2,4,4,1,2,250
2,2,4,4,1,2,250
2,2,4,4,1,2,250
2,2,4,4,1,2,250
2,2,4,4,1,2,250
2,2,4,4,1,2,250
2,2,4,4,1,2,250
2,2,4,4,1,2,250
2,2,4,4,1,3,250
2,2,4,4,1,4,250
2,2,4,4,1,4,250
2,2,4,4,1,4,250
2,2,4,4,1,4,250
2,2,4,4,1,4,250
2,2,4,4,1,4,250
2,2,4,4,1,4,250
2,2,4,4,1,4,250
2,2,4,4,2,,250
2,2,4,4,2,,250
2,2,4,4,2,,250
2,2,4,4,2,,250
2,2,4,4,2,,260
2,2,4,4,2,,260
2,2,4,4,2,,263
2,2,4,4,2,,270
2,2,4,4,2,,270
2,2,4,4,2,1,270
2,2,4,4,2,1,270
2,2,4,4,2,1,290
2,2,4,4,2,1,30
2,2,4,4,2,1,30
2,2,4,4,2,1,30
2,2,4,4,2,1,300
2,2,4,4,2,1,300
2,2,4,4,2,3,300
2,2,4,4,2,3,300
2,2,4,4,2,4,300
2,2,4,4,2,4,300
2,2,4,4,2,4,300
2,2,4,4,3,,300
2,2,4,4,3,1,300
2,2,4,4,3,4,300
2,2,4,4,4,,300
2,2,4,4,4,,300
2,2,4,4,4,,300
2,2,4,4,4,,300
2,2,4,4,4,,300
2,2,4,4,4,,300
2,2,4,4,4,,300
2,2,4,4,4,,300
2,2,4,4,4,,300
2,2,4,4,4,,300
2,2,4,4,4,,300
2,2,4,4,4,,300
2,2,4,4,4,,300
2,2,4,4,4,,300
2,2,4,4,4,,300
2,2,4,4,4,,300
2,2,4,4,4,,300
2,2,4,4,4,,300
2,2,4,4,4,,300
2,2,4,4,4,,300
2,2,4,4,4,1,300
2,2,4,4,4,2,300
2,2,4,4,4,2,300
2,2,4,4,4,2,300
2,2,4,4,5,,300
2,2,4,5,1,,300
2,2,4,5,1,,300
2,2,4,5,1,2,300
2,2,4,5,1,2,300
2,2,4,5,1,2,300
2,2,4,5,1,2,300
2,2,4,5,1,3,300
2,2,4,5,2,,300
2,2,4,5,2,,300
2,2,4,5,2,,300
2,2,4,5,2,1,300
2,2,4,5,2,1,300
2,2,4,5,2,4,300
2,2,4,5,2,4,300
2,2,4,5,4,,300
2,2,4,5,4,2,300
2,2,4,7,1,4,320
2,2,4,7,3,1,325
2,2,5,2,1,,325
2,2,5,2,4,,330
2,2,5,3,1,,350
2,2,5,3,1,2,350
2,2,5,3,1,2,350
2,2,5,3,1,3,350
2,2,5,3,1,4,350
2,2,5,3,1,4,350
2,2,5,3,2,1,350
2,2,5,3,2,1,40
2,2,5,3,2,1,400
2,2,5,3,2,1,400
2,2,5,3,4,,400
2,2,5,3,4,,400
2,2,5,3,5,1,400
2,2,5,4,1,,400
2,2,5,4,1,,400
2,2,5,4,1,,400
2,2,5,4,1,2,400
2,2,5,4,1,2,400
2,2,5,4,1,2,400
2,2,5,4,1,2,400
2,2,5,4,1,2,400
2,2,5,4,1,2,400
2,2,5,4,1,2,400
2,2,5,4,1,2,400
2,2,5,4,1,3,400
2,2,5,4,1,4,400
2,2,5,4,1,4,400
2,2,5,4,2,,400
2,2,5,4,2,,400
2,2,5,4,2,1,400
2,2,5,4,2,1,400
2,2,5,4,2,1,450
2,2,5,4,2,1,450
2,2,5,4,2,1,450
2,2,5,4,2,1,450
2,2,5,4,2,1,450
2,2,5,4,2,1,450
2,2,5,4,4,,50
2,2,5,4,4,,50
2,2,5,4,4,1,50
2,2,5,4,4,2,50
2,2,5,4,4,2,50
2,2,5,5,1,,50
2,2,5,5,1,,50
2,2,5,5,1,,50
2,2,5,5,1,2,50
2,2,5,5,1,2,50
2,2,5,5,1,2,50
2,2,5,5,1,2,500
2,2,5,5,1,2,500
2,2,5,5,1,2,500
2,2,5,5,1,2,500
2,2,5,5,1,2,500
2,2,5,5,1,2,500
2,2,5,5,1,2,500
2,2,5,5,1,2,500
2,2,5,5,1,2,500
2,2,5,5,1,2,500
2,2,5,5,1,2,500
2,2,5,5,1,2,500
2,2,5,5,1,2,500
2,2,5,5,1,3,500
2,2,5,5,1,4,500
2,2,5,5,1,4,500
2,2,5,5,2,1,500
2,2,5,5,2,1,500
2,2,5,5,2,1,500
2,2,5,5,2,1,500
2,2,5,5,2,4,500
2,2,5,5,2,4,500
2,2,5,5,3,4,500
2,2,5,5,4,,500
2,2,5,5,4,2,500
2,2,5,6,4,2,500
2,2,6,3,4,,500
2,2,6,3,4,2,60
2,2,6,4,2,4,60
2,2,6,4,4,,600
2,2,6,4,4,,600
2,2,6,6,1,2,6000
2,2,6,6,1,2,625
2,2,6,6,1,2,70
2,2,6,6,1,3,70
2,2,6,6,2,,70
2,2,6,6,2,1,700
2,2,6,6,2,4,700
2,2,6,7,2,,77.1
2,2,7,3,2,,77.1
2,2,7,5,4,,80
2,2,7,6,1,2,80
2,2,7,7,1,2,80
2,2,7,7,1,2,800
2,2,7,7,1,4,800
2,2,7,7,1,4,85
2,2,7,7,4,1,900
2,3,3,3,4,1,0
2,3,3,4,2,1,100
2,3,4,1,4,,100
2,3,4,3,1,,100
2,3,4,3,2,1,100
2,3,4,4,1,,130
2,3,4,4,1,,200
2,3,4,4,1,,200
2,3,4,4,1,2,200
2,3,4,4,2,,200
2,3,4,4,2,1,200
2,3,5,3,1,2,200
2,3,5,3,3,1,200
2,3,5,4,1,,200
2,3,5,4,1,2,220
2,3,5,4,1,4,250
2,3,5,4,2,1,250
2,3,5,4,2,1,30
2,3,5,5,1,,300
2,3,5,5,1,3,300
2,3,5,5,4,2,350
2,3,6,2,1,4,400
2,3,6,4,1,2,400
2,3,6,5,2,1,450
2,3,7,7,1,3,500
2,4,1,1,1,,0
2,4,2,4,4,,0
2,4,3,2,1,4,0
2,4,3,2,4,,0
2,4,3,3,1,,100
2,4,3,3,1,2,100
2,4,3,3,4,,130
2,4,3,3,4,1,150
2,4,3,4,1,,150
2,4,4,2,1,2,150
2,4,4,2,1,2,150
2,4,4,3,1,,150
2,4,4,3,1,,150
2,4,4,3,1,,150
2,4,4,3,1,2,172
2,4,4,3,1,2,180
2,4,4,3,1,4,190
2,4,4,3,1,4,190
2,4,4,3,2,,190
2,4,4,4,1,,190
2,4,4,4,1,,20
2,4,4,4,1,,200
2,4,4,4,1,,200
2,4,4,4,1,,200
2,4,4,4,1,,200
2,4,4,4,1,,200
2,4,4,4,1,,200
2,4,4,4,1,2,200
2,4,4,4,1,2,200
2,4,4,4,2,,200
2,4,4,4,2,,200
2,4,4,4,4,,200
2,4,4,4,4,,200
2,4,4,4,4,,220
2,4,4,6,2,,250
2,4,5,3,1,2,250
2,4,5,3,1,2,250
2,4,5,4,1,,250
2,4,5,4,1,,250
2,4,5,4,1,,250
2,4,5,4,1,,250
2,4,5,4,1,,250
2,4,5,4,1,2,30
2,4,5,4,1,2,300
2,4,5,4,1,2,300
2,4,5,4,1,3,300
2,4,5,4,3,2,300
2,4,5,5,1,,300
2,4,5,5,1,2,300
2,4,5,5,1,2,300
2,4,5,5,1,2,300
2,4,5,5,1,2,350
2,4,5,5,1,4,40
2,4,5,5,3,1,400
2,4,5,6,1,2,400
2,4,5,6,1,2,400
2,4,5,7,3,,400
2,4,6,4,3,2,400
2,4,6,5,1,,50
2,4,6,7,1,2,500
2,4,6,7,1,3,500
2,4,7,5,1,,60
2,4,7,5,1,4,600
2,5,2,2,2,,100
2,5,3,2,2,,100
2,5,3,2,4,,100
2,5,3,3,2,,110
2,5,3,3,4,,150
2,5,3,3,4,,150
2,5,3,4,4,,150
2,5,4,3,2,,150
2,5,4,3,2,4,150
2,5,4,3,4,,150
2,5,4,4,1,,160
2,5,4,4,1,2,200
2,5,4,4,1,2,200
2,5,4,4,1,2,200
2,5,4,4,1,2,200
2,5,4,4,1,2,200
2,5,4,4,1,4,210
2,5,4,4,2,,250
2,5,4,4,2,,250
2,5,4,4,4,,30
2,5,4,4,4,,300
2,5,4,4,4,1,300
2,5,4,4,4,2,300
2,5,5,4,1,2,40
2,5,5,4,2,1,50
2,5,5,5,1,2,50
2,6,2,1,4,,0
2,6,2,2,1,4,0
2,6,2,2,4,,0
2,6,3,2,1,,0
2,6,3,2,1,4,0
2,6,3,2,4,,0
2,6,3,3,1,,0
2,6,3,3,1,4,100
2,6,3,3,4,,100
2,6,3,4,1,,100
2,6,3,4,1,,100
2,6,3,4,1,2,100
2,6,3,4,1,2,100
2,6,4,2,1,,150
2,6,4,3,1,,150
2,6,4,3,1,,150
2,6,4,3,1,,150
2,6,4,3,1,,150
2,6,4,3,1,2,150
2,6,4,3,1,2,150
2,6,4,3,1,4,190
2,6,4,3,4,,190
2,6,4,4,1,,20
2,6,4,4,1,,200
2,6,4,4,1,,200
2,6,4,4,1,,200
2,6,4,4,1,,200
2,6,4,4,1,,200
2,6,4,4,1,,200
2,6,4,4,1,,200
2,6,4,4,1,,200
2,6,4,4,1,,200
2,6,4,4,1,2,250
2,6,4,4,1,2,30
2,6,4,4,1,2,30
2,6,4,4,1,2,300
2,6,4,4,1,2,300
2,6,4,4,1,2,300
2,6,4,4,1,2,300
2,6,4,4,1,2,300
2,6,4,4,1,2,300
2,6,4,4,1,4,300
2,6,4,4,1,4,350
2,6,4,4,2,1,350
2,6,4,4,2,1,350
2,6,4,4,2,1,350
2,6,4,4,4,,350
2,6,4,4,4,,350
2,6,4,4,4,,40
2,6,4,4,4,,40
2,6,4,5,1,2,400
2,6,4,5,1,2,400
2,6,4,5,1,3,400
2,6,4,5,2,3,400
2,6,4,6,1,2,450
2,6,4,7,1,2,50
2,6,5,3,1,,50
2,6,5,3,1,3,500
2,6,5,4,1,,500
2,6,5,4,1,,500
2,6,5,4,1,2,500
2,6,5,4,1,2,500
2,6,5,4,1,2,500
2,6,5,4,1,2,500
2,6,5,4,1,3,60
2,6,5,4,5,,65
2,6,5,5,1,,70
2,6,5,5,1,2,70
2,6,5,5,1,4,700
2,6,6,4,1,,750
2,6,6,5,1,,80
2,6,6,5,1,,80
2,6,6,6,1,2,80
2,7,3,2,1,2,10
2,7,3,2,1,2,10
2,7,3,2,1,4,100
2,7,3,2,2,,100
2,7,3,2,4,,100
2,7,3,2,5,,100
2,7,3,3,4,,100
2,7,3,4,2,,100
2,7,3,4,4,,150
2,7,3,4,4,,20
2,7,3,4,4,,200
2,7,3,4,4,,200
2,7,3,6,1,,200
2,7,4,2,1,,200
2,7,4,2,2,,200
2,7,4,2,4,2,200
2,7,4,3,1,,220
2,7,4,3,1,,220
2,7,4,3,1,,230
2,7,4,3,1,4,230
2,7,4,3,1,4,250
2,7,4,3,4,,300
2,7,4,3,4,,300
2,7,4,3,4,,300
2,7,4,3,4,,300
2,7,4,3,4,1,300
2,7,4,4,1,,50
2,7,4,4,1,,500
2,7,4,4,1,2,500
2,7,4,4,1,4,500
2,7,4,4,4,,500
2,7,4,4,4,,500
2,7,4,5,4,,600
2,7,4,5,4,,600
2,7,5,2,4,,70
2,7,5,4,4,,700
2,7,5,5,2,4,76
2,8,2,1,1,4,0
2,8,3,2,1,,0
2,8,3,2,1,2,100
2,8,3,2,1,4,100
2,8,3,3,1,,100
2,8,3,3,1,,100
2,8,3,3,1,,100
2,8,3,3,1,4,120
2,8,3,3,4,,130
2,8,3,4,1,2,130
2,8,3,4,1,2,140
2,8,4,2,1,3,140
2,8,4,3,1,2,140
2,8,4,3,4,,140
2,8,4,4,1,,140
2,8,4,4,1,,150
2,8,4,4,1,,150
2,8,4,4,1,,150
2,8,4,4,1,,150
2,8,4,4,1,,160
2,8,4,4,1,,190
2,8,4,4,1,,20
2,8,4,4,1,2,20
2,8,4,4,1,2,200
2,8,4,4,1,2,200
2,8,4,4,1,2,200
2,8,4,4,1,2,200
2,8,4,4,1,2,200
2,8,4,4,1,2,200
2,8,4,4,1,2,200
2,8,4,4,1,3,200
2,8,4,4,1,4,200
2,8,4,4,1,4,200
2,8,4,4,1,4,200
2,8,4,4,2,,200
2,8,4,4,2,,200
2,8,4,4,4,,250
2,8,4,4,4,,250
2,8,4,4,4,,250
2,8,4,4,4,,280
2,8,4,5,4,,30
2,8,4,6,1,,300
2,8,5,4,1,,300
2,8,5,4,2,1,300
2,8,5,4,2,1,400
2,8,5,5,1,2,400
2,8,5,5,2,1,50
2,8,5,5,2,1,50
2,8,5,6,2,,50
2,8,6,2,1,,50
2,8,6,2,1,4,50
2,8,6,3,1,,50
2,8,6,3,4,,650
2,8,6,6,1,,70
2,8,7,7,1,,80
2,9,2,5,2,1,0
2,9,3,3,4,,0
2,9,3,4,4,,0
2,9,4,3,1,2,0
2,9,4,3,1,4,100
2,9,4,4,1,,100
2,9,4,4,1,2,150
2,9,4,4,2,,150
2,9,4,4,2,,150
2,9,4,4,2,1,180
2,9,4,4,4,,190
2,9,5,3,1,2,190
2,9,5,3,2,1,200
2,9,5,4,1,2,200
2,9,5,4,1,2,250
2,9,5,5,1,2,250
2,9,5,5,1,2,300
2,9,5,5,1,5,300
2,9,7,5,1,,400
3,1,4,2,5,1,0
3,1,4,4,1,,0
3,1,4,4,1,2,100
3,1,4,4,2,,100
3,1,4,5,1,2,150
3,1,5,4,1,4,200
3,1,5,4,2,1,320
3,1,5,4,5,,600
3,1,5,5,1,2,66.7
3,1,5,5,1,2,700
3,1,5,5,1,2,75
3,10,1,2,1,2,0
3,10,2,1,4,1,0
3,10,2,2,1,4,0
3,10,2,2,4,,100
3,10,2,2,4,,100
3,10,2,3,1,,100
3,10,2,4,2,1,100
3,10,3,2,1,,100
3,10,3,2,1,4,100
3,10,3,2,4,,100
3,10,3,2,4,,150
3,10,3,2,4,1,150
3,10,3,3,1,,150
3,10,3,3,1,2,150
3,10,3,3,1,2,170
3,10,3,3,1,3,180
3,10,3,3,2,,200
3,10,3,3,4,,200
3,10,3,3,4,,200
3,10,3,3,4,,200
3,10,4,2,4,,200
3,10,4,2,4,,200
3,10,4,2,4,2,200
3,10,4,3,1,,200
3,10,4,3,2,,200
3,10,4,3,2,1,230
3,10,4,3,4,,250
3,10,4,3,4,,250
3,10,4,3,4,1,250
3,10,4,4,1,,250
3,10,4,4,1,,300
3,10,4,4,1,2,300
3,10,4,4,1,2,300
3,10,4,4,1,2,300
3,10,4,4,1,2,300
3,10,4,4,1,2,35
3,10,4,4,1,4,350
3,10,4,4,1,4,350
3,10,4,4,2,,40
3,10,4,4,2,1,400
3,10,4,4,4,,400
3,10,4,4,4,,400
3,10,4,4,4,,50
3,10,4,4,4,,50
3,10,4,4,4,1,50
3,10,4,5,1,2,500
3,10,4,5,4,,60
3,10,5,2,1,2,600
3,10,5,2,4,1,600
3,10,5,3,1,4,65
3,10,5,4,1,2,70
3,10,5,4,4,,70
3,10,5,5,1,2,70
3,10,5,5,4,1,70
3,10,5,6,4,,80
3,10,5,6,4,,80
3,10,6,4,4,,80
3,10,6,5,1,2,90
3,2,2,2,1,,0
3,2,2,2,1,,0
3,2,2,2,1,,0
3,2,2,2,1,,0
3,2,2,2,1,,0
3,2,2,2,1,3,0
3,2,2,2,2,,0
3,2,2,2,4,,0
3,2,2,3,1,4,0
3,2,2,3,4,,100
3,2,2,4,1,,100
3,2,2,4,1,,100
3,2,2,4,2,,100
3,2,2,5,1,4,100
3,2,2,5,4,,100
3,2,2,5,4,,100
3,2,3,2,1,2,100
3,2,3,2,1,4,100
3,2,3,2,1,4,100
3,2,3,2,2,4,100
3,2,3,2,4,,100
3,2,3,2,4,,100
3,2,3,2,4,,100
3,2,3,2,4,,100
3,2,3,2,4,,100
3,2,3,2,4,,100
3,2,3,2,4,,100
3,2,3,2,4,,100
3,2,3,2,4,2,100
3,2,3,3,1,,100
3,2,3,3,1,,100
3,2,3,3,1,,100
3,2,3,3,1,,100
3,2,3,3,1,,100
3,2,3,3,1,,100
3,2,3,3,1,2,100
3,2,3,3,1,2,100
3,2,3,3,1,2,100
3,2,3,3,1,2,100
3,2,3,3,1,4,100
3,2,3,3,1,4,100
3,2,3,3,2,,100
3,2,3,3,2,1,100
3,2,3,3,2,4,100
3,2,3,3,4,,100
3,2,3,3,4,,100
3,2,3,3,4,,100
3,2,3,3,4,,100
3,2,3,3,4,,100
3,2,3,3,4,,100
3,2,3,3,4,,100
3,2,3,3,4,,100
3,2,3,3,4,,100
3,2,3,3,4,,100
3,2,3,3,4,,100
3,2,3,3,4,,100
3,2,3,3,4,,100
3,2,3,3,4,,1000
3,2,3,3,4,,1000
3,2,3,3,4,,1000
3,2,3,3,4,,1000
3,2,3,3,4,1,1000
3,2,3,4,1,,1000
3,2,3,4,1,,1000
3,2,3,4,1,,1000
3,2,3,4,1,,102
3,2,3,4,1,,110
3,2,3,4,1,2,118
3,2,3,4,1,2,118
3,2,3,4,1,2,120
3,2,3,4,2,1,120
3,2,3,4,4,,120
3,2,3,4,4,,120
3,2,3,4,4,,120
3,2,3,4,4,,120
3,2,3,4,4,,130
3,2,3,4,4,,130
3,2,3,4,4,,130
3,2,3,5,1,2,150
3,2,3,5,1,4,150
3,2,3,5,2,,150
3,2,3,5,4,,150
3,2,3,5,4,,150
3,2,3,6,1,,150
3,2,3,6,1,,150
3,2,4,2,1,,150
3,2,4,2,1,2,150
3,2,4,2,1,2,150
3,2,4,2,1,2,150
3,2,4,2,1,2,150
3,2,4,2,1,5,150
3,2,4,2,2,1,150
3,2,4,2,4,,150
3,2,4,2,4,,150
3,2,4,2,4,,150
3,2,4,2,4,,150
3,2,4,2,4,,150
3,2,4,2,4,2,150
3,2,4,3,1,,150
3,2,4,3,1,,150
3,2,4,3,1,,150
3,2,4,3,1,,150
3,2,4,3,1,,150
3,2,4,3,1,,150
3,2,4,3,1,,150
3,2,4,3,1,,150
3,2,4,3,1,,150
3,2,4,3,1,,150
3,2,4,3,1,,150
3,2,4,3,1,,150
3,2,4,3,1,,150
3,2,4,3,1,,1500
3,2,4,3,1,,157.5
3,2,4,3,1,2,170
3,2,4,3,1,2,180
3,2,4,3,1,2,185
3,2,4,3,1,2,185
3,2,4,3,1,2,185
3,2,4,3,1,2,190
3,2,4,3,1,4,190
3,2,4,3,1,4,20
3,2,4,3,1,4,20
3,2,4,3,2,,20
3,2,4,3,2,,20
3,2,4,3,2,,20
3,2,4,3,2,,200
3,2,4,3,2,1,200
3,2,4,3,2,1,200
3,2,4,3,2,1,200
3,2,4,3,2,1,200
3,2,4,3,2,1,200
3,2,4,3,2,1,200
3,2,4,3,2,1,200
3,2,4,3,2,1,200
3,2,4,3,2,1,200
3,2,4,3,2,1,200
3,2,4,3,2,1,200
3,2,4,3,2,4,200
3,2,4,3,2,4,200
3,2,4,3,2,4,200
3,2,4,3,2,4,200
3,2,4,3,2,4,200
3,2,4,3,2,4,200
3,2,4,3,4,,200
3,2,4,3,4,,200
3,2,4,3,4,,200
3,2,4,3,4,,200
3,2,4,3,4,,200
3,2,4,3,4,,200
3,2,4,3,4,,200
3,2,4,3,4,,200
3,2,4,3,4,,200
3,2,4,3,4,1,200
3,2,4,4,1,,200
3,2,4,4,1,,200
3,2,4,4,1,,200
3,2,4,4,1,,200
3,2,4,4,1,,200
3,2,4,4,1,,200
3,2,4,4,1,,200
3,2,4,4,1,,200
3,2,4,4,1,,200
3,2,4,4,1,,200
3,2,4,4,1,,200
3,2,4,4,1,,200
3,2,4,4,1,,200
3,2,4,4,1,,200
3,2,4,4,1,,200
3,2,4,4,1,,200
3,2,4,4,1,,200
3,2,4,4,1,,200
3,2,4,4,1,,200
3,2,4,4,1,,200
3,2,4,4,1,,200
3,2,4,4,1,,200
3,2,4,4,1,,2000
3,2,4,4,1,,208.3
3,2,4,4,1,2,215
3,2,4,4,1,2,232.5
3,2,4,4,1,2,240
3,2,4,4,1,2,240
3,2,4,4,1,2,250
3,2,4,4,1,2,250
3,2,4,4,1,2,250
3,2,4,4,1,2,250
3,2,4,4,1,2,250
3,2,4,4,1,2,250
3,2,4,4,1,2,250
3,2,4,4,1,2,250
3,2,4,4,1,2,250
3,2,4,4,1,2,250
3,2,4,4,1,2,250
3,2,4,4,1,2,250
3,2,4,4,1,2,250
3,2,4,4,1,2,250
3,2,4,4,1,2,250
3,2,4,4,1,2,250
3,2,4,4,1,3,250
3,2,4,4,1,3,250
3,2,4,4,1,4,250
3,2,4,4,1,4,250
3,2,4,4,1,4,250
3,2,4,4,2,,250
3,2,4,4,2,,250
3,2,4,4,2,,250
3,2,4,4,2,,250
3,2,4,4,2,,270
3,2,4,4,2,,270
3,2,4,4,2,,270
3,2,4,4,2,,270
3,2,4,4,2,,270
3,2,4,4,2,,280
3,2,4,4,2,1,280
3,2,4,4,2,1,290
3,2,4,4,2,1,30
3,2,4,4,2,1,30
3,2,4,4,2,1,30
3,2,4,4,2,1,30
3,2,4,4,2,1,30
3,2,4,4,2,1,30
3,2,4,4,2,1,30
3,2,4,4,2,1,30
3,2,4,4,2,1,300
3,2,4,4,2,1,300
3,2,4,4,2,4,300
3,2,4,4,2,4,300
3,2,4,4,2,4,300
3,2,4,4,2,4,300
3,2,4,4,3,1,300
3,2,4,4,3,1,300
3,2,4,4,3,1,300
3,2,4,4,3,2,300
3,2,4,4,4,,300
3,2,4,4,4,,300
3,2,4,4,4,,300
3,2,4,4,4,,300
3,2,4,4,4,,300
3,2,4,4,4,,300
3,2,4,4,4,,300
3,2,4,4,4,,300
3,2,4,4,4,,300
3,2,4,4,4,,300
3,2,4,4,4,,300
3,2,4,4,4,,300
3,2,4,4,4,,300
3,2,4,4,4,,300
3,2,4,4,4,,300
3,2,4,4,4,,300
3,2,4,4,4,,300
3,2,4,4,4,,300
3,2,4,4,4,,300
3,2,4,4,4,1,300
3,2,4,4,4,1,300
3,2,4,4,4,2,300
3,2,4,4,4,2,300
3,2,4,4,4,2,300
3,2,4,4,4,2,300
3,2,4,4,5,1,300
3,2,4,5,1,,300
3,2,4,5,1,,300
3,2,4,5,1,,300
3,2,4,5,1,,300
3,2,4,5,1,,300
3,2,4,5,1,2,300
3,2,4,5,1,2,300
3,2,4,5,1,2,300
3,2,4,5,1,2,300
3,2,4,5,1,2,316.7
3,2,4,5,1,3,316.7
3,2,4,5,4,,350
3,2,4,5,4,1,350
3,2,4,5,4,2,350
3,2,4,5,4,2,350
3,2,4,6,1,2,350
3,2,4,6,1,4,350
3,2,4,6,2,1,362.5
3,2,5,1,2,1,383.3
3,2,5,2,1,2,40
3,2,5,3,1,,40
3,2,5,3,1,4,40
3,2,5,3,2,,40
3,2,5,3,2,1,40
3,2,5,3,2,1,400
3,2,5,3,2,1,400
3,2,5,3,2,1,400
3,2,5,3,2,1,400
3,2,5,3,2,1,400
3,2,5,3,2,1,400
3,2,5,3,4,,400
3,2,5,3,4,,400
3,2,5,4,1,,400
3,2,5,4,1,,400
3,2,5,4,1,,400
3,2,5,4,1,,400
3,2,5,4,1,,400
3,2,5,4,1,,400
3,2,5,4,1,,400
3,2,5,4,1,2,400
3,2,5,4,1,2,450
3,2,5,4,1,2,450
3,2,5,4,1,4,450
3,2,5,4,1,4,450
3,2,5,4,2,1,450
3,2,5,4,2,1,5
3,2,5,4,2,1,50
3,2,5,4,2,1,50
3,2,5,4,2,1,50
3,2,5,4,2,1,50
3,2,5,4,2,1,50
3,2,5,4,2,1,50
3,2,5,4,4,,50
3,2,5,4,4,,50
3,2,5,4,4,,50
3,2,5,4,4,,50
3,2,5,4,4,,50
3,2,5,5,1,,50
3,2,5,5,1,,50
3,2,5,5,1,,50
3,2,5,5,1,,50
3,2,5,5,1,,50
3,2,5,5,1,,50
3,2,5,5,1,,50
3,2,5,5,1,2,50
3,2,5,5,1,2,50
3,2,5,5,1,2,50
3,2,5,5,1,2,50
3,2,5,5,1,2,50
3,2,5,5,1,2,500
3,2,5,5,1,2,500
3,2,5,5,1,2,500
3,2,5,5,1,2,500
3,2,5,5,1,2,500
3,2,5,5,1,2,500
3,2,5,5,1,2,500
3,2,5,5,1,2,500
3,2,5,5,2,,500
3,2,5,5,2,,500
3,2,5,5,2,1,500
3,2,5,5,2,1,500
3,2,5,5,2,1,500
3,2,5,5,4,,500
3,2,5,5,4,,500
3,2,5,5,4,,500
3,2,5,5,4,,60
3,2,5,5,4,1,60
3,2,5,5,4,2,60
3,2,5,5,4,2,60
3,2,5,5,4,2,60
3,2,5,6,1,2,60
3,2,5,6,1,2,600
3,2,5,6,1,2,600
3,2,5,6,2,1,600
3,2,6,3,4,,600
3,2,6,4,1,4,65
3,2,6,4,2,1,70
3,2,6,4,2,1,70
3,2,6,4,4,,70
3,2,6,4,4,,70
3,2,6,5,1,2,70
3,2,6,5,1,2,700
3,2,6,5,1,2,700
3,2,6,5,1,4,700
3,2,6,5,2,1,700
3,2,6,5,2,3,700
3,2,6,5,4,,80
3,2,6,6,1,,80
3,2,6,6,1,,80
3,2,6,6,1,,80
3,2,6,6,1,,80
3,2,6,6,1,2,800
3,2,6,6,1,2,800
3,2,6,6,1,4,800
3,2,6,6,2,,800
3,2,6,6,3,1,800
3,2,6,6,4,2,90
3,2,7,5,1,2,90
3,3,3,2,1,4,0
3,3,3,3,2,,100
3,3,3,4,1,2,100
3,3,4,2,1,4,100
3,3,4,3,1,2,200
3,3,4,3,1,2,200
3,3,4,3,2,1,200
3,3,4,3,4,,200
3,3,4,4,1,,200
3,3,4,4,1,,200
3,3,4,4,1,,250
3,3,4,4,1,2,280
3,3,4,4,2,1,300
3,3,4,4,2,4,300
3,3,5,4,1,2,300
3,3,5,4,2,1,300
3,3,5,5,1,3,300
3,3,5,5,2,,400
3,3,5,5,2,1,50
3,3,5,5,4,,500
3,3,5,6,4,3,70
3,3,6,6,1,2,80
3,4,1,1,3,,0
3,4,1,4,1,,0
3,4,2,2,4,,0
3,4,3,1,4,,0
3,4,3,2,4,,0
3,4,3,3,1,,0
3,4,3,3,1,2,0
3,4,3,3,1,4,0
3,4,3,3,2,1,10
3,4,3,3,2,1,100
3,4,3,3,4,,100
3,4,3,3,4,,100
3,4,3,4,1,,100
3,4,3,4,2,4,100
3,4,4,2,2,1,100
3,4,4,3,1,,100
3,4,4,3,1,,100
3,4,4,3,1,2,100
3,4,4,3,1,2,100
3,4,4,3,1,2,100
3,4,4,3,2,,100
3,4,4,3,2,1,100
3,4,4,3,2,1,120
3,4,4,3,2,1,130
3,4,4,3,2,1,130
3,4,4,3,4,,130
3,4,4,3,4,,150
3,4,4,4,1,,150
3,4,4,4,1,,150
3,4,4,4,1,,150
3,4,4,4,1,,150
3,4,4,4,1,,190
3,4,4,4,1,,190
3,4,4,4,1,,190
3,4,4,4,1,,190
3,4,4,4,1,,200
3,4,4,4,1,2,200
3,4,4,4,1,2,200
3,4,4,4,1,2,200
3,4,4,4,1,2,200
3,4,4,4,1,2,200
3,4,4,4,1,2,200
3,4,4,4,1,2,200
3,4,4,4,1,2,200
3,4,4,4,1,2,200
3,4,4,4,1,4,200
3,4,4,4,2,1,200
3,4,4,4,2,1,200
3,4,4,4,2,1,210
3,4,4,4,2,4,210
3,4,4,4,4,,220
3,4,4,4,4,,250
3,4,4,4,4,,250
3,4,4,4,4,,250
3,4,4,4,4,,250
3,4,4,4,4,1,272
3,4,4,5,1,2,3
3,4,4,5,1,4,30
3,4,4,5,2,4,30
3,4,4,6,1,2,300
3,4,4,6,1,3,300
3,4,5,3,1,4,300
3,4,5,3,2,1,300
3,4,5,3,4,,300
3,4,5,4,1,,300
3,4,5,4,1,,300
3,4,5,4,1,,300
3,4,5,4,1,2,300
3,4,5,4,1,3,300
3,4,5,4,2,,300
3,4,5,5,1,,330
3,4,5,5,1,,350
3,4,5,5,1,2,365
3,4,5,5,1,2,400
3,4,5,5,1,2,400
3,4,5,5,1,4,400
3,4,5,5,2,,400
3,4,5,5,2,1,450
3,4,5,5,2,1,450
3,4,5,5,4,1,50
3,4,6,2,1,,50
3,4,6,3,4,,500
3,4,6,6,1,2,500
3,4,6,6,1,2,500
3,4,7,1,5,,500
3,4,7,6,1,,550
3,4,7,7,1,2,60
3,4,7,7,2,1,700
3,5,3,2,2,,100
3,5,3,3,4,,100
3,5,3,3,4,,110
3,5,4,3,1,2,200
3,5,4,3,1,2,210
3,5,4,3,2,1,300
3,5,4,4,2,,300
3,5,4,4,4,,300
3,5,5,4,1,2,500
3,5,6,4,2,1,70
3,6,2,2,1,4,0
3,6,3,2,1,,100
3,6,3,2,1,,100
3,6,3,2,1,2,100
3,6,3,2,1,2,100
3,6,3,2,4,,100
3,6,3,3,1,2,100
3,6,3,3,1,2,100
3,6,3,3,2,,100
3,6,3,3,2,,1000
3,6,3,3,2,1,1000
3,6,3,3,4,,150
3,6,3,3,4,1,150
3,6,3,4,2,1,150
3,6,3,4,4,,150
3,6,4,1,4,,150
3,6,4,2,2,,150
3,6,4,3,1,,150
3,6,4,3,1,,150
3,6,4,3,1,2,150
3,6,4,3,1,2,170
3,6,4,3,1,4,170
3,6,4,3,1,4,180
3,6,4,3,1,4,180
3,6,4,3,4,,180
3,6,4,3,4,,190
3,6,4,3,4,,190
3,6,4,3,4,,190
3,6,4,4,1,,190
3,6,4,4,1,,20
3,6,4,4,1,,20
3,6,4,4,1,,20
3,6,4,4,1,,200
3,6,4,4,1,,200
3,6,4,4,1,2,200
3,6,4,4,1,2,200
3,6,4,4,1,2,200
3,6,4,4,1,2,200
3,6,4,4,1,2,200
3,6,4,4,1,2,200
3,6,4,4,1,2,200
3,6,4,4,1,3,200
3,6,4,4,1,3,210
3,6,4,4,1,4,250
3,6,4,4,1,4,250
3,6,4,4,1,4,250
3,6,4,4,1,4,250
3,6,4,4,2,1,250
3,6,4,4,2,1,250
3,6,4,4,2,1,300
3,6,4,4,2,1,300
3,6,4,4,2,1,300
3,6,4,4,3,1,300
3,6,4,4,3,2,300
3,6,4,4,4,,300
3,6,4,4,4,1,300
3,6,4,7,1,4,300
3,6,5,3,1,,300
3,6,5,3,1,2,300
3,6,5,3,1,2,300
3,6,5,3,1,2,300
3,6,5,3,2,1,300
3,6,5,4,1,,330
3,6,5,4,1,,350
3,6,5,4,1,,350
3,6,5,4,1,,350
3,6,5,4,1,2,400
3,6,5,4,1,2,400
3,6,5,4,1,2,400
3,6,5,4,1,2,400
3,6,5,4,1,2,400
3,6,5,4,1,2,400
3,6,5,4,1,5,400
3,6,5,4,2,1,450
3,6,5,4,2,4,50
3,6,5,5,1,2,50
3,6,5,5,1,2,50
3,6,5,5,1,2,50
3,6,5,5,1,2,50
3,6,5,5,1,3,50
3,6,5,5,1,3,50
3,6,5,5,2,1,50
3,6,5,5,2,1,500
3,6,5,5,3,,500
3,6,6,2,1,4,500
3,6,6,4,1,,500
3,6,6,4,1,,500
3,6,6,6,1,,500
3,6,6,6,1,3,60
3,6,7,1,1,,600
3,6,7,7,1,2,600
3,6,7,7,3,1,800
3,7,3,2,3,,100
3,7,3,3,2,,100
3,7,3,3,2,1,100
3,7,3,3,2,4,100
3,7,3,3,4,,100
3,7,3,3,4,,150
3,7,3,4,2,,150
3,7,3,6,4,,150
3,7,4,3,2,,180
3,7,4,3,4,,200
3,7,4,3,4,,200
3,7,4,4,1,,200
3,7,4,4,1,2,200
3,7,4,4,1,2,200
3,7,4,4,1,2,200
3,7,4,4,1,2,220
3,7,4,4,1,4,230
3,7,4,4,2,,230
3,7,4,4,2,,250
3,7,4,4,2,,250
3,7,4,4,2,,250
3,7,4,4,2,,250
3,7,4,4,2,,250
3,7,4,4,2,,300
3,7,4,4,2,1,300
3,7,4,4,4,,300
3,7,4,4,4,,300
3,7,4,4,4,,300
3,7,4,4,4,,300
3,7,4,4,4,,300
3,7,4,4,4,,300
3,7,4,4,4,,300
3,7,4,5,1,2,300
3,7,4,5,2,1,300
3,7,4,5,2,4,300
3,7,4,6,4,,300
3,7,5,3,2,,300
3,7,5,4,2,,300
3,7,5,4,2,,350
3,7,5,4,4,,40
3,7,5,5,1,2,400
3,7,5,5,1,2,400
3,7,5,5,2,,400
3,7,5,5,2,3,50
3,7,5,7,1,2,50
3,7,6,2,1,,500
3,7,6,4,1,,500
3,7,6,6,2,1,70
3,7,7,7,4,,70
3,8,2,3,1,2,100
3,8,3,3,1,,100
3,8,3,3,1,4,100
3,8,3,3,2,,100
3,8,3,3,2,1,100
3,8,3,3,4,1,100
3,8,3,4,1,2,120
3,8,3,4,1,2,120
3,8,3,4,2,1,120
3,8,3,6,1,2,120
3,8,4,1,4,,120
3,8,4,2,1,2,120
3,8,4,3,1,,150
3,8,4,3,1,,150
3,8,4,3,1,,150
3,8,4,3,1,,150
3,8,4,3,1,2,150
3,8,4,3,1,2,150
3,8,4,3,1,4,150
3,8,4,3,1,4,150
3,8,4,3,1,4,160
3,8,4,3,2,1,190
3,8,4,4,1,,200
3,8,4,4,1,,200
3,8,4,4,1,,200
3,8,4,4,1,,200
3,8,4,4,1,2,200
3,8,4,4,1,2,200
3,8,4,4,1,2,200
3,8,4,4,1,2,200
3,8,4,4,1,2,200
3,8,4,4,1,2,200
3,8,4,4,1,2,200
3,8,4,4,1,2,200
3,8,4,4,2,,250
3,8,4,5,1,,250
3,8,4,5,1,2,270
3,8,4,5,1,4,300
3,8,5,2,1,2,300
3,8,5,3,1,,300
3,8,5,3,1,2,300
3,8,5,3,1,2,350
3,8,5,3,2,1,350
3,8,5,4,1,2,40
3,8,5,4,1,2,450
3,8,5,4,1,2,50
3,8,5,4,1,2,50
3,8,5,4,1,2,50
3,8,5,5,1,2,50
3,8,5,5,1,2,500
3,8,5,5,1,2,500
3,8,5,5,1,2,500
3,8,6,6,1,2,80
3,9,3,2,2,,0
3,9,3,3,1,4,100
3,9,3,3,5,,100
3,9,3,4,1,,100
3,9,3,4,4,1,100
3,9,4,3,1,,150
3,9,4,3,1,2,170
3,9,4,3,1,4,180
3,9,4,3,4,,190
3,9,4,3,4,,20
3,9,4,4,1,,200
3,9,4,4,1,,200
3,9,4,4,1,,200
3,9,4,4,1,2,200
3,9,4,4,1,2,200
3,9,4,4,2,1,200
3,9,4,4,4,,200
3,9,4,4,4,2,200
3,9,4,5,1,,250
3,9,4,5,1,2,250
3,9,4,5,1,4,30
3,9,5,4,1,2,400
3,9,5,4,4,,50
3,9,5,4,4,,70
3,9,5,5,1,,70
3,9,6,6,1,,80
4,1,1,4,4,,0
4,1,4,4,1,2,120
4,1,4,4,1,2,200
4,1,4,4,1,2,200
4,1,4,4,2,,200
4,1,4,4,2,,200
4,1,4,4,2,1,200
4,1,4,5,1,2,200
4,1,4,5,1,2,200
4,1,4,5,2,1,200
4,1,5,4,1,2,245.7
4,1,5,4,4,,300
4,1,5,5,1,2,400
4,1,5,5,1,2,400
4,1,5,5,1,2,400
4,1,5,5,2,3,500
4,1,6,3,1,,500
4,10,2,1,4,,100
4,10,2,3,3,4,100
4,10,3,1,1,,100
4,10,3,1,4,,100
4,10,3,2,1,,100
4,10,3,2,4,,100
4,10,3,2,4,,100
4,10,3,2,4,,100
4,10,3,2,4,,100
4,10,3,3,1,4,100
4,10,3,3,1,4,100
4,10,3,3,2,1,100
4,10,3,3,4,,100
4,10,3,3,4,,150
4,10,3,4,2,1,150
4,10,3,4,2,1,150
4,10,3,4,4,1,150
4,10,3,5,1,,170
4,10,3,7,1,,170
4,10,4,2,1,,170
4,10,4,2,4,,170
4,10,4,3,1,2,20
4,10,4,3,1,2,200
4,10,4,3,1,2,200
4,10,4,3,4,,200
4,10,4,3,4,,200
4,10,4,3,4,,200
4,10,4,3,4,1,200
4,10,4,4,1,,200
4,10,4,4,1,2,200
4,10,4,4,1,2,220
4,10,4,4,1,2,30
4,10,4,4,2,1,30
4,10,4,4,2,1,300
4,10,4,4,2,1,300
4,10,4,4,4,,300
4,10,4,4,4,,300
4,10,4,4,4,,300
4,10,4,4,4,,300
4,10,4,4,4,,350
4,10,4,4,4,,375
4,10,4,4,4,,400
4,10,4,4,4,2,400
4,10,4,5,4,,400
4,10,5,4,1,2,400
4,10,5,4,1,4,50
4,10,5,4,4,,50
4,10,5,4,4,,50
4,10,5,5,2,,60
4,10,5,5,2,1,65
4,10,6,6,1,2,70
4,10,6,7,1,,80
4,2,1,1,4,,0
4,2,2,2,4,,0
4,2,2,2,4,,0
4,2,2,2,4,,0
4,2,2,2,4,,0
4,2,2,2,4,,0
4,2,2,2,4,,0
4,2,2,2,4,,0
4,2,2,2,4,,0
4,2,2,2,4,,10
4,2,2,2,4,,10
4,2,2,4,4,,100
4,2,3,1,1,,100
4,2,3,1,4,,100
4,2,3,1,4,,100
4,2,3,2,1,,100
4,2,3,2,1,2,100
4,2,3,2,1,2,100
4,2,3,2,1,3,100
4,2,3,2,2,1,100
4,2,3,2,2,1,100
4,2,3,2,2,1,100
4,2,3,2,2,1,100
4,2,3,2,4,,100
4,2,3,2,4,,100
4,2,3,2,4,,100
4,2,3,2,4,,100
4,2,3,2,4,,100
4,2,3,2,4,1,100
4,2,3,2,4,1,100
4,2,3,3,1,,100
4,2,3,3,1,,100
4,2,3,3,1,,100
4,2,3,3,1,,100
4,2,3,3,1,,100
4,2,3,3,1,2,100
4,2,3,3,1,2,100
4,2,3,3,1,2,100
4,2,3,3,1,2,100
4,2,3,3,1,4,100
4,2,3,3,1,4,100
4,2,3,3,1,4,100
4,2,3,3,2,,100
4,2,3,3,2,,100
4,2,3,3,2,,100
4,2,3,3,2,,100
4,2,3,3,2,4,100
4,2,3,3,3,1,100
4,2,3,3,4,,100
4,2,3,3,4,,100
4,2,3,3,4,,100
4,2,3,3,4,,100
4,2,3,3,4,,100
4,2,3,3,4,,100
4,2,3,3,4,,100
4,2,3,3,4,,100
4,2,3,3,4,1,100
4,2,3,3,4,1,100
4,2,3,3,4,2,100
4,2,3,4,1,,100
4,2,3,4,1,2,100
4,2,3,4,1,2,100
4,2,3,4,1,2,100
4,2,3,4,2,1,100
4,2,3,4,2,1,100
4,2,3,4,2,1,100
4,2,3,4,2,1,1000
4,2,3,5,1,4,1000
4,2,3,5,4,,1000
4,2,4,2,1,,112.5
4,2,4,2,1,2,112.5
4,2,4,2,1,4,130
4,2,4,2,2,1,130
4,2,4,2,4,,130
4,2,4,2,4,1,130
4,2,4,2,4,2,133
4,2,4,3,1,,135
4,2,4,3,1,,140
4,2,4,3,1,,150
4,2,4,3,1,,150
4,2,4,3,1,,150
4,2,4,3,1,,150
4,2,4,3,1,,150
4,2,4,3,1,2,150
4,2,4,3,1,2,150
4,2,4,3,1,2,150
4,2,4,3,1,2,150
4,2,4,3,1,2,150
4,2,4,3,1,2,150
4,2,4,3,1,2,150
4,2,4,3,1,2,150
4,2,4,3,1,2,150
4,2,4,3,1,2,150
4,2,4,3,1,2,150
4,2,4,3,1,2,150
4,2,4,3,1,2,150
4,2,4,3,1,2,150
4,2,4,3,1,2,150
4,2,4,3,1,3,150
4,2,4,3,1,4,150
4,2,4,3,1,4,150
4,2,4,3,1,4,150
4,2,4,3,1,4,1500
4,2,4,3,1,4,166
4,2,4,3,1,4,170
4,2,4,3,1,4,178
4,2,4,3,1,4,180
4,2,4,3,2,,180
4,2,4,3,2,,190
4,2,4,3,2,1,20
4,2,4,3,2,1,20
4,2,4,3,2,4,20
4,2,4,3,3,2,20
4,2,4,3,4,,200
4,2,4,3,4,,200
4,2,4,3,4,,200
4,2,4,3,4,,200
4,2,4,3,4,,200
4,2,4,3,4,,200
4,2,4,3,4,,200
4,2,4,3,4,1,200
4,2,4,3,4,1,200
4,2,4,3,4,1,200
4,2,4,3,4,2,200
4,2,4,3,4,2,200
4,2,4,4,1,,200
4,2,4,4,1,,200
4,2,4,4,1,,200
4,2,4,4,1,,200
4,2,4,4,1,,200
4,2,4,4,1,,200
4,2,4,4,1,,200
4,2,4,4,1,,200
4,2,4,4,1,,200
4,2,4,4,1,,200
4,2,4,4,1,,200
4,2,4,4,1,,200
4,2,4,4,1,,200
4,2,4,4,1,,200
4,2,4,4,1,,200
4,2,4,4,1,2,200
4,2,4,4,1,2,200
4,2,4,4,1,2,200
4,2,4,4,1,2,200
4,2,4,4,1,2,200
4,2,4,4,1,2,200
4,2,4,4,1,2,200
4,2,4,4,1,2,200
4,2,4,4,1,2,200
4,2,4,4,1,2,200
4,2,4,4,1,2,200
4,2,4,4,1,2,200
4,2,4,4,1,2,200
4,2,4,4,1,2,200
4,2,4,4,1,2,200
4,2,4,4,1,2,200
4,2,4,4,1,2,200
4,2,4,4,1,2,200
4,2,4,4,1,2,200
4,2,4,4,1,2,200
4,2,4,4,1,2,200
4,2,4,4,1,2,200
4,2,4,4,1,4,200
4,2,4,4,1,4,200
4,2,4,4,1,4,200
4,2,4,4,1,4,200
4,2,4,4,1,4,200
4,2,4,4,1,4,200
4,2,4,4,2,,200
4,2,4,4,2,,200
4,2,4,4,2,,200
4,2,4,4,2,,200
4,2,4,4,2,,200
4,2,4,4,2,,200
4,2,4,4,2,,200
4,2,4,4,2,,240
4,2,4,4,2,,250
4,2,4,4,2,,250
4,2,4,4,2,1,250
4,2,4,4,2,1,250
4,2,4,4,2,1,250
4,2,4,4,2,1,250
4,2,4,4,2,1,250
4,2,4,4,2,1,250
4,2,4,4,2,1,250
4,2,4,4,2,1,250
4,2,4,4,2,1,250
4,2,4,4,2,1,250
4,2,4,4,2,1,250
4,2,4,4,2,1,250
4,2,4,4,2,1,250
4,2,4,4,2,4,250
4,2,4,4,2,4,250
4,2,4,4,2,4,250
4,2,4,4,2,4,250
4,2,4,4,3,,250
4,2,4,4,4,,250
4,2,4,4,4,,250
4,2,4,4,4,,250
4,2,4,4,4,,250
4,2,4,4,4,,250
4,2,4,4,4,,262.5
4,2,4,4,4,,270
4,2,4,4,4,,275
4,2,4,4,4,,280
4,2,4,4,4,,290
4,2,4,4,4,,290
4,2,4,4,4,,30
4,2,4,4,4,,30
4,2,4,4,4,,30
4,2,4,4,4,,30
4,2,4,4,4,,30
4,2,4,4,4,1,30
4,2,4,4,4,2,30
4,2,4,4,4,2,300
4,2,4,4,4,2,300
4,2,4,4,4,2,300
4,2,4,4,4,2,300
4,2,4,4,5,,300
4,2,4,5,1,,300
4,2,4,5,1,2,300
4,2,4,5,1,2,300
4,2,4,5,1,2,300
4,2,4,5,1,2,300
4,2,4,5,1,4,300
4,2,4,5,2,3,300
4,2,4,5,2,4,300
4,2,4,5,2,4,300
4,2,4,5,4,,300
4,2,4,5,4,,300
4,2,4,6,1,,300
4,2,4,6,3,1,300
4,2,4,6,4,,300
4,2,5,2,1,,300
4,2,5,2,1,,300
4,2,5,3,1,,300
4,2,5,3,1,2,300
4,2,5,3,1,3,300
4,2,5,3,1,4,300
4,2,5,3,1,4,300
4,2,5,3,2,1,300
4,2,5,3,2,1,300
4,2,5,3,2,1,300
4,2,5,3,2,1,300
4,2,5,3,4,,300
4,2,5,3,4,,300
4,2,5,3,4,1,300
4,2,5,3,4,1,300
4,2,5,4,1,,320
4,2,5,4,1,,320
4,2,5,4,1,,330
4,2,5,4,1,,330
4,2,5,4,1,,350
4,2,5,4,1,,350
4,2,5,4,1,,350
4,2,5,4,1,2,350
4,2,5,4,1,2,350
4,2,5,4,1,2,350
4,2,5,4,1,2,350
4,2,5,4,1,2,350
4,2,5,4,1,2,375
4,2,5,4,1,2,40
4,2,5,4,1,2,40
4,2,5,4,1,2,40
4,2,5,4,1,2,400
4,2,5,4,1,2,400
4,2,5,4,1,2,400
4,2,5,4,1,2,400
4,2,5,4,1,4,400
4,2,5,4,2,,400
4,2,5,4,2,,400
4,2,5,4,2,,400
4,2,5,4,2,1,400
4,2,5,4,2,1,400
4,2,5,4,2,1,400
4,2,5,4,2,1,400
4,2,5,4,2,5,450
4,2,5,4,3,2,450
4,2,5,4,4,,470
4,2,5,4,4,,50
4,2,5,4,4,1,50
4,2,5,4,4,1,50
4,2,5,5,1,,50
4,2,5,5,1,,50
4,2,5,5,1,,50
4,2,5,5,1,,50
4,2,5,5,1,2,50
4,2,5,5,1,2,50
4,2,5,5,1,2,50
4,2,5,5,1,2,50
4,2,5,5,1,2,50
4,2,5,5,1,2,50
4,2,5,5,1,2,50
4,2,5,5,1,2,50
4,2,5,5,1,2,50
4,2,5,5,1,2,50
4,2,5,5,1,2,50
4,2,5,5,1,2,50
4,2,5,5,1,2,50
4,2,5,5,1,2,50
4,2,5,5,1,2,50
4,2,5,5,1,2,50
4,2,5,5,1,2,500
4,2,5,5,1,2,500
4,2,5,5,1,2,500
4,2,5,5,1,2,500
4,2,5,5,1,2,500
4,2,5,5,1,2,500
4,2,5,5,1,2,500
4,2,5,5,1,4,500
4,2,5,5,2,,500
4,2,5,5,2,1,500
4,2,5,5,2,1,500
4,2,5,5,2,1,500
4,2,5,5,2,1,500
4,2,5,5,2,1,500
4,2,5,5,2,1,500
4,2,5,5,2,1,60
4,2,5,5,2,4,60
4,2,5,5,3,,60
4,2,5,5,4,,600
4,2,5,5,4,,70
4,2,5,5,4,,70
4,2,5,6,1,2,70
4,2,5,6,2,,70
4,2,5,7,4,,70
4,2,6,2,4,2,70
4,2,6,4,1,2,70
4,2,6,4,4,1,70
4,2,6,5,1,,70
4,2,6,5,1,2,70
4,2,6,5,2,1,700
4,2,6,5,2,1,700
4,2,6,6,1,,75
4,2,6,6,1,4,80
4,2,6,6,1,4,80
4,2,6,6,2,1,80
4,2,7,5,1,4,800
4,2,7,7,1,2,800
4,2,7,7,1,3,90
4,2,7,7,2,4,92.2
4,2,7,7,2,4,92.2
4,3,3,4,1,2,0
4,3,3,4,4,,0
4,3,4,3,1,,0
4,3,4,3,1,4,100
4,3,4,3,2,,150
4,3,4,3,4,,150
4,3,4,4,1,2,200
4,3,4,4,2,1,200
4,3,4,4,4,,200
4,3,4,4,4,,200
4,3,4,4,4,1,200
4,3,4,5,1,,220
4,3,4,6,1,3,300
4,3,5,2,1,4,300
4,3,5,2,4,,300
4,3,5,3,1,2,350
4,3,5,3,1,2,40
4,3,5,4,1,3,400
4,3,5,5,1,2,400
4,3,5,6,1,4,50
4,3,7,7,2,1,50
4,3,7,7,3,4,70
4,4,2,1,2,1,0
4,4,2,2,4,,0
4,4,3,2,2,1,0
4,4,3,3,1,,0
4,4,3,3,1,2,0
4,4,3,3,2,,0
4,4,3,3,2,,100
4,4,3,4,1,2,100
4,4,3,4,1,2,100
4,4,3,4,1,4,100
4,4,3,4,2,,100
4,4,4,1,1,,100
4,4,4,2,1,2,100
4,4,4,3,1,,100
4,4,4,3,1,,100
4,4,4,3,1,,100
4,4,4,3,1,2,130
4,4,4,3,1,4,130
4,4,4,3,2,1,150
4,4,4,3,4,,150
4,4,4,3,4,,150
4,4,4,4,1,,150
4,4,4,4,1,,150
4,4,4,4,1,,190
4,4,4,4,1,,190
4,4,4,4,1,,190
4,4,4,4,1,,190
4,4,4,4,1,,190
4,4,4,4,1,,190
4,4,4,4,1,2,190
4,4,4,4,1,2,20
4,4,4,4,1,2,200
4,4,4,4,1,2,200
4,4,4,4,1,2,200
4,4,4,4,1,2,200
4,4,4,4,1,2,200
4,4,4,4,1,2,200
4,4,4,4,1,2,200
4,4,4,4,1,2,200
4,4,4,4,1,3,200
4,4,4,4,2,,200
4,4,4,4,2,,200
4,4,4,4,2,,200
4,4,4,4,2,,200
4,4,4,4,2,1,200
4,4,4,4,2,1,200
4,4,4,4,2,4,200
4,4,4,4,4,,200
4,4,4,5,1,,200
4,4,4,5,1,2,210
4,4,4,5,1,2,220
4,4,4,5,1,2,220
4,4,4,5,2,,220
4,4,4,5,2,,250
4,4,4,6,1,,250
4,4,4,6,1,2,250
4,4,4,6,2,1,250
4,4,5,3,1,2,250
4,4,5,3,1,4,250
4,4,5,4,1,,250
4,4,5,4,1,,250
4,4,5,4,1,2,270
4,4,5,4,1,2,280
4,4,5,4,1,4,300
4,4,5,5,1,2,300
4,4,5,5,1,2,300
4,4,5,5,1,2,300
4,4,5,5,1,2,300
4,4,5,5,1,2,300
4,4,5,5,1,3,300
4,4,5,5,2,,300
4,4,5,5,2,1,300
4,4,5,5,2,1,300
4,4,5,6,1,,300
4,4,5,6,1,2,300
4,4,6,2,1,2,400
4,4,6,4,1,,400
4,4,6,4,1,2,50
4,4,6,5,1,2,500
4,4,6,6,3,,500
4,4,7,5,4,,70
4,4,7,7,1,2,80
4,5,2,2,1,,0
4,5,3,2,1,4,100
4,5,3,3,4,,100
4,5,4,2,4,,100
4,5,4,3,4,,100
4,5,4,3,4,,100
4,5,4,4,1,2,180
4,5,4,4,2,,250
4,5,4,4,2,1,250
4,5,4,4,4,,300
4,5,5,4,4,,50
4,5,6,4,1,,500
4,5,6,6,1,2,80
4,6,2,2,4,,0
4,6,3,2,4,,0
4,6,3,2,4,,0
4,6,3,3,1,,0
4,6,3,3,4,,0
4,6,3,3,4,1,0
4,6,3,4,1,,0
4,6,3,4,2,,100
4,6,4,2,1,,100
4,6,4,3,1,,100
4,6,4,3,1,,100
4,6,4,3,1,,100
4,6,4,3,1,,100
4,6,4,3,1,,100
4,6,4,3,1,,100
4,6,4,3,1,,100
4,6,4,3,1,2,100
4,6,4,3,3,,130
4,6,4,3,4,,150
4,6,4,3,4,,150
4,6,4,3,4,,150
4,6,4,4,1,,150
4,6,4,4,1,,150
4,6,4,4,1,,150
4,6,4,4,1,,150
4,6,4,4,1,,150
4,6,4,4,1,,170
4,6,4,4,1,,170
4,6,4,4,1,,190
4,6,4,4,1,,190
4,6,4,4,1,,190
4,6,4,4,1,2,20
4,6,4,4,1,2,20
4,6,4,4,1,2,20
4,6,4,4,1,2,200
4,6,4,4,1,2,200
4,6,4,4,1,2,200
4,6,4,4,1,3,200
4,6,4,4,1,4,200
4,6,4,4,1,4,200
4,6,4,4,1,4,200
4,6,4,4,1,4,200
4,6,4,4,1,4,200
4,6,4,4,1,4,200
4,6,4,4,2,,200
4,6,4,4,2,,200
4,6,4,4,2,,200
4,6,4,4,2,,250
4,6,4,4,2,1,250
4,6,4,4,2,3,30
4,6,4,4,2,4,30
4,6,4,4,3,,300
4,6,4,4,4,,300
4,6,4,4,4,,300
4,6,4,4,4,,300
4,6,4,4,4,,300
4,6,4,5,1,2,300
4,6,4,5,2,,300
4,6,4,6,4,2,300
4,6,5,4,1,,300
4,6,5,4,1,,300
4,6,5,4,1,2,300
4,6,5,4,1,2,300
4,6,5,4,1,2,33
4,6,5,4,4,,350
4,6,5,4,4,,350
4,6,5,5,1,,350
4,6,5,5,1,,380
4,6,5,5,1,2,400
4,6,5,5,1,2,400
4,6,5,5,1,2,400
4,6,5,5,1,2,400
4,6,5,5,1,2,420
4,6,5,5,1,2,50
4,6,5,5,1,3,50
4,6,5,5,1,4,50
4,6,5,5,3,1,50
4,6,6,5,1,,50
4,6,7,4,1,,500
4,6,7,7,1,2,70
4,6,7,7,1,2,80
4,6,7,7,1,2,800
4,7,2,1,1,,100
4,7,2,1,1,,100
4,7,2,1,4,,100
4,7,2,2,4,2,100
4,7,2,3,2,4,100
4,7,2,4,4,,120
4,7,3,2,1,2,150
4,7,3,2,1,4,150
4,7,3,2,2,,180
4,7,3,2,4,,200
4,7,3,3,1,,200
4,7,3,3,1,2,200
4,7,3,3,4,,200
4,7,3,3,4,,200
4,7,3,3,4,,200
4,7,3,3,4,,200
4,7,3,3,4,,200
4,7,3,3,4,2,200
4,7,4,1,4,,200
4,7,4,2,1,,200
4,7,4,2,4,,220
4,7,4,3,1,,230
4,7,4,3,1,,230
4,7,4,4,1,,230
4,7,4,4,1,,230
4,7,4,4,1,2,230
4,7,4,4,1,2,230
4,7,4,4,1,2,250
4,7,4,4,1,2,250
4,7,4,4,1,4,270
4,7,4,4,2,,280
4,7,4,4,2,,300
4,7,4,4,2,,300
4,7,4,4,2,,300
4,7,4,4,2,1,300
4,7,4,4,2,1,300
4,7,4,4,2,1,300
4,7,4,4,4,,300
4,7,4,4,4,2,300
4,7,4,5,2,,300
4,7,4,5,2,1,35
4,7,5,4,2,1,400
4,7,5,5,1,4,400
4,7,5,5,2,1,50
4,7,5,5,2,1,50
4,7,5,5,4,,500
4,7,5,6,2,4,500
4,7,6,4,2,1,500
4,7,6,6,4,1,70
4,8,3,3,2,1,100
4,8,3,5,1,2,100
4,8,4,2,1,4,100
4,8,4,3,1,,100
4,8,4,3,1,,100
4,8,4,3,1,,100
4,8,4,3,1,,100
4,8,4,3,1,,100
4,8,4,3,1,2,110
4,8,4,3,1,2,150
4,8,4,3,1,2,150
4,8,4,3,1,2,150
4,8,4,3,1,4,150
4,8,4,3,1,4,150
4,8,4,3,2,1,150
4,8,4,3,2,1,150
4,8,4,3,2,1,150
4,8,4,4,1,,160
4,8,4,4,1,,160
4,8,4,4,1,,180
4,8,4,4,1,2,180
4,8,4,4,1,2,190
4,8,4,4,1,2,20
4,8,4,4,1,2,20
4,8,4,4,1,2,200
4,8,4,4,1,2,200
4,8,4,4,1,2,200
4,8,4,4,1,2,200
4,8,4,4,1,2,200
4,8,4,4,2,1,200
4,8,4,4,2,1,200
4,8,4,4,2,1,200
4,8,4,4,4,,200
4,8,4,4,4,1,250
4,8,4,5,1,,250
4,8,5,2,1,,250
4,8,5,3,1,,250
4,8,5,3,2,1,250
4,8,5,3,2,1,250
4,8,5,4,1,,300
4,8,5,4,1,,300
4,8,5,4,1,,300
4,8,5,4,1,2,300
4,8,5,4,1,2,350
4,8,5,4,2,1,350
4,8,5,4,2,1,400
4,8,5,5,1,2,400
4,8,5,5,1,2,400
4,8,5,5,2,1,400
4,8,5,5,2,1,50
4,8,5,6,1,2,700
4,8,5,6,1,2,75
4,8,6,4,1,,90
4,9,2,2,1,,0
4,9,3,2,4,,100
4,9,3,3,1,2,100
4,9,3,3,1,2,100
4,9,3,3,2,,100
4,9,3,4,1,2,100
4,9,3,4,1,2,100
4,9,4,3,1,,100
4,9,4,4,1,,180
4,9,4,4,1,,200
4,9,4,4,1,,200
4,9,4,4,1,,200
4,9,4,4,1,2,200
4,9,4,4,1,4,200
4,9,4,4,1,5,280
4,9,4,4,4,,300
4,9,4,4,4,,300
4,9,4,5,1,2,300
4,9,4,5,1,2,40
4,9,4,5,2,,50
4,9,5,3,2,1,50
4,9,5,5,1,2,50
4,9,5,5,1,2,700
4,9,5,5,1,2,80
4,9,6,6,1,,80
5,1,2,3,2,3,100
5,1,3,3,2,1,100
5,1,4,3,1,,100
5,1,4,4,1,,200
5,1,4,4,1,,200
5,1,4,4,1,2,200
5,1,4,4,1,2,200
5,1,4,4,1,2,200
5,1,4,4,1,2,250
5,1,4,4,1,4,300
5,1,4,4,2,,350
5,1,4,4,2,1,350
5,1,4,4,2,1,350
5,1,4,5,1,2,350
5,1,4,5,1,2,350
5,1,5,4,1,,400
5,1,5,5,1,,500
5,1,5,5,2,1,500
5,1,5,5,2,3,500
5,1,5,5,4,2,500
5,1,6,3,1,,700
5,1,6,5,1,2,700
5,10,1,1,4,,0
5,10,2,2,1,4,0
5,10,3,2,1,2,10
5,10,3,2,4,,10
5,10,3,3,1,,100
5,10,3,3,1,2,100
5,10,3,3,1,4,100
5,10,3,3,2,4,100
5,10,3,3,4,,100
5,10,3,3,4,,100
5,10,3,3,4,1,100
5,10,3,4,1,2,100
5,10,3,4,4,,100
5,10,3,4,4,,100
5,10,4,2,1,4,100
5,10,4,2,4,,100
5,10,4,2,4,,100
5,10,4,2,4,,100
5,10,4,2,4,,1000
5,10,4,2,4,1,120
5,10,4,3,1,,130
5,10,4,3,1,,150
5,10,4,3,1,,150
5,10,4,3,1,,150
5,10,4,3,1,,150
5,10,4,3,1,,150
5,10,4,3,1,,150
5,10,4,3,1,,150
5,10,4,3,1,,150
5,10,4,3,1,2,150
5,10,4,3,1,2,150
5,10,4,3,1,2,150
5,10,4,3,1,2,150
5,10,4,3,1,4,170
5,10,4,3,1,4,170
5,10,4,3,1,4,170
5,10,4,3,1,4,170
5,10,4,3,2,1,170
5,10,4,3,2,1,170
5,10,4,3,2,1,20
5,10,4,3,2,1,200
5,10,4,3,4,,200
5,10,4,3,4,,200
5,10,4,3,4,2,200
5,10,4,4,1,,200
5,10,4,4,1,,200
5,10,4,4,1,,200
5,10,4,4,1,,200
5,10,4,4,1,,200
5,10,4,4,1,,200
5,10,4,4,1,,200
5,10,4,4,1,,200
5,10,4,4,1,,200
5,10,4,4,1,,250
5,10,4,4,1,2,250
5,10,4,4,1,2,250
5,10,4,4,1,2,250
5,10,4,4,1,2,250
5,10,4,4,1,4,250
5,10,4,4,1,4,250
5,10,4,4,2,1,280
5,10,4,4,2,1,30
5,10,4,4,2,1,30
5,10,4,4,2,1,30
5,10,4,4,2,1,30
5,10,4,4,2,4,30
5,10,4,4,2,4,300
5,10,4,4,4,,300
5,10,4,4,4,,300
5,10,4,4,4,,300
5,10,4,4,4,,300
5,10,4,4,4,1,300
5,10,4,4,4,1,300
5,10,4,4,4,1,300
5,10,4,5,1,2,300
5,10,4,5,1,4,300
5,10,4,5,4,,300
5,10,5,3,2,1,350
5,10,5,3,4,,400
5,10,5,4,1,,400
5,10,5,4,1,2,450
5,10,5,4,1,2,50
5,10,5,4,1,2,50
5,10,5,4,1,4,50
5,10,5,4,2,1,50
5,10,5,4,4,,50
5,10,5,4,4,,50
5,10,5,4,4,1,500
5,10,5,5,1,,500
5,10,5,5,1,2,500
5,10,5,5,1,2,60
5,10,5,5,1,2,60
5,10,5,5,1,2,600
5,10,5,5,1,2,65
5,10,5,5,1,2,70
5,10,5,5,1,4,70
5,10,5,5,1,4,70
5,10,5,5,2,1,70
5,10,5,6,2,1,70
5,10,6,4,1,2,80
5,10,6,4,2,1,80
5,10,6,4,4,,80
5,10,6,5,1,,90
5,10,6,5,4,,90
5,2,1,1,1,2,0
5,2,1,1,4,,0
5,2,1,1,4,,0
5,2,2,1,1,3,0
5,2,2,1,1,4,0
5,2,2,1,2,1,0
5,2,2,1,2,1,0
5,2,2,1,4,,0
5,2,2,2,1,,0
5,2,2,2,1,,0
5,2,2,2,1,,0
5,2,2,2,1,2,0
5,2,2,2,1,2,0
5,2,2,2,1,2,0
5,2,2,2,1,2,0
5,2,2,2,1,2,0
5,2,2,2,1,4,0
5,2,2,2,1,4,0
5,2,2,2,2,,0
5,2,2,2,2,,0
5,2,2,2,2,,0
5,2,2,2,2,1,0
5,2,2,2,2,1,0
5,2,2,2,2,1,0
5,2,2,2,4,,0
5,2,2,2,4,,0
5,2,2,2,4,,0
5,2,2,2,4,,0
5,2,2,2,4,,0
5,2,2,2,4,,10
5,2,2,2,4,,100
5,2,2,2,4,,100
5,2,2,2,4,,100
5,2,2,2,4,,100
5,2,2,2,4,,100
5,2,2,3,1,2,100
5,2,2,3,2,1,100
5,2,2,3,4,,100
5,2,2,3,4,,100
5,2,2,3,4,,100
5,2,2,3,4,,100
5,2,2,3,4,,100
5,2,2,3,4,,100
5,2,2,4,1,,100
5,2,2,4,2,4,100
5,2,2,6,1,,100
5,2,2,6,4,,100
5,2,3,1,1,2,100
5,2,3,2,1,,100
5,2,3,2,1,4,100
5,2,3,2,1,4,100
5,2,3,2,2,,100
5,2,3,2,2,,100
5,2,3,2,2,,100
5,2,3,2,2,1,100
5,2,3,2,2,1,100
5,2,3,2,2,1,100
5,2,3,2,4,,100
5,2,3,2,4,,100
5,2,3,2,4,,100
5,2,3,2,4,,100
5,2,3,2,4,,100
5,2,3,2,4,,100
5,2,3,2,4,,100
5,2,3,2,4,,100
5,2,3,2,4,,100
5,2,3,2,4,1,100
5,2,3,2,4,1,100
5,2,3,3,1,,100
5,2,3,3,1,,100
5,2,3,3,1,,100
5,2,3,3,1,,100
5,2,3,3,1,,100
5,2,3,3,1,,100
5,2,3,3,1,,100
5,2,3,3,1,,100
5,2,3,3,1,,100
5,2,3,3,1,,100
5,2,3,3,1,,100
5,2,3,3,1,,100
5,2,3,3,1,2,100
5,2,3,3,1,2,100
5,2,3,3,1,2,100
5,2,3,3,1,2,100
5,2,3,3,1,2,100
5,2,3,3,1,2,100
5,2,3,3,1,2,100
5,2,3,3,1,2,100
5,2,3,3,1,2,100
5,2,3,3,1,2,100
5,2,3,3,1,2,100
5,2,3,3,1,2,100
5,2,3,3,1,2,100
5,2,3,3,1,4,100
5,2,3,3,1,4,100
5,2,3,3,1,4,100
5,2,3,3,1,4,100
5,2,3,3,1,4,100
5,2,3,3,1,4,100
5,2,3,3,1,4,100
5,2,3,3,2,,100
5,2,3,3,2,,100
5,2,3,3,2,,100
5,2,3,3,2,,100
5,2,3,3,2,,100
5,2,3,3,2,1,100
5,2,3,3,2,1,100
5,2,3,3,2,1,100
5,2,3,3,2,1,100
5,2,3,3,2,4,100
5,2,3,3,2,4,100
5,2,3,3,2,4,100
5,2,3,3,2,4,100
5,2,3,3,2,4,100
5,2,3,3,2,4,100
5,2,3,3,4,,100
5,2,3,3,4,,100
5,2,3,3,4,,100
5,2,3,3,4,,100
5,2,3,3,4,,100
5,2,3,3,4,,100
5,2,3,3,4,,100
5,2,3,3,4,,100
5,2,3,3,4,,1000
5,2,3,3,4,,1000
5,2,3,3,4,,1000
5,2,3,3,4,,1000
5,2,3,3,4,,1000
5,2,3,3,4,,1000
5,2,3,3,4,,1000
5,2,3,3,4,,1000
5,2,3,3,4,,105
5,2,3,3,4,,110
5,2,3,3,4,,110
5,2,3,3,4,,111.7
5,2,3,3,4,,120
5,2,3,3,4,,120
5,2,3,3,4,,120
5,2,3,3,4,,120
5,2,3,3,4,1,120
5,2,3,3,4,1,127
5,2,3,3,4,1,127
5,2,3,3,4,1,130
5,2,3,3,4,1,130
5,2,3,3,4,1,130
5,2,3,3,4,2,130
5,2,3,3,4,2,140
5,2,3,4,1,,140
5,2,3,4,1,,140
5,2,3,4,1,,140
5,2,3,4,1,,15
5,2,3,4,1,,150
5,2,3,4,1,,150
5,2,3,4,1,2,150
5,2,3,4,1,2,150
5,2,3,4,1,2,150
5,2,3,4,1,2,150
5,2,3,4,1,2,150
5,2,3,4,1,2,150
5,2,3,4,1,2,150
5,2,3,4,1,2,150
5,2,3,4,1,3,150
5,2,3,4,1,4,150
5,2,3,4,1,4,150
5,2,3,4,2,,150
5,2,3,4,2,,150
5,2,3,4,2,,150
5,2,3,4,2,1,150
5,2,3,4,2,1,150
5,2,3,4,2,1,150
5,2,3,4,2,1,150
5,2,3,4,4,,150
5,2,3,4,4,,150
5,2,3,4,4,,150
5,2,3,4,4,,150
5,2,3,4,4,,150
5,2,3,4,4,,150
5,2,3,4,4,,150
5,2,3,4,4,,150
5,2,3,4,4,,150
5,2,3,4,4,,150
5,2,3,4,4,1,150
5,2,3,4,4,1,150
5,2,3,4,4,2,150
5,2,3,5,1,,150
5,2,3,5,1,2,150
5,2,3,5,4,,150
5,2,3,5,4,2,150
5,2,3,6,2,,150
5,2,4,1,4,,150
5,2,4,2,1,,150
5,2,4,2,1,2,150
5,2,4,2,1,2,150
5,2,4,2,1,4,150
5,2,4,2,1,4,150
5,2,4,2,1,4,150
5,2,4,2,1,4,150
5,2,4,2,2,1,150
5,2,4,2,2,1,150
5,2,4,2,2,1,150
5,2,4,2,2,1,160
5,2,4,2,4,,170
5,2,4,2,4,1,175
5,2,4,3,1,,175
5,2,4,3,1,,180
5,2,4,3,1,,182.5
5,2,4,3,1,,190
5,2,4,3,1,,190
5,2,4,3,1,,190
5,2,4,3,1,,190
5,2,4,3,1,,190
5,2,4,3,1,,191.7
5,2,4,3,1,,191.7
5,2,4,3,1,,20
5,2,4,3,1,,20
5,2,4,3,1,,20
5,2,4,3,1,,20
5,2,4,3,1,,20
5,2,4,3,1,2,20
5,2,4,3,1,2,20
5,2,4,3,1,2,200
5,2,4,3,1,2,200
5,2,4,3,1,2,200
5,2,4,3,1,2,200
5,2,4,3,1,2,200
5,2,4,3,1,2,200
5,2,4,3,1,2,200
5,2,4,3,1,2,200
5,2,4,3,1,2,200
5,2,4,3,1,2,200
5,2,4,3,1,2,200
5,2,4,3,1,2,200
5,2,4,3,1,4,200
5,2,4,3,1,4,200
5,2,4,3,1,4,200
5,2,4,3,1,4,200
5,2,4,3,1,4,200
5,2,4,3,1,4,200
5,2,4,3,1,4,200
5,2,4,3,1,4,200
5,2,4,3,1,4,200
5,2,4,3,2,,200
5,2,4,3,2,,200
5,2,4,3,2,,200
5,2,4,3,2,,200
5,2,4,3,2,1,200
5,2,4,3,2,1,200
5,2,4,3,2,1,200
5,2,4,3,2,1,200
5,2,4,3,2,1,200
5,2,4,3,2,1,200
5,2,4,3,2,1,200
5,2,4,3,2,1,200
5,2,4,3,2,1,200
5,2,4,3,2,1,200
5,2,4,3,2,1,200
5,2,4,3,2,1,200
5,2,4,3,2,1,200
5,2,4,3,2,3,200
5,2,4,3,2,4,200
5,2,4,3,3,2,200
5,2,4,3,4,,200
5,2,4,3,4,,200
5,2,4,3,4,,200
5,2,4,3,4,,200
5,2,4,3,4,,200
5,2,4,3,4,,200
5,2,4,3,4,,200
5,2,4,3,4,,200
5,2,4,3,4,,200
5,2,4,3,4,,200
5,2,4,3,4,,200
5,2,4,3,4,,200
5,2,4,3,4,,200
5,2,4,3,4,,200
5,2,4,3,4,,200
5,2,4,3,4,,200
5,2,4,3,4,,200
5,2,4,3,4,,200
5,2,4,3,4,,200
5,2,4,3,4,,200
5,2,4,3,4,1,200
5,2,4,3,4,1,200
5,2,4,3,4,2,200
5,2,4,3,4,2,200
5,2,4,3,4,2,200
5,2,4,4,1,,200
5,2,4,4,1,,200
5,2,4,4,1,,200
5,2,4,4,1,,200
5,2,4,4,1,,200
5,2,4,4,1,,200
5,2,4,4,1,,200
5,2,4,4,1,,200
5,2,4,4,1,,200
5,2,4,4,1,,200
5,2,4,4,1,,200
5,2,4,4,1,,200
5,2,4,4,1,,200
5,2,4,4,1,,200
5,2,4,4,1,,200
5,2,4,4,1,,200
5,2,4,4,1,,200
5,2,4,4,1,,200
5,2,4,4,1,,200
5,2,4,4,1,,2000
5,2,4,4,1,,2000
5,2,4,4,1,,205
5,2,4,4,1,,205
5,2,4,4,1,,210
5,2,4,4,1,,210
5,2,4,4,1,,215
5,2,4,4,1,,216.7
5,2,4,4,1,,230
5,2,4,4,1,,240
5,2,4,4,1,,240
5,2,4,4,1,,240
5,2,4,4,1,,25
5,2,4,4,1,,25
5,2,4,4,1,,25
5,2,4,4,1,2,250
5,2,4,4,1,2,250
5,2,4,4,1,2,250
5,2,4,4,1,2,250
5,2,4,4,1,2,250
5,2,4,4,1,2,250
5,2,4,4,1,2,250
5,2,4,4,1,2,250
5,2,4,4,1,2,250
5,2,4,4,1,2,250
5,2,4,4,1,2,250
5,2,4,4,1,2,250
5,2,4,4,1,2,250
5,2,4,4,1,2,250
5,2,4,4,1,2,250
5,2,4,4,1,2,250
5,2,4,4,1,2,250
5,2,4,4,1,2,250
5,2,4,4,1,2,250
5,2,4,4,1,2,250
5,2,4,4,1,2,250
5,2,4,4,1,2,250
5,2,4,4,1,2,250
5,2,4,4,1,2,250
5,2,4,4,1,2,250
5,2,4,4,1,2,250
5,2,4,4,1,2,250
5,2,4,4,1,2,250
5,2,4,4,1,2,250
5,2,4,4,1,2,250
5,2,4,4,1,2,250
5,2,4,4,1,2,250
5,2,4,4,1,2,250
5,2,4,4,1,2,250
5,2,4,4,1,2,250
5,2,4,4,1,2,250
5,2,4,4,1,2,250
5,2,4,4,1,2,250
5,2,4,4,1,2,250
5,2,4,4,1,2,250
5,2,4,4,1,2,250
5,2,4,4,1,2,250
5,2,4,4,1,2,250
5,2,4,4,1,2,250
5,2,4,4,1,2,250
5,2,4,4,1,2,250
5,2,4,4,1,2,250
5,2,4,4,1,2,250
5,2,4,4,1,2,250
5,2,4,4,1,2,250
5,2,4,4,1,2,250
5,2,4,4,1,2,250
5,2,4,4,1,2,250
5,2,4,4,1,2,250
5,2,4,4,1,3,266.7
5,2,4,4,1,3,266.7
5,2,4,4,1,4,266.7
5,2,4,4,1,4,270
5,2,4,4,1,4,270
5,2,4,4,1,4,280
5,2,4,4,1,4,280
5,2,4,4,1,4,30
5,2,4,4,1,4,30
5,2,4,4,1,4,30
5,2,4,4,1,4,30
5,2,4,4,1,4,30
5,2,4,4,1,4,30
5,2,4,4,1,4,30
5,2,4,4,1,4,30
5,2,4,4,1,4,30
5,2,4,4,1,4,30
5,2,4,4,1,4,30
5,2,4,4,1,4,30
5,2,4,4,2,,30
5,2,4,4,2,,30
5,2,4,4,2,,30
5,2,4,4,2,,30
5,2,4,4,2,,30
5,2,4,4,2,,300
5,2,4,4,2,,300
5,2,4,4,2,,300
5,2,4,4,2,,300
5,2,4,4,2,1,300
5,2,4,4,2,1,300
5,2,4,4,2,1,300
5,2,4,4,2,1,300
5,2,4,4,2,1,300
5,2,4,4,2,1,300
5,2,4,4,2,1,300
5,2,4,4,2,1,300
5,2,4,4,2,1,300
5,2,4,4,2,1,300
5,2,4,4,2,1,300
5,2,4,4,2,1,300
5,2,4,4,2,1,300
5,2,4,4,2,1,300
5,2,4,4,2,1,300
5,2,4,4,2,1,300
5,2,4,4,2,1,300
5,2,4,4,2,3,300
5,2,4,4,2,4,300
5,2,4,4,2,4,300
5,2,4,4,2,4,300
5,2,4,4,2,4,300
5,2,4,4,2,4,300
5,2,4,4,2,4,300
5,2,4,4,2,4,300
5,2,4,4,2,4,300
5,2,4,4,4,,300
5,2,4,4,4,,300
5,2,4,4,4,,300
5,2,4,4,4,,300
5,2,4,4,4,,300
5,2,4,4,4,,300
5,2,4,4,4,,300
5,2,4,4,4,,300
5,2,4,4,4,,300
5,2,4,4,4,,300
5,2,4,4,4,,300
5,2,4,4,4,,300
5,2,4,4,4,,300
5,2,4,4,4,,300
5,2,4,4,4,,300
5,2,4,4,4,,300
5,2,4,4,4,,300
5,2,4,4,4,,300
5,2,4,4,4,,300
5,2,4,4,4,,300
5,2,4,4,4,,300
5,2,4,4,4,,300
5,2,4,4,4,,300
5,2,4,4,4,,300
5,2,4,4,4,,300
5,2,4,4,4,,300
5,2,4,4,4,,300
5,2,4,4,4,,300
5,2,4,4,4,,300
5,2,4,4,4,,300
5,2,4,4,4,,300
5,2,4,4,4,,300
5,2,4,4,4,1,300
5,2,4,4,4,1,300
5,2,4,4,4,1,300
5,2,4,4,4,1,300
5,2,4,4,4,1,300
5,2,4,4,4,1,300
5,2,4,4,4,1,300
5,2,4,4,4,1,300
5,2,4,4,4,1,300
5,2,4,4,4,1,300
5,2,4,4,4,1,300
5,2,4,4,4,2,300
5,2,4,4,4,2,300
5,2,4,4,4,2,300
5,2,4,4,4,2,300
5,2,4,4,4,2,300
5,2,4,4,4,2,300
5,2,4,4,5,,300
5,2,4,4,5,,300
5,2,4,4,5,,300
5,2,4,5,1,,300
5,2,4,5,1,,3000
5,2,4,5,1,2,316.7
5,2,4,5,1,2,316.7
5,2,4,5,1,2,325
5,2,4,5,1,2,350
5,2,4,5,1,2,350
5,2,4,5,1,2,350
5,2,4,5,1,3,350
5,2,4,5,1,3,350
5,2,4,5,1,4,350
5,2,4,5,2,,350
5,2,4,5,2,1,350
5,2,4,5,2,1,350
5,2,4,5,2,1,350
5,2,4,5,2,1,350
5,2,4,5,2,1,350
5,2,4,5,2,3,350
5,2,4,5,2,4,350
5,2,4,5,2,4,350
5,2,4,5,2,4,350
5,2,4,5,2,4,350
5,2,4,5,4,,350
5,2,4,5,4,,350
5,2,4,5,4,,350
5,2,4,5,4,,350
5,2,4,5,4,1,350
5,2,4,6,1,2,350
5,2,4,6,2,,375
5,2,4,6,2,1,40
5,2,4,6,4,,40
5,2,4,6,4,,40
5,2,4,6,4,2,400
5,2,4,7,2,4,400
5,2,5,1,1,2,400
5,2,5,2,1,2,400
5,2,5,2,1,2,400
5,2,5,2,1,3,400
5,2,5,2,2,1,400
5,2,5,3,1,2,400
5,2,5,3,1,2,400
5,2,5,3,1,2,400
5,2,5,3,1,2,400
5,2,5,3,1,4,400
5,2,5,3,1,5,400
5,2,5,3,2,1,400
5,2,5,3,2,1,400
5,2,5,3,2,1,400
5,2,5,3,2,1,400
5,2,5,3,2,1,400
5,2,5,3,2,1,400
5,2,5,3,4,,400
5,2,5,3,4,1,400
5,2,5,4,1,,400
5,2,5,4,1,,400
5,2,5,4,1,,400
5,2,5,4,1,,400
5,2,5,4,1,,400
5,2,5,4,1,,400
5,2,5,4,1,,400
5,2,5,4,1,,400
5,2,5,4,1,,400
5,2,5,4,1,,400
5,2,5,4,1,,400
5,2,5,4,1,,400
5,2,5,4,1,,400
5,2,5,4,1,,400
5,2,5,4,1,,425
5,2,5,4,1,,450
5,2,5,4,1,,450
5,2,5,4,1,,450
5,2,5,4,1,2,450
5,2,5,4,1,2,450
5,2,5,4,1,2,450
5,2,5,4,1,2,5
5,2,5,4,1,2,50
5,2,5,4,1,2,50
5,2,5,4,1,2,50
5,2,5,4,1,2,50
5,2,5,4,1,2,50
5,2,5,4,1,2,50
5,2,5,4,1,2,50
5,2,5,4,1,2,50
5,2,5,4,1,2,50
5,2,5,4,1,2,50
5,2,5,4,1,2,50
5,2,5,4,1,2,50
5,2,5,4,1,2,50
5,2,5,4,1,3,50
5,2,5,4,1,3,50
5,2,5,4,1,4,50
5,2,5,4,1,4,50
5,2,5,4,2,,50
5,2,5,4,2,,50
5,2,5,4,2,,50
5,2,5,4,2,,50
5,2,5,4,2,,50
5,2,5,4,2,1,50
5,2,5,4,2,1,50
5,2,5,4,2,1,50
5,2,5,4,2,1,50
5,2,5,4,2,1,50
5,2,5,4,2,4,50
5,2,5,4,2,4,50
5,2,5,4,2,4,50
5,2,5,4,2,4,50
5,2,5,4,3,1,50
5,2,5,4,4,,50
5,2,5,4,4,,50
5,2,5,4,4,,50
5,2,5,4,4,,50
5,2,5,4,4,,50
5,2,5,4,4,,50
5,2,5,4,4,2,50
5,2,5,4,4,2,50
5,2,5,4,4,2,50
5,2,5,5,1,,500
5,2,5,5,1,,500
5,2,5,5,1,,500
5,2,5,5,1,,500
5,2,5,5,1,,500
5,2,5,5,1,,500
5,2,5,5,1,,500
5,2,5,5,1,2,500
5,2,5,5,1,2,500
5,2,5,5,1,2,500
5,2,5,5,1,2,500
5,2,5,5,1,2,500
5,2,5,5,1,2,500
5,2,5,5,1,2,500
5,2,5,5,1,2,500
5,2,5,5,1,2,500
5,2,5,5,1,2,500
5,2,5,5,1,2,500
5,2,5,5,1,2,500
5,2,5,5,1,2,500
5,2,5,5,1,2,500
5,2,5,5,1,2,500
5,2,5,5,1,2,500
5,2,5,5,1,2,500
5,2,5,5,1,2,500
5,2,5,5,1,2,500
5,2,5,5,1,2,500
5,2,5,5,1,2,500
5,2,5,5,1,2,500
5,2,5,5,1,2,500
5,2,5,5,1,2,500
5,2,5,5,1,2,500
5,2,5,5,1,2,500
5,2,5,5,1,2,500
5,2,5,5,1,3,550
5,2,5,5,1,4,57.5
5,2,5,5,1,4,60
5,2,5,5,1,4,60
5,2,5,5,1,4,60
5,2,5,5,2,1,60
5,2,5,5,2,1,60
5,2,5,5,2,1,60
5,2,5,5,2,1,600
5,2,5,5,2,1,600
5,2,5,5,2,1,600
5,2,5,5,2,1,600
5,2,5,5,2,4,600
5,2,5,5,2,4,600
5,2,5,5,2,4,600
5,2,5,5,2,4,600
5,2,5,5,2,4,65
5,2,5,5,2,4,65
5,2,5,5,4,,70
5,2,5,5,4,,70
5,2,5,5,4,,70
5,2,5,5,4,,70
5,2,5,5,4,,70
5,2,5,5,4,,70
5,2,5,5,4,2,70
5,2,5,5,4,2,70
5,2,5,6,1,,70
5,2,5,6,4,,70
5,2,5,7,1,2,70
5,2,6,1,4,,70
5,2,6,2,1,,70
5,2,6,2,1,2,70
5,2,6,3,1,,70
5,2,6,3,1,,70
5,2,6,4,1,,70
5,2,6,4,1,2,70
5,2,6,4,1,2,70
5,2,6,4,1,2,70
5,2,6,4,1,4,700
5,2,6,4,1,4,700
5,2,6,4,2,,700
5,2,6,4,4,,75
5,2,6,4,5,,80
5,2,6,5,1,,80
5,2,6,5,1,,80
5,2,6,5,1,,80
5,2,6,5,1,,80
5,2,6,5,3,2,80
5,2,6,6,1,,80
5,2,6,6,1,,80
5,2,6,6,1,,80
5,2,6,6,1,2,80
5,2,6,6,1,2,80
5,2,6,6,1,2,80
5,2,6,6,1,3,80
5,2,6,6,1,4,80
5,2,6,6,2,1,80
5,2,6,6,2,1,80
5,2,6,6,3,1,80
5,2,6,6,3,2,80
5,2,6,6,4,,80
5,2,6,6,4,,800
5,2,6,6,4,,800
5,2,6,6,4,,800
5,2,6,7,1,3,800
5,2,7,4,1,2,800
5,2,7,4,2,1,800
5,2,7,4,2,3,800
5,2,7,5,1,2,800
5,2,7,7,1,2,81.7
5,2,7,7,1,3,82.5
5,2,7,7,2,1,85
5,2,7,7,2,1,87.5
5,2,7,7,2,4,87.5
5,2,7,7,3,1,90
5,2,7,7,3,4,97.5
5,3,2,2,1,,100
5,3,3,2,1,4,100
5,3,3,2,4,,100
5,3,3,3,2,,100
5,3,3,3,2,1,150
5,3,3,3,4,,180
5,3,3,3,4,,200
5,3,4,1,1,,200
5,3,4,2,2,1,200
5,3,4,3,1,,200
5,3,4,3,1,,200
5,3,4,3,1,4,200
5,3,4,3,4,,200
5,3,4,4,1,,200
5,3,4,4,1,,200
5,3,4,4,1,,200
5,3,4,4,1,,220
5,3,4,4,1,2,220
5,3,4,4,2,,220
5,3,4,4,2,,220
5,3,4,4,2,,250
5,3,4,4,4,,250
5,3,4,4,4,,250
5,3,4,5,2,,300
5,3,4,6,1,2,300
5,3,4,6,1,2,300
5,3,4,7,1,2,300
5,3,5,3,3,2,300
5,3,5,3,4,,300
5,3,5,3,4,,300
5,3,5,4,1,,300
5,3,5,4,2,1,350
5,3,5,5,1,3,400
5,3,5,6,2,1,400
5,3,5,6,2,1,416
5,3,6,3,1,,450
5,3,6,5,3,1,50
5,3,6,6,1,,500
5,3,6,6,1,,500
5,3,6,6,4,,500
5,3,7,4,1,3,60
5,3,7,7,2,3,80
5,4,2,2,1,,0
5,4,2,2,1,2,0
5,4,2,2,4,,0
5,4,3,2,1,2,0
5,4,3,2,4,,100
5,4,3,2,4,1,100
5,4,3,3,1,,100
5,4,3,3,1,2,100
5,4,3,3,1,3,100
5,4,3,3,2,1,100
5,4,3,3,4,,100
5,4,3,4,1,2,100
5,4,3,4,1,2,100
5,4,3,4,1,2,120
5,4,3,4,1,2,120
5,4,3,5,2,1,130
5,4,3,6,3,,15
5,4,4,1,1,,150
5,4,4,2,4,,150
5,4,4,3,1,,150
5,4,4,3,1,,150
5,4,4,3,1,2,150
5,4,4,3,1,3,150
5,4,4,3,2,,150
5,4,4,3,2,,150
5,4,4,3,2,1,150
5,4,4,3,2,1,150
5,4,4,3,4,,150
5,4,4,3,4,,150
5,4,4,3,4,,150
5,4,4,4,1,,150
5,4,4,4,1,,150
5,4,4,4,1,,170
5,4,4,4,1,,180
5,4,4,4,1,,190
5,4,4,4,1,,190
5,4,4,4,1,,190
5,4,4,4,1,,190
5,4,4,4,1,,190
5,4,4,4,1,,20
5,4,4,4,1,2,200
5,4,4,4,1,2,200
5,4,4,4,1,2,200
5,4,4,4,1,2,200
5,4,4,4,1,2,200
5,4,4,4,1,2,200
5,4,4,4,1,2,200
5,4,4,4,1,2,200
5,4,4,4,1,2,200
5,4,4,4,1,2,200
5,4,4,4,1,2,200
5,4,4,4,1,2,200
5,4,4,4,1,3,200
5,4,4,4,1,3,200
5,4,4,4,1,4,200
5,4,4,4,1,4,200
5,4,4,4,1,4,200
5,4,4,4,2,,210
5,4,4,4,2,1,210
5,4,4,4,2,1,220
5,4,4,4,2,1,230
5,4,4,4,2,1,230
5,4,4,4,2,1,230
5,4,4,4,2,1,25
5,4,4,4,2,4,250
5,4,4,4,4,,250
5,4,4,4,4,,250
5,4,4,4,4,,250
5,4,4,5,1,,250
5,4,4,5,1,,250
5,4,4,5,1,2,250
5,4,4,5,1,2,250
5,4,4,5,1,2,30
5,4,4,5,1,2,30
5,4,4,5,2,1,300
5,4,4,5,2,1,300
5,4,4,5,2,1,300
5,4,4,6,1,,300
5,4,4,7,1,,300
5,4,5,2,4,,300
5,4,5,3,1,,300
5,4,5,3,1,,300
5,4,5,3,1,2,300
5,4,5,3,2,,300
5,4,5,3,2,1,300
5,4,5,3,2,1,300
5,4,5,3,2,1,300
5,4,5,3,2,1,300
5,4,5,3,2,1,300
5,4,5,3,4,,300
5,4,5,4,1,,350
5,4,5,4,1,,350
5,4,5,4,1,,350
5,4,5,4,1,2,40
5,4,5,4,1,2,40
5,4,5,4,1,2,400
5,4,5,4,1,2,400
5,4,5,4,1,2,400
5,4,5,4,1,2,450
5,4,5,4,1,2,50
5,4,5,4,1,4,50
5,4,5,4,1,4,50
5,4,5,4,2,,50
5,4,5,5,1,,50
5,4,5,5,1,,50
5,4,5,5,1,2,50
5,4,5,5,1,2,50
5,4,5,5,1,4,50
5,4,5,5,1,4,50
5,4,5,5,2,1,500
5,4,5,6,1,,500
5,4,5,6,1,2,500
5,4,5,6,1,2,500
5,4,6,4,2,1,500
5,4,6,4,2,1,500
5,4,6,5,1,,500
5,4,6,5,1,,500
5,4,6,5,1,2,500
5,4,6,5,1,2,500
5,4,6,5,2,3,60
5,4,6,6,1,2,600
5,4,6,6,1,2,600
5,4,6,7,2,1,600
5,4,6,7,2,3,650
5,4,7,4,2,,70
5,4,7,4,4,,700
5,4,7,5,4,1,80
5,4,7,7,1,2,80
5,5,2,1,4,1,10
5,5,2,2,1,,100
5,5,2,3,4,,100
5,5,3,3,1,,120
5,5,3,3,2,,150
5,5,3,3,4,,180
5,5,3,3,4,,20
5,5,3,3,4,,200
5,5,3,5,4,,200
5,5,4,2,1,,200
5,5,4,3,1,,210
5,5,4,3,1,2,250
5,5,4,3,2,1,250
5,5,4,3,4,,270
5,5,4,3,4,1,300
5,5,4,4,1,2,300
5,5,4,4,1,2,300
5,5,4,4,1,2,300
5,5,4,4,2,,300
5,5,4,4,2,,300
5,5,4,4,2,,400
5,5,4,4,2,,400
5,5,4,4,2,,400
5,5,4,4,2,1,50
5,5,4,4,2,1,50
5,5,4,4,4,,500
5,5,4,4,4,2,500
5,5,5,3,2,1,70
5,5,5,5,1,2,800
5,5,5,5,2,1,800
5,6,2,2,1,2,0
5,6,2,2,1,2,0
5,6,2,3,1,,0
5,6,3,2,1,4,0
5,6,3,2,4,,0
5,6,3,3,1,,100
5,6,3,3,1,,100
5,6,3,3,1,2,100
5,6,3,3,2,,100
5,6,3,3,2,,100
5,6,3,3,4,,100
5,6,3,3,4,,100
5,6,3,3,4,1,100
5,6,3,4,1,4,100
5,6,3,4,3,1,100
5,6,3,4,5,,100
5,6,3,5,1,,100
5,6,3,5,1,,100
5,6,3,5,2,1,100
5,6,3,6,4,1,100
5,6,4,2,4,,100
5,6,4,3,1,,100
5,6,4,3,1,,1000
5,6,4,3,1,,150
5,6,4,3,1,,150
5,6,4,3,1,,150
5,6,4,3,1,,150
5,6,4,3,1,2,150
5,6,4,3,1,2,150
5,6,4,3,1,2,150
5,6,4,3,1,2,150
5,6,4,3,1,2,150
5,6,4,3,1,3,150
5,6,4,3,2,1,150
5,6,4,3,2,1,150
5,6,4,3,2,1,150
5,6,4,3,2,1,170
5,6,4,3,2,3,170
5,6,4,3,4,,170
5,6,4,3,4,,180
5,6,4,3,4,,180
5,6,4,3,4,,180
5,6,4,3,4,,190
5,6,4,4,1,,190
5,6,4,4,1,,190
5,6,4,4,1,,200
5,6,4,4,1,,200
5,6,4,4,1,,200
5,6,4,4,1,,200
5,6,4,4,1,,200
5,6,4,4,1,,200
5,6,4,4,1,,200
5,6,4,4,1,,200
5,6,4,4,1,,200
5,6,4,4,1,,200
5,6,4,4,1,,200
5,6,4,4,1,,200
5,6,4,4,1,,200
5,6,4,4,1,,200
5,6,4,4,1,,200
5,6,4,4,1,,200
5,6,4,4,1,2,200
5,6,4,4,1,2,200
5,6,4,4,1,2,200
5,6,4,4,1,2,200
5,6,4,4,1,2,200
5,6,4,4,1,2,200
5,6,4,4,1,2,200
5,6,4,4,1,2,200
5,6,4,4,1,2,200
5,6,4,4,1,2,210
5,6,4,4,1,2,250
5,6,4,4,1,3,250
5,6,4,4,1,3,250
5,6,4,4,1,4,250
5,6,4,4,1,4,250
5,6,4,4,2,,260
5,6,4,4,2,,30
5,6,4,4,2,,30
5,6,4,4,2,1,30
5,6,4,4,2,1,300
5,6,4,4,2,1,300
5,6,4,4,2,1,300
5,6,4,4,2,1,300
5,6,4,4,2,1,300
5,6,4,4,2,1,300
5,6,4,4,2,4,300
5,6,4,4,3,4,300
5,6,4,4,4,,300
5,6,4,4,4,,300
5,6,4,4,4,,300
5,6,4,5,1,,300
5,6,4,5,1,,300
5,6,4,5,1,2,300
5,6,4,5,1,2,300
5,6,4,5,2,,300
5,6,4,5,2,,300
5,6,4,5,2,,300
5,6,4,5,5,,300
5,6,4,6,1,,330
5,6,5,3,1,,350
5,6,5,3,1,,350
5,6,5,3,1,2,350
5,6,5,3,1,2,350
5,6,5,3,1,2,400
5,6,5,3,1,4,400
5,6,5,3,1,4,400
5,6,5,3,1,4,400
5,6,5,3,4,,400
5,6,5,4,1,,400
5,6,5,4,1,,400
5,6,5,4,1,2,400
5,6,5,4,1,2,400
5,6,5,4,1,2,400
5,6,5,4,1,4,400
5,6,5,4,2,,400
5,6,5,4,4,,400
5,6,5,4,4,,400
5,6,5,5,1,2,420
5,6,5,5,1,2,460
5,6,5,5,1,2,480
5,6,5,5,1,2,50
5,6,5,5,1,2,50
5,6,5,5,1,2,50
5,6,5,5,1,2,50
5,6,5,5,1,2,50
5,6,5,5,1,2,50
5,6,5,5,1,2,50
5,6,5,5,1,2,500
5,6,5,5,1,2,500
5,6,5,5,1,3,500
5,6,5,5,1,3,500
5,6,5,5,1,3,500
5,6,5,5,1,3,500
5,6,5,5,2,1,500
5,6,5,5,2,3,500
5,6,5,5,4,,500
5,6,5,5,4,2,500
5,6,5,6,2,1,550
5,6,5,7,1,,600
5,6,5,7,2,1,600
5,6,6,4,1,,600
5,6,6,5,1,2,650
5,6,6,5,1,2,70
5,6,6,6,1,4,70
5,6,7,4,1,5,700
5,6,7,6,2,1,800
5,6,7,7,2,1,800
5,7,1,4,2,3,10
5,7,2,1,4,1,10
5,7,3,2,1,3,100
5,7,3,2,1,4,100
5,7,3,3,4,,100
5,7,3,3,4,,100
5,7,3,3,4,,100
5,7,3,4,1,,100
5,7,3,4,4,,100
5,7,3,4,4,,100
5,7,3,5,2,4,100
5,7,3,6,4,,100
5,7,4,1,1,2,100
5,7,4,2,1,,100
5,7,4,2,1,2,100
5,7,4,2,1,2,130
5,7,4,2,1,4,150
5,7,4,2,1,4,150
5,7,4,2,4,,150
5,7,4,2,4,,150
5,7,4,2,4,,150
5,7,4,3,1,,150
5,7,4,3,1,,180
5,7,4,3,1,,200
5,7,4,3,1,2,200
5,7,4,3,2,,200
5,7,4,3,2,1,200
5,7,4,3,4,,200
5,7,4,3,4,,200
5,7,4,3,4,,200
5,7,4,4,1,,200
5,7,4,4,1,,200
5,7,4,4,1,,200
5,7,4,4,1,2,200
5,7,4,4,1,2,200
5,7,4,4,1,2,2000
5,7,4,4,2,,220
5,7,4,4,2,,220
5,7,4,4,2,1,230
5,7,4,4,4,,230
5,7,4,4,4,,230
5,7,4,4,4,,230
5,7,4,4,4,,230
5,7,4,4,4,,230
5,7,4,4,4,1,250
5,7,4,4,4,2,250
5,7,4,4,5,,30
5,7,4,5,1,,300
5,7,4,5,1,2,300
5,7,4,5,1,2,300
5,7,4,5,2,4,300
5,7,4,5,4,,300
5,7,4,5,4,,300
5,7,4,6,1,2,300
5,7,4,6,2,,300
5,7,5,2,1,4,300
5,7,5,3,2,1,300
5,7,5,3,4,,300
5,7,5,4,1,,300
5,7,5,4,1,2,300
5,7,5,4,2,,300
5,7,5,4,2,,350
5,7,5,4,2,1,350
5,7,5,4,2,4,350
5,7,5,4,4,,400
5,7,5,4,4,,400
5,7,5,5,1,2,400
5,7,5,5,2,,400
5,7,5,5,2,,400
5,7,5,5,4,,50
5,7,5,5,4,,50
5,7,5,5,4,2,50
5,7,6,2,2,4,50
5,7,6,3,1,,500
5,7,6,3,1,2,650
5,7,6,4,4,,70
5,7,6,4,4,,70
5,7,6,6,2,,70
5,7,6,6,4,,80
5,8,1,1,1,,0
5,8,2,2,1,2,0
5,8,2,2,4,,0
5,8,2,3,1,,0
5,8,2,7,1,,10
5,8,3,2,1,,100
5,8,3,2,1,4,100
5,8,3,2,1,4,100
5,8,3,3,1,,100
5,8,3,3,1,,100
5,8,3,3,1,,100
5,8,3,3,1,,100
5,8,3,3,1,2,100
5,8,3,3,1,2,100
5,8,3,3,1,2,100
5,8,3,3,1,4,100
5,8,3,3,1,4,100
5,8,3,3,4,,100
5,8,3,3,4,1,100
5,8,3,3,4,1,100
5,8,3,3,5,,100
5,8,3,4,1,,100
5,8,3,4,1,2,120
5,8,3,4,1,2,120
5,8,3,5,2,,120
5,8,3,5,2,1,120
5,8,3,6,1,4,120
5,8,4,2,1,2,120
5,8,4,2,1,2,120
5,8,4,2,3,,120
5,8,4,2,4,,130
5,8,4,3,1,,130
5,8,4,3,1,,150
5,8,4,3,1,,150
5,8,4,3,1,,150
5,8,4,3,1,,150
5,8,4,3,1,,150
5,8,4,3,1,,150
5,8,4,3,1,,150
5,8,4,3,1,2,150
5,8,4,3,1,2,150
5,8,4,3,1,4,150
5,8,4,3,1,4,150
5,8,4,3,4,,150
5,8,4,3,4,,150
5,8,4,3,4,1,160
5,8,4,4,1,,160
5,8,4,4,1,,160
5,8,4,4,1,,160
5,8,4,4,1,,160
5,8,4,4,1,,170
5,8,4,4,1,,20
5,8,4,4,1,,200
5,8,4,4,1,,200
5,8,4,4,1,,200
5,8,4,4,1,,200
5,8,4,4,1,,200
5,8,4,4,1,,200
5,8,4,4,1,,200
5,8,4,4,1,,200
5,8,4,4,1,,200
5,8,4,4,1,2,200
5,8,4,4,1,2,200
5,8,4,4,1,2,200
5,8,4,4,1,2,200
5,8,4,4,1,2,200
5,8,4,4,1,2,200
5,8,4,4,1,2,200
5,8,4,4,1,2,200
5,8,4,4,1,2,200
5,8,4,4,1,4,200
5,8,4,4,1,4,200
5,8,4,4,1,4,250
5,8,4,4,2,,250
5,8,4,4,2,,250
5,8,4,4,4,,250
5,8,4,4,4,,250
5,8,4,4,4,,250
5,8,4,4,4,,300
5,8,4,4,4,,300
5,8,4,4,4,,300
5,8,4,4,4,,350
5,8,5,3,1,,40
5,8,5,3,1,,40
5,8,5,4,1,,400
5,8,5,4,1,,400
5,8,5,4,1,,400
5,8,5,4,1,,400
5,8,5,4,1,,45
5,8,5,4,1,,50
5,8,5,4,1,,50
5,8,5,4,1,2,50
5,8,5,4,1,2,50
5,8,5,4,1,4,50
5,8,5,4,1,4,50
5,8,5,4,4,,50
5,8,5,5,1,,50
5,8,5,5,1,,50
5,8,5,5,1,2,500
5,8,5,5,1,2,500
5,8,5,5,1,2,500
5,8,5,6,1,,60
5,8,6,4,1,,600
5,8,6,4,1,3,70
5,8,6,5,1,,70
5,8,6,6,1,4,70
5,8,6,6,2,1,70
5,8,6,6,4,,80
5,8,6,6,4,,80
5,8,7,7,2,3,80
5,9,2,2,1,2,0
5,9,2,2,1,4,0
5,9,2,2,1,4,0
5,9,2,2,4,,0
5,9,2,2,4,,10
5,9,3,2,1,4,100
5,9,3,4,2,1,100
5,9,4,2,2,1,100
5,9,4,2,2,1,100
5,9,4,2,2,1,100
5,9,4,2,4,,100
5,9,4,2,4,1,100
5,9,4,3,1,,100
5,9,4,3,1,4,100
5,9,4,3,1,4,150
5,9,4,3,1,4,150
5,9,4,3,1,4,150
5,9,4,3,2,,150
5,9,4,3,2,4,150
5,9,4,3,3,1,150
5,9,4,3,4,,150
5,9,4,3,4,1,180
5,9,4,4,1,,180
5,9,4,4,1,,180
5,9,4,4,1,,20
5,9,4,4,1,,200
5,9,4,4,1,2,200
5,9,4,4,1,3,200
5,9,4,4,2,,200
5,9,4,4,2,,30
5,9,4,4,2,4,30
5,9,4,4,3,1,300
5,9,4,4,4,,300
5,9,4,4,4,,300
5,9,4,5,2,,40
5,9,4,6,2,4,400
5,9,5,2,2,1,400
5,9,5,2,4,1,50
5,9,5,3,4,1,50
5,9,5,4,2,,50
5,9,5,4,4,,500
5,9,5,4,4,,500
5,9,6,4,1,,60
5,9,6,4,1,,80
6,1,3,6,1,2,150
6,1,4,4,1,2,150
6,1,4,4,1,2,200
6,1,4,4,1,2,250
6,1,4,4,1,2,30
6,1,4,4,1,2,300
6,1,4,5,2,1,300
6,1,5,4,1,2,400
6,1,5,4,1,2,400
6,1,5,5,1,2,50
6,1,6,6,1,2,700
6,10,2,2,4,,100
6,10,3,2,4,,100
6,10,3,3,4,,100
6,10,3,3,4,2,100
6,10,3,4,1,,150
6,10,3,4,4,,150
6,10,3,4,4,,150
6,10,4,3,1,,150
6,10,4,3,1,,150
6,10,4,3,1,,170
6,10,4,3,2,,170
6,10,4,3,4,,200
6,10,4,3,4,,200
6,10,4,3,4,,200
6,10,4,4,1,,200
6,10,4,4,1,4,220
6,10,4,4,1,4,280
6,10,4,4,4,,30
6,10,4,4,4,,300
6,10,4,4,4,,300
6,10,4,4,4,,50
6,10,4,4,4,1,50
6,10,4,4,4,1,50
6,10,4,6,4,,50
6,10,4,6,4,,50
6,10,4,6,4,,60
6,10,5,4,4,,60
6,10,6,6,1,,70
6,2,1,1,4,1,0
6,2,2,1,4,,0
6,2,2,2,4,,0
6,2,2,2,4,,0
6,2,2,3,4,,0
6,2,2,7,1,4,0
6,2,3,1,1,4,0
6,2,3,1,4,,0
6,2,3,2,1,4,10
6,2,3,2,1,4,10
6,2,3,2,1,4,100
6,2,3,2,4,1,100
6,2,3,3,1,,100
6,2,3,3,1,2,100
6,2,3,3,1,4,100
6,2,3,3,2,,100
6,2,3,3,2,1,100
6,2,3,3,3,2,100
6,2,3,3,4,,100
6,2,3,3,4,,100
6,2,3,3,4,,100
6,2,3,3,4,,100
6,2,3,3,4,3,100
6,2,3,4,1,4,100
6,2,3,4,2,1,100
6,2,3,5,1,4,100
6,2,4,1,4,,100
6,2,4,2,1,2,100
6,2,4,2,1,2,100
6,2,4,2,2,1,100
6,2,4,2,4,,100
6,2,4,2,4,,100
6,2,4,2,4,1,100
6,2,4,3,1,,100
6,2,4,3,1,,120
6,2,4,3,1,,120
6,2,4,3,1,,130
6,2,4,3,1,,135.6
6,2,4,3,1,2,150
6,2,4,3,1,2,150
6,2,4,3,1,4,150
6,2,4,3,1,4,150
6,2,4,3,2,1,150
6,2,4,3,2,3,150
6,2,4,3,2,4,150
6,2,4,3,2,5,150
6,2,4,3,4,,150
6,2,4,3,4,,150
6,2,4,3,4,,1500
6,2,4,4,1,,170
6,2,4,4,1,,170
6,2,4,4,1,,180
6,2,4,4,1,,190
6,2,4,4,1,,20
6,2,4,4,1,,200
6,2,4,4,1,,200
6,2,4,4,1,,200
6,2,4,4,1,2,200
6,2,4,4,1,2,200
6,2,4,4,1,2,200
6,2,4,4,1,2,200
6,2,4,4,1,2,200
6,2,4,4,1,2,200
6,2,4,4,1,2,200
6,2,4,4,1,2,200
6,2,4,4,1,3,200
6,2,4,4,1,4,200
6,2,4,4,1,4,200
6,2,4,4,1,4,200
6,2,4,4,1,4,200
6,2,4,4,1,4,200
6,2,4,4,2,,200
6,2,4,4,2,,200
6,2,4,4,2,,200
6,2,4,4,2,1,200
6,2,4,4,2,1,200
6,2,4,4,2,1,200
6,2,4,4,2,1,200
6,2,4,4,2,1,200
6,2,4,4,2,1,200
6,2,4,4,2,4,200
6,2,4,4,2,4,233.3
6,2,4,4,3,1,25
6,2,4,4,4,,250
6,2,4,4,4,,250
6,2,4,4,4,,250
6,2,4,4,4,,250
6,2,4,4,4,,250
6,2,4,4,4,,250
6,2,4,4,4,,250
6,2,4,4,4,,250
6,2,4,4,4,1,250
6,2,4,4,4,1,250
6,2,4,4,4,2,266.7
6,2,4,4,4,2,280
6,2,4,4,4,2,30
6,2,4,5,1,2,30
6,2,4,5,1,2,30
6,2,4,5,1,2,300
6,2,4,5,1,2,300
6,2,4,5,2,4,300
6,2,4,5,4,,300
6,2,4,6,1,4,300
6,2,4,6,1,4,300
6,2,4,6,2,1,300
6,2,5,2,1,,300
6,2,5,2,2,1,300
6,2,5,2,2,1,300
6,2,5,3,1,3,300
6,2,5,3,1,4,300
6,2,5,4,1,,300
6,2,5,4,1,,300
6,2,5,4,1,,300
6,2,5,4,1,,300
6,2,5,4,1,2,300
6,2,5,4,1,2,300
6,2,5,4,1,2,300
6,2,5,4,1,2,300
6,2,5,4,1,2,300
6,2,5,4,1,2,300
6,2,5,4,1,2,300
6,2,5,4,1,3,310
6,2,5,4,1,4,33
6,2,5,4,1,4,350
6,2,5,4,2,1,350
6,2,5,4,4,,380
6,2,5,4,4,,40
6,2,5,4,4,,40
6,2,5,5,1,,40
6,2,5,5,1,,40
6,2,5,5,1,2,40
6,2,5,5,1,2,400
6,2,5,5,1,2,400
6,2,5,5,1,2,42
6,2,5,5,1,2,50
6,2,5,5,1,2,50
6,2,5,5,1,2,50
6,2,5,5,1,2,50
6,2,5,5,1,2,50
6,2,5,5,1,4,50
6,2,5,5,1,4,50
6,2,5,5,1,4,50
6,2,5,5,2,,50
6,2,5,5,2,1,50
6,2,5,5,2,1,50
6,2,5,5,2,1,500
6,2,5,5,2,4,500
6,2,5,5,3,1,500
6,2,5,5,3,2,500
6,2,5,5,4,,500
6,2,5,5,4,,500
6,2,5,6,1,2,55
6,2,5,6,4,,60
6,2,5,7,1,,60
6,2,6,4,1,,60
6,2,6,4,1,,70
6,2,6,4,4,1,70
6,2,6,4,4,3,70
6,2,6,5,1,4,70
6,2,6,5,1,4,700
6,2,6,5,4,,80
6,2,6,6,1,2,80
6,2,6,6,1,2,80
6,2,6,6,1,4,800
6,2,6,6,1,5,90
6,2,6,7,1,3,90
6,2,6,7,1,4,90
6,2,7,7,3,,90
6,3,3,3,1,2,0
6,3,4,3,2,1,100
6,3,4,4,1,,100
6,3,4,4,1,,140
6,3,4,4,1,,150
6,3,4,4,2,,150
6,3,4,4,2,,200
6,3,4,4,2,1,200
6,3,4,4,4,,200
6,3,5,3,2,1,200
6,3,5,3,4,,50
6,3,5,5,1,3,500
6,4,3,2,4,,0
6,4,3,3,1,4,100
6,4,3,4,2,,100
6,4,4,2,1,,100
6,4,4,3,2,1,130
6,4,4,3,3,1,130
6,4,4,3,4,,140
6,4,4,4,1,,150
6,4,4,4,1,,150
6,4,4,4,1,,150
6,4,4,4,1,2,200
6,4,4,4,1,2,200
6,4,4,4,1,2,200
6,4,4,4,1,2,200
6,4,4,4,1,2,200
6,4,4,4,1,2,200
6,4,4,4,1,2,210
6,4,4,4,1,3,220
6,4,4,4,2,1,250
6,4,4,4,2,4,250
6,4,4,4,4,,250
6,4,4,5,1,2,250
6,4,4,5,3,2,250
6,4,4,6,1,,250
6,4,4,6,1,2,30
6,4,5,4,1,,300
6,4,5,4,1,2,300
6,4,5,4,4,,300
6,4,5,5,1,,300
6,4,5,5,1,,300
6,4,5,5,1,,300
6,4,5,5,1,,300
6,4,5,5,1,2,300
6,4,5,5,1,4,300
6,4,5,5,1,4,330
6,4,5,5,1,4,400
6,4,5,5,2,4,400
6,4,5,5,3,4,400
6,4,5,5,4,,400
6,4,5,6,1,2,400
6,4,5,6,1,3,450
6,4,6,4,2,1,500
6,4,6,6,1,2,500
6,5,4,3,1,,0
6,5,4,3,2,,10
6,5,4,3,2,1,100
6,5,4,4,2,,110
6,5,4,4,2,1,120
6,5,4,4,5,,180
6,5,5,3,1,,200
6,5,5,4,1,,250
6,5,5,5,4,,400
6,6,1,1,4,,0
6,6,2,2,4,,0
6,6,2,2,4,,100
6,6,2,3,2,1,150
6,6,3,3,1,,150
6,6,3,3,1,,150
6,6,3,3,1,2,150
6,6,3,3,2,1,150
6,6,3,4,4,,170
6,6,3,4,4,,200
6,6,3,5,2,4,200
6,6,3,6,4,,200
6,6,4,2,1,2,200
6,6,4,3,1,,200
6,6,4,3,1,2,200
6,6,4,3,2,,200
6,6,4,3,4,,200
6,6,4,4,1,,200
6,6,4,4,1,,200
6,6,4,4,1,2,210
6,6,4,4,1,2,250
6,6,4,4,1,2,250
6,6,4,4,1,2,300
6,6,4,4,1,3,300
6,6,4,4,4,1,300
6,6,4,4,4,1,300
6,6,4,5,1,2,350
6,6,4,5,2,,40
6,6,4,5,4,,400
6,6,5,3,2,3,400
6,6,5,4,1,,400
6,6,5,4,1,,400
6,6,5,4,1,2,400
6,6,5,4,1,2,50
6,6,5,5,1,,50
6,6,5,5,1,2,500
6,6,5,5,1,2,500
6,6,5,5,1,5,500
6,6,5,5,4,,650
6,6,6,5,1,,70
6,6,6,6,1,,75
6,6,6,6,1,2,800
6,7,3,3,1,,100
6,7,3,3,1,,100
6,7,3,4,2,1,100
6,7,3,5,1,2,100
6,7,3,5,1,4,120
6,7,4,2,4,,120
6,7,4,3,1,,200
6,7,4,3,1,,200
6,7,4,3,1,2,200
6,7,4,3,1,4,200
6,7,4,3,2,,220
6,7,4,3,2,,220
6,7,4,3,2,4,220
6,7,4,3,4,,230
6,7,4,3,4,,250
6,7,4,3,4,1,300
6,7,4,4,1,,330
6,7,4,4,1,,350
6,7,4,4,1,2,40
6,7,4,5,1,2,400
6,7,5,3,4,,450
6,7,5,4,1,2,500
6,7,5,4,1,2,60
6,7,5,4,1,2,700
6,7,5,4,2,1,80
6,8,2,2,4,,100
6,8,3,3,1,,100
6,8,3,3,1,,150
6,8,3,3,1,2,150
6,8,3,5,1,,150
6,8,4,2,1,,150
6,8,4,3,1,,150
6,8,4,3,1,2,150
6,8,4,3,4,,180
6,8,4,3,4,,190
6,8,4,4,1,,190
6,8,4,4,1,2,200
6,8,4,4,1,2,200
6,8,4,4,1,2,200
6,8,4,4,2,,200
6,8,4,4,2,1,200
6,8,4,4,2,1,200
6,8,4,4,2,1,200
6,8,4,5,1,2,200
6,8,5,3,1,2,250
6,8,5,4,1,,250
6,8,5,4,2,1,300
6,8,5,4,2,1,300
6,8,5,4,2,1,300
6,8,5,5,1,2,400
6,8,5,5,1,2,50
6,8,5,5,1,2,50
6,8,5,5,2,1,500
6,8,7,3,1,,90
6,9,3,2,1,,0
6,9,3,3,1,4,0
6,9,3,3,1,4,0
6,9,3,3,4,,0
6,9,3,3,4,,100
6,9,3,4,1,,100
6,9,4,2,1,2,100
6,9,4,3,4,,100
6,9,4,3,4,,100
6,9,4,3,4,,100
6,9,4,3,4,,180
6,9,4,4,3,2,180
6,9,4,4,4,,180
6,9,5,4,1,,200
6,9,5,5,1,3,200
6,9,5,5,1,4,300
6,9,5,5,2,,300
6,9,6,5,1,2,50
